dataset,algorithm,avg,max,min,recall,knn,n_queries,num_measure_runs,avg_all,max_all,min_all,ef_search,M,ef_construction,ivf_nprobe
sift-128-euclidean,ivf_faiss,133.01517637805262,160.42828559875488,101.97567939758301,0.9900059999998654,100,10000,1,132.9993641614914,160.42828559875488,101.0894775390625,0,0,0,512
sift-128-euclidean,ivf_faiss,68.87291104793549,91.76445007324219,48.87676239013672,0.9879999999998634,100,10000,1,68.87291104793549,91.76445007324219,48.87676239013672,0,0,0,256
sift-128-euclidean,ivf_faiss,60.71732888221741,82.41724967956543,42.649030685424805,0.986891999999865,100,10000,1,60.71732888221741,82.41724967956543,42.649030685424805,0,0,0,224
sift-128-euclidean,ivf_faiss,53.47724095384896,75.88481903076172,36.376237869262695,0.985053999999866,100,10000,1,53.48422467708588,77.32367515563965,36.376237869262695,0,0,0,192
sift-128-euclidean,ivf_faiss,44.233711457252504,63.43579292297363,30.398130416870117,0.9818879999998739,100,10000,1,44.233711457252504,63.43579292297363,30.398130416870117,0,0,0,160
sift-128-euclidean,ivf_faiss,40.090967130661014,58.14242362976074,27.37879753112793,0.9794919999998785,100,10000,1,40.090967130661014,58.14242362976074,27.37879753112793,0,0,0,144
sift-128-euclidean,ivf_faiss,35.920818475796736,52.70218849182129,24.183034896850586,0.9760889999998832,100,10000,1,35.92934412956238,53.681135177612305,24.183034896850586,0,0,0,128
sift-128-euclidean,ivf_faiss,31.70007769858812,46.88072204589844,20.99299430847168,0.9715179999998913,100,10000,1,31.720384335517885,47.70326614379883,20.99299430847168,0,0,0,112
sift-128-euclidean,ivf_faiss,27.49408565240568,41.074514389038086,18.090248107910156,0.9645579999998974,100,10000,1,27.528022813796998,42.528629302978516,18.090248107910156,0,0,0,96
sift-128-euclidean,ivf_faiss,23.231144220420717,34.918785095214844,15.062093734741211,0.9543349999999151,100,10000,1,23.27832944393158,36.89455986022949,15.062093734741211,0,0,0,80
sift-128-euclidean,ivf_faiss,18.940742518593453,28.695344924926758,12.227058410644531,0.9384019999999232,100,10000,1,19.0092750787735,30.92169761657715,12.227058410644531,0,0,0,64
sift-128-euclidean,ivf_faiss,16.755612364961955,25.471925735473633,10.627269744873047,0.9269769999999359,100,10000,1,16.860390305519104,28.45931053161621,10.627269744873047,0,0,0,56
sift-128-euclidean,ivf_faiss,14.565503874772253,22.229433059692383,9.169340133666992,0.9117449999999444,100,10000,1,14.703507041931152,24.529695510864258,9.169340133666992,0,0,0,48
sift-128-euclidean,ivf_faiss,12.35638751048936,18.97263526916504,7.876873016357422,0.8910709999999552,100,10000,1,12.53863034248352,21.231889724731445,7.876873016357422,0,0,0,40
sift-128-euclidean,ivf_faiss,10.13615092374099,15.650272369384766,6.585597991943359,0.8618749999999658,100,10000,1,10.354802870750428,18.068313598632812,6.585597991943359,0,0,0,32
sift-128-euclidean,ivf_faiss,9.0478903277781,13.988494873046875,5.891084671020508,0.8422359999999685,100,10000,1,9.26022140979767,16.44134521484375,5.891084671020508,0,0,0,28
sift-128-euclidean,ivf_faiss,8.482152338510009,13.105392456054688,5.528450012207031,0.8306799999999736,100,10000,1,8.706904172897339,15.604019165039062,5.528450012207031,0,0,0,26
sift-128-euclidean,ivf_faiss,7.931466661973469,12.259721755981445,5.231142044067383,0.8177409999999742,100,10000,1,8.155595970153808,14.892578125,5.231142044067383,0,0,0,24
sift-128-euclidean,ivf_faiss,7.376056289512839,11.359214782714844,4.863262176513672,0.8031169999999757,100,10000,1,7.604405927658081,13.958454132080078,4.863262176513672,0,0,0,22
sift-128-euclidean,ivf_faiss,6.828072363501542,10.481595993041992,4.504203796386719,0.7862749999999827,100,10000,1,7.044822335243225,12.996196746826172,4.504203796386719,0,0,0,20
sift-128-euclidean,ivf_faiss,6.279641503277994,9.613037109375,4.1446685791015625,0.7669229999999861,100,10000,1,6.490216445922852,13.765335083007812,4.1446685791015625,0,0,0,18
sift-128-euclidean,ivf_faiss,5.977143199520775,9.137868881225586,3.9360523223876953,0.7444609999999829,100,10000,1,6.183090472221375,11.911630630493164,3.9360523223876953,0,0,0,16
sift-128-euclidean,ivf_faiss,5.4655039900849065,8.323192596435547,3.589630126953125,0.7182099999999862,100,10000,1,5.662394547462464,11.021137237548828,3.589630126953125,0,0,0,14
sift-128-euclidean,ivf_faiss,4.657009173605535,6.991386413574219,3.1375885009765625,0.6871199999999872,100,10000,1,4.823689246177674,9.750604629516602,3.1375885009765625,0,0,0,12
sift-128-euclidean,ivf_faiss,4.106843987970843,6.0710906982421875,2.772092819213867,0.6482819999999919,100,10000,1,4.253793358802795,8.398294448852539,2.772092819213867,0,0,0,10
sift-128-euclidean,ivf_faiss,3.5580518027121477,5.149602890014648,2.499103546142578,0.600079999999996,100,10000,1,3.686123323440552,7.420778274536133,2.499103546142578,0,0,0,8
sift-128-euclidean,ivf_faiss,3.0170534847159978,4.244565963745117,2.1762847900390625,0.5365649999999927,100,10000,1,3.114557147026062,6.303310394287109,2.1762847900390625,0,0,0,6
sift-128-euclidean,ivf_faiss,2.468177594636616,3.304719924926758,1.8475055694580078,0.44796699999999656,100,10000,1,2.5384525299072265,5.132913589477539,1.8475055694580078,0,0,0,4
sift-128-euclidean,ivf_faiss,1.9174469797319162,2.3670196533203125,1.546621322631836,0.3081300000000006,100,10000,1,1.9554257154464723,5.3348541259765625,1.546621322631836,0,0,0,2
yi-128-ip,ivf_faiss,103.21341681705567,110.65864562988281,96.01426124572754,0.975130000000013,100,1000,1,103.45564723014832,116.62745475769043,90.87657928466797,0,0,0,512
yi-128-ip,ivf_faiss,46.135306962234516,55.2525520324707,38.72370719909668,0.9685500000000123,100,1000,1,46.26582670211792,57.32226371765137,38.72370719909668,0,0,0,256
yi-128-ip,ivf_faiss,39.73857305124477,48.500776290893555,32.99832344055176,0.9646900000000121,100,1000,1,39.82538390159607,49.99709129333496,32.99832344055176,0,0,0,224
yi-128-ip,ivf_faiss,33.481734654595776,41.58186912536621,28.188228607177734,0.9591100000000107,100,1000,1,33.555551528930664,43.694257736206055,28.188228607177734,0,0,0,192
yi-128-ip,ivf_faiss,27.457762100665352,34.83104705810547,22.870540618896484,0.947710000000009,100,1000,1,27.5126793384552,36.1328125,22.870540618896484,0,0,0,160
yi-128-ip,ivf_faiss,24.48122077786983,30.87139129638672,20.449399948120117,0.938670000000007,100,1000,1,24.585888624191284,33.13851356506348,20.449399948120117,0,0,0,144
yi-128-ip,ivf_faiss,21.61824715343642,27.252912521362305,17.859458923339844,0.9273300000000068,100,1000,1,21.72512674331665,29.1597843170166,17.859458923339844,0,0,0,128
yi-128-ip,ivf_faiss,18.821539440933538,23.668527603149414,14.830589294433594,0.9111000000000047,100,1000,1,18.93254590034485,25.432109832763672,14.830589294433594,0,0,0,112
yi-128-ip,ivf_faiss,15.968357741957691,19.839048385620117,12.275934219360352,0.8899100000000054,100,1000,1,16.177443742752075,21.695613861083984,12.275934219360352,0,0,0,96
yi-128-ip,ivf_faiss,13.254688648467368,16.57843589782715,10.042428970336914,0.8612100000000018,100,1000,1,13.486338376998901,18.39303970336914,10.042428970336914,0,0,0,80
yi-128-ip,ivf_faiss,10.608867800022201,13.628959655761719,7.835865020751953,0.8201100000000018,100,1000,1,10.786649465560913,15.110254287719727,7.835865020751953,0,0,0,64
yi-128-ip,ivf_faiss,9.357914698025413,12.35818862915039,6.881237030029297,0.7944600000000013,100,1000,1,9.467576503753662,13.505697250366211,6.881237030029297,0,0,0,56
yi-128-ip,ivf_faiss,8.085151493123165,10.981559753417969,5.597591400146484,0.7657500000000015,100,1000,1,8.154174089431763,12.374639511108398,5.597591400146484,0,0,0,48
yi-128-ip,ivf_faiss,6.779175875138264,9.461641311645508,4.51350212097168,0.7323500000000011,100,1000,1,6.840248107910156,10.545015335083008,4.51350212097168,0,0,0,40
yi-128-ip,ivf_faiss,5.468708191772585,7.846593856811523,3.6017894744873047,0.688170000000002,100,1000,1,5.5207085609436035,9.134531021118164,3.6017894744873047,0,0,0,32
yi-128-ip,ivf_faiss,4.813085283551898,7.036447525024414,3.111124038696289,0.6639500000000013,100,1000,1,4.866764545440674,8.428096771240234,3.111124038696289,0,0,0,28
yi-128-ip,ivf_faiss,4.477741776919756,6.502628326416016,2.9296875,0.649690000000001,100,1000,1,4.539630174636841,8.226871490478516,2.9296875,0,0,0,26
yi-128-ip,ivf_faiss,4.143370848435622,6.035327911376953,2.642393112182617,0.6346900000000013,100,1000,1,4.205937623977661,7.797479629516602,2.642393112182617,0,0,0,24
yi-128-ip,ivf_faiss,3.8257868987163395,5.655050277709961,2.491474151611328,0.6180900000000005,100,1000,1,3.8790173530578613,7.5626373291015625,2.491474151611328,0,0,0,22
yi-128-ip,ivf_faiss,3.5023718434371713,5.214691162109375,2.1767616271972656,0.6006700000000004,100,1000,1,3.546475410461426,6.687402725219727,2.1767616271972656,0,0,0,20
yi-128-ip,ivf_faiss,3.1718561741959586,4.751682281494141,1.8210411071777344,0.5816900000000003,100,1000,1,3.2184219360351562,6.248950958251953,1.8210411071777344,0,0,0,18
yi-128-ip,ivf_faiss,2.8465064480307154,4.321575164794922,1.7347335815429688,0.5623900000000008,100,1000,1,2.890300989151001,5.8689117431640625,1.7347335815429688,0,0,0,16
yi-128-ip,ivf_faiss,2.5183725015411844,3.8454532623291016,1.5454292297363281,0.5387900000000009,100,1000,1,2.559641122817993,5.479097366333008,1.5454292297363281,0,0,0,14
yi-128-ip,ivf_faiss,2.1973248654616095,3.4525394439697266,1.2912750244140625,0.5105200000000001,100,1000,1,2.2303719520568848,5.2700042724609375,1.2912750244140625,0,0,0,12
yi-128-ip,ivf_faiss,1.8767716326923,2.986431121826172,1.0077953338623047,0.4779099999999998,100,1000,1,1.9086596965789795,4.403114318847656,1.0077953338623047,0,0,0,10
yi-128-ip,ivf_faiss,1.5568747782658656,2.5031566619873047,0.8280277252197266,0.43363000000000007,100,1000,1,1.5794718265533447,3.4322738647460938,0.8280277252197266,0,0,0,8
yi-128-ip,ivf_faiss,1.2352173366854269,2.0339488983154297,0.6623268127441406,0.37939999999999974,100,1000,1,1.244490385055542,2.643585205078125,0.6623268127441406,0,0,0,6
yi-128-ip,ivf_faiss,0.9000460146414163,1.5625953674316406,0.4448890686035156,0.30307999999999996,100,1000,1,0.9070513248443604,1.7957687377929688,0.4448890686035156,0,0,0,4
yi-128-ip,ivf_faiss,0.5746451291170988,0.9958744049072266,0.3445148468017578,0.19215000000000015,100,1000,1,0.579277753829956,1.0974407196044922,0.3445148468017578,0,0,0,2
llama-128-ip,ivf_faiss,115.38159286561432,121.88887596130371,110.32724380493164,0.9644900000000136,100,1000,1,115.56258392333984,129.105806350708,110.32724380493164,0,0,0,512
llama-128-ip,ivf_faiss,53.04846140389022,58.45046043395996,48.30455780029297,0.9300200000000083,100,1000,1,53.13227105140686,62.44635581970215,48.30455780029297,0,0,0,256
llama-128-ip,ivf_faiss,45.877587395063614,50.811767578125,41.63336753845215,0.9161500000000066,100,1000,1,45.972721576690674,54.054975509643555,41.63336753845215,0,0,0,224
llama-128-ip,ivf_faiss,38.88637075066687,43.20549964904785,35.19940376281738,0.8985800000000057,100,1000,1,38.953503370285034,45.51529884338379,35.19940376281738,0,0,0,192
llama-128-ip,ivf_faiss,32.037767770919565,35.790443420410156,28.593063354492188,0.8730600000000038,100,1000,1,32.08779740333557,37.67585754394531,28.593063354492188,0,0,0,160
llama-128-ip,ivf_faiss,28.658689695614775,32.29522705078125,25.00605583190918,0.8567700000000026,100,1000,1,28.703523635864258,33.78582000732422,25.00605583190918,0,0,0,144
llama-128-ip,ivf_faiss,25.31669649385637,28.733015060424805,21.892309188842773,0.8373100000000013,100,1000,1,25.348196029663086,30.097007751464844,21.892309188842773,0,0,0,128
llama-128-ip,ivf_faiss,22.019360173287705,25.264501571655273,18.815279006958008,0.8138800000000023,100,1000,1,22.037813663482666,26.095867156982422,18.815279006958008,0,0,0,112
llama-128-ip,ivf_faiss,18.752286761789886,21.705150604248047,15.758514404296875,0.7844400000000018,100,1000,1,18.762399435043335,22.427797317504883,15.758514404296875,0,0,0,96
llama-128-ip,ivf_faiss,15.528325442675952,18.19133758544922,12.787818908691406,0.7490900000000013,100,1000,1,15.531206369400024,18.409252166748047,12.787818908691406,0,0,0,80
llama-128-ip,ivf_faiss,12.343648433685303,14.649152755737305,10.250329971313477,0.7038300000000012,100,1000,1,12.343648433685303,14.649152755737305,10.250329971313477,0,0,0,64
llama-128-ip,ivf_faiss,10.777013301849365,12.867450714111328,8.901834487915039,0.6770699999999993,100,1000,1,10.777013301849365,12.867450714111328,8.901834487915039,0,0,0,56
llama-128-ip,ivf_faiss,9.212302446365356,10.94675064086914,7.36546516418457,0.6450399999999983,100,1000,1,9.212302446365356,10.94675064086914,7.36546516418457,0,0,0,48
llama-128-ip,ivf_faiss,7.662385702133179,9.115219116210938,6.069660186767578,0.6070100000000008,100,1000,1,7.662385702133179,9.115219116210938,6.069660186767578,0,0,0,40
llama-128-ip,ivf_faiss,6.139788183722052,7.443666458129883,4.858255386352539,0.5581899999999993,100,1000,1,6.138399362564087,7.443666458129883,4.750967025756836,0,0,0,32
llama-128-ip,ivf_faiss,5.385144647345485,6.502628326416016,4.347801208496094,0.5290699999999996,100,1000,1,5.38532829284668,6.747245788574219,4.1790008544921875,0,0,0,28
llama-128-ip,ivf_faiss,5.01834234239584,6.021738052368164,3.994464874267578,0.51275,100,1000,1,5.019460201263428,6.233692169189453,3.80706787109375,0,0,0,26
llama-128-ip,ivf_faiss,4.654275099756252,5.606651306152344,3.711223602294922,0.4956799999999997,100,1000,1,4.658474683761597,5.805730819702148,3.5889148712158203,0,0,0,24
llama-128-ip,ivf_faiss,4.276638768284196,5.144357681274414,3.4215450286865234,0.47872000000000037,100,1000,1,4.276565790176392,5.223512649536133,3.232717514038086,0,0,0,22
llama-128-ip,ivf_faiss,3.911361578972109,4.693746566772461,3.1113624572753906,0.45956999999999987,100,1000,1,3.9164087772369385,4.833698272705078,2.954244613647461,0,0,0,20
llama-128-ip,ivf_faiss,3.550714836620012,4.26483154296875,2.8641223907470703,0.43925000000000064,100,1000,1,3.554685115814209,4.430532455444336,2.6760101318359375,0,0,0,18
llama-128-ip,ivf_faiss,3.192733640047773,3.8216114044189453,2.580881118774414,0.41644000000000087,100,1000,1,3.1948211193084717,4.010200500488281,2.4635791778564453,0,0,0,16
llama-128-ip,ivf_faiss,2.8332110389648193,3.410816192626953,2.277374267578125,0.3920899999999999,100,1000,1,2.8343517780303955,3.477334976196289,2.1467208862304688,0,0,0,14
llama-128-ip,ivf_faiss,2.4828222435964666,2.991199493408203,1.9958019256591797,0.3651600000000002,100,1000,1,2.4852001667022705,3.0968189239501953,1.9130706787109375,0,0,0,12
llama-128-ip,ivf_faiss,2.1245443605081418,2.5424957275390625,1.7178058624267578,0.3326200000000003,100,1000,1,2.125527858734131,2.657175064086914,1.6477108001708984,0,0,0,10
llama-128-ip,ivf_faiss,1.7697648788855327,2.104043960571289,1.4421939849853516,0.2967199999999999,100,1000,1,1.7730708122253418,2.2406578063964844,1.3649463653564453,0,0,0,8
llama-128-ip,ivf_faiss,1.4243676862346126,1.6632080078125,1.1713504791259766,0.2536200000000001,100,1000,1,1.4250013828277588,1.7757415771484375,1.0912418365478516,0,0,0,6
llama-128-ip,ivf_faiss,1.056866685466806,1.2197494506835938,0.8935928344726562,0.19792999999999994,100,1000,1,1.0612244606018066,1.4095306396484375,0.7319450378417969,0,0,0,4
llama-128-ip,ivf_faiss,0.7112413945824209,0.8566379547119141,0.5638599395751953,0.12667999999999993,100,1000,1,0.7131781578063965,1.7743110656738281,0.49996376037597656,0,0,0,2
glove-200-angular,ivf_faiss,184.68435891117628,223.26302528381348,147.4323272705078,0.8310209999999566,100,10000,1,185.80494554042815,260.36858558654785,147.4323272705078,0,0,0,512
glove-200-angular,ivf_faiss,95.67529547448252,123.27861785888672,71.37084007263184,0.7754889999999659,100,10000,1,96.94594299793243,157.67550468444824,71.37084007263184,0,0,0,256
glove-200-angular,ivf_faiss,84.05058844613156,109.12823677062988,61.68866157531738,0.7652929999999674,100,10000,1,85.28214430809021,131.36649131774902,61.68866157531738,0,0,0,224
glove-200-angular,ivf_faiss,73.09417534727245,96.18139266967773,53.3449649810791,0.7530499999999651,100,10000,1,74.23922195434571,116.65844917297363,53.3449649810791,0,0,0,192
glove-200-angular,ivf_faiss,62.00429161319397,82.72528648376465,44.29173469543457,0.7392379999999698,100,10000,1,63.059052681922914,98.6487865447998,44.29173469543457,0,0,0,160
glove-200-angular,ivf_faiss,56.41072293815855,75.82378387451172,39.527177810668945,0.7310289999999715,100,10000,1,57.42898421287536,92.03219413757324,39.527177810668945,0,0,0,144
glove-200-angular,ivf_faiss,50.82305043203441,68.78495216369629,35.77828407287598,0.721906999999972,100,10000,1,51.764723443984984,83.2514762878418,35.77828407287598,0,0,0,128
glove-200-angular,ivf_faiss,45.11008796099266,61.36441230773926,31.31699562072754,0.7114589999999766,100,10000,1,45.996624898910525,76.00259780883789,31.31699562072754,0,0,0,112
glove-200-angular,ivf_faiss,39.45950687763765,54.19206619262695,27.048349380493164,0.6992599999999777,100,10000,1,40.24365706443787,66.7731761932373,27.048349380493164,0,0,0,96
glove-200-angular,ivf_faiss,33.69584569040563,46.58937454223633,22.57084846496582,0.6846639999999781,100,10000,1,34.3856879234314,57.49797821044922,22.57084846496582,0,0,0,80
glove-200-angular,ivf_faiss,27.844864118227076,38.80500793457031,18.29671859741211,0.6664869999999805,100,10000,1,28.417585372924805,47.966718673706055,18.29671859741211,0,0,0,64
glove-200-angular,ivf_faiss,25.242899915457194,35.44950485229492,15.847921371459961,0.6549209999999797,100,10000,1,25.763546323776247,46.244144439697266,15.847921371459961,0,0,0,56
glove-200-angular,ivf_faiss,21.870827808920318,30.72643280029297,13.824462890625,0.641455999999981,100,10000,1,22.323786783218384,38.483381271362305,13.824462890625,0,0,0,48
glove-200-angular,ivf_faiss,18.832804978265585,26.574134826660156,11.810541152954102,0.6251599999999852,100,10000,1,19.211072874069213,33.739566802978516,11.810541152954102,0,0,0,40
glove-200-angular,ivf_faiss,15.737040857387464,22.365093231201172,9.627580642700195,0.6050119999999881,100,10000,1,16.041360712051393,28.061389923095703,9.627580642700195,0,0,0,32
glove-200-angular,ivf_faiss,14.180135519565274,20.215749740600586,8.73422622680664,0.5925769999999889,100,10000,1,14.44394872188568,24.873018264770508,8.73422622680664,0,0,0,28
glove-200-angular,ivf_faiss,13.375573806028036,19.032716751098633,8.079290390014648,0.5858109999999898,100,10000,1,13.624062108993531,24.1241455078125,8.079290390014648,0,0,0,26
glove-200-angular,ivf_faiss,12.57358748252264,17.91834831237793,7.696628570556641,0.5781799999999925,100,10000,1,12.80202658176422,21.912574768066406,7.696628570556641,0,0,0,24
glove-200-angular,ivf_faiss,11.753882365675551,16.760826110839844,7.016897201538086,0.5698059999999918,100,10000,1,11.960510301589967,20.814180374145508,7.016897201538086,0,0,0,22
glove-200-angular,ivf_faiss,10.97184630926247,15.708446502685547,6.484746932983398,0.5604029999999929,100,10000,1,11.150082468986511,19.254446029663086,6.484746932983398,0,0,0,20
glove-200-angular,ivf_faiss,10.171691020198866,14.536380767822266,5.958795547485352,0.5502339999999953,100,10000,1,10.33016529083252,17.827510833740234,5.874395370483398,0,0,0,18
glove-200-angular,ivf_faiss,9.362161925957166,13.313531875610352,5.473613739013672,0.538474999999997,100,10000,1,9.50215756893158,16.229867935180664,5.366802215576172,0,0,0,16
glove-200-angular,ivf_faiss,8.453799753273309,12.018680572509766,5.0945281982421875,0.5245309999999973,100,10000,1,8.57241108417511,14.739274978637695,4.823207855224609,0,0,0,14
glove-200-angular,ivf_faiss,7.677684557540537,10.88714599609375,4.625558853149414,0.5078619999999975,100,10000,1,7.777240443229675,13.292789459228516,4.459619522094727,0,0,0,12
glove-200-angular,ivf_faiss,6.826463810087571,9.583234786987305,4.176855087280273,0.4874119999999992,100,10000,1,6.914397263526917,11.979341506958008,4.045724868774414,0,0,0,10
glove-200-angular,ivf_faiss,5.9624206818377,8.300065994262695,3.6873817443847656,0.4614879999999994,100,10000,1,6.033909964561462,10.678529739379883,3.6873817443847656,0,0,0,8
glove-200-angular,ivf_faiss,5.097100434552195,7.016181945800781,3.3674240112304688,0.4281220000000012,100,10000,1,5.15289797782898,8.75234603881836,3.1692981719970703,0,0,0,6
glove-200-angular,ivf_faiss,4.15901667738107,5.556344985961914,2.846956253051758,0.3775220000000038,100,10000,1,4.196716976165772,7.982969284057617,2.846956253051758,0,0,0,4
glove-200-angular,ivf_faiss,3.198864972070559,4.035711288452148,2.4437904357910156,0.2886900000000028,100,10000,1,3.2210700035095217,6.141424179077148,2.4437904357910156,0,0,0,2
yandex-200-cosine,ivf_faiss,175.96837456027666,190.52362442016602,162.49871253967285,0.969670000000009,100,1000,1,176.7413890361786,207.29827880859375,162.49871253967285,0,0,0,512
yandex-200-cosine,ivf_faiss,88.66739248287654,97.91016578674316,80.77406883239746,0.943590000000007,100,1000,1,89.14097499847412,107.80763626098633,80.77406883239746,0,0,0,256
yandex-200-cosine,ivf_faiss,77.79491368171091,86.14635467529297,70.47200202941895,0.9356900000000068,100,1000,1,78.20937418937683,95.35455703735352,70.47200202941895,0,0,0,224
yandex-200-cosine,ivf_faiss,67.03799699585338,74.78833198547363,59.77892875671387,0.9265400000000067,100,1000,1,67.34123921394348,82.50069618225098,59.77892875671387,0,0,0,192
yandex-200-cosine,ivf_faiss,56.19481021975294,63.03811073303223,49.68070983886719,0.9128000000000058,100,1000,1,56.467576026916504,71.46430015563965,49.68070983886719,0,0,0,160
yandex-200-cosine,ivf_faiss,50.79382903291365,57.23214149475098,45.07946968078613,0.9061000000000053,100,1000,1,51.04783296585083,65.5202865600586,45.07946968078613,0,0,0,144
yandex-200-cosine,ivf_faiss,45.374398864997524,51.12910270690918,39.88170623779297,0.8964600000000057,100,1000,1,45.61367654800415,59.549570083618164,39.88170623779297,0,0,0,128
yandex-200-cosine,ivf_faiss,40.02551543406951,45.42875289916992,34.77740287780762,0.8856600000000062,100,1000,1,40.22106909751892,53.900718688964844,34.77740287780762,0,0,0,112
yandex-200-cosine,ivf_faiss,34.58816297007734,39.3986701965332,30.18975257873535,0.8720000000000059,100,1000,1,34.7628972530365,48.247575759887695,29.783010482788086,0,0,0,96
yandex-200-cosine,ivf_faiss,29.16934828699371,33.182621002197266,25.264501571655273,0.8542800000000035,100,1000,1,29.30813217163086,41.16964340209961,24.869203567504883,0,0,0,80
yandex-200-cosine,ivf_faiss,23.763432483042568,27.136564254760742,20.56264877319336,0.8304400000000033,100,1000,1,23.887237310409546,32.317161560058594,19.992828369140625,0,0,0,64
yandex-200-cosine,ivf_faiss,21.07225749336305,24.250507354736328,18.04184913635254,0.8157500000000029,100,1000,1,21.155475854873657,29.70147132873535,17.6846981048584,0,0,0,56
yandex-200-cosine,ivf_faiss,18.369969820755273,21.084308624267578,15.67983627319336,0.7958100000000026,100,1000,1,18.45965051651001,26.146411895751953,15.019893646240234,0,0,0,48
yandex-200-cosine,ivf_faiss,15.658707623624164,18.020153045654297,13.380765914916992,0.771650000000002,100,1000,1,15.723999261856079,21.585464477539062,12.564420700073242,0,0,0,40
yandex-200-cosine,ivf_faiss,12.949215984442901,14.903783798217773,11.071205139160156,0.7400000000000025,100,1000,1,13.008834600448608,17.108917236328125,10.572433471679688,0,0,0,32
yandex-200-cosine,ivf_faiss,11.568309362060926,13.329029083251953,9.925127029418945,0.7206300000000008,100,1000,1,11.622772455215454,14.891624450683594,9.235382080078125,0,0,0,28
yandex-200-cosine,ivf_faiss,10.913950631923022,12.602806091308594,9.281158447265625,0.710950000000001,100,1000,1,10.969768524169922,14.139175415039062,8.913755416870117,0,0,0,26
yandex-200-cosine,ivf_faiss,10.218308806050304,11.887311935424805,8.605718612670898,0.6982300000000007,100,1000,1,10.265262126922607,13.157367706298828,8.275747299194336,0,0,0,24
yandex-200-cosine,ivf_faiss,9.541096702079654,11.11149787902832,8.031129837036133,0.6849900000000011,100,1000,1,9.579283714294434,12.157201766967773,7.832050323486328,0,0,0,22
yandex-200-cosine,ivf_faiss,8.89063225934134,10.291337966918945,7.484197616577148,0.6707600000000008,100,1000,1,8.923650026321411,13.459205627441406,7.2650909423828125,0,0,0,20
yandex-200-cosine,ivf_faiss,8.194993134016357,9.540319442749023,6.894111633300781,0.655460000000001,100,1000,1,8.222786664962769,10.35928726196289,6.657123565673828,0,0,0,18
yandex-200-cosine,ivf_faiss,7.5041234738542215,8.776187896728516,6.272792816162109,0.638320000000001,100,1000,1,7.53793740272522,9.717464447021484,6.10661506652832,0,0,0,16
yandex-200-cosine,ivf_faiss,6.836733372091389,7.998943328857422,5.694866180419922,0.6166500000000008,100,1000,1,6.871778249740601,8.97216796875,5.624055862426758,0,0,0,14
yandex-200-cosine,ivf_faiss,6.1620318583953075,7.198572158813477,5.120038986206055,0.5937400000000002,100,1000,1,6.193603038787842,8.661270141601562,5.106449127197266,0,0,0,12
yandex-200-cosine,ivf_faiss,5.466767545861779,6.404638290405273,4.538536071777344,0.5631500000000008,100,1000,1,5.490849494934082,7.269620895385742,4.538536071777344,0,0,0,10
yandex-200-cosine,ivf_faiss,4.799399259376914,5.65028190612793,3.979921340942383,0.5226100000000001,100,1000,1,4.817949295043945,6.006717681884766,3.979921340942383,0,0,0,8
yandex-200-cosine,ivf_faiss,4.104743885800121,4.855871200561523,3.4122467041015625,0.47349999999999953,100,1000,1,4.119338750839233,5.285501480102539,3.4122467041015625,0,0,0,6
yandex-200-cosine,ivf_faiss,3.420684301308569,3.986835479736328,2.9249191284179688,0.40281000000000017,100,1000,1,3.4320034980773926,4.572629928588867,2.9249191284179688,0,0,0,4
yandex-200-cosine,ivf_faiss,2.729419576642933,3.092527389526367,2.379894256591797,0.2924500000000002,100,1000,1,2.743689775466919,3.92913818359375,2.379894256591797,0,0,0,2
yahoo-minilm-384-normalized,ivf_faiss,301.0267938749721,321.40278816223145,281.3856601715088,0.9888700000000054,100,1000,1,301.0990197658539,325.1678943634033,281.3856601715088,0,0,0,512
yahoo-minilm-384-normalized,ivf_faiss,153.02731830593098,169.07095909118652,139.38093185424805,0.9784600000000067,100,1000,1,153.08195543289185,171.32115364074707,139.38093185424805,0,0,0,256
yahoo-minilm-384-normalized,ivf_faiss,134.69850670945297,150.32315254211426,120.08833885192871,0.9757700000000064,100,1000,1,134.7146282196045,150.8200168609619,120.08833885192871,0,0,0,224
yahoo-minilm-384-normalized,ivf_faiss,116.23878712887998,129.64344024658203,104.19225692749023,0.9721100000000056,100,1000,1,116.25594472885132,133.39638710021973,104.19225692749023,0,0,0,192
yahoo-minilm-384-normalized,ivf_faiss,103.35099876105964,117.44856834411621,88.7751579284668,0.9669500000000059,100,1000,1,103.33477210998535,117.44856834411621,87.12434768676758,0,0,0,160
yahoo-minilm-384-normalized,ivf_faiss,89.65282311052114,104.7811508178711,77.44240760803223,0.9638400000000059,100,1000,1,89.70312833786011,108.1686019897461,77.44240760803223,0,0,0,144
yahoo-minilm-384-normalized,ivf_faiss,79.2425616725429,90.8212661743164,68.52531433105469,0.9604300000000062,100,1000,1,79.2543535232544,91.0344123840332,68.52531433105469,0,0,0,128
yahoo-minilm-384-normalized,ivf_faiss,69.92618322372437,80.66344261169434,60.164451599121094,0.9557700000000062,100,1000,1,69.92618322372437,80.66344261169434,60.164451599121094,0,0,0,112
yahoo-minilm-384-normalized,ivf_faiss,60.5840542175629,69.7782039642334,52.01363563537598,0.9497100000000056,100,1000,1,60.595362424850464,71.89226150512695,52.01363563537598,0,0,0,96
yahoo-minilm-384-normalized,ivf_faiss,51.17018182237108,59.26203727722168,43.174028396606445,0.941890000000006,100,1000,1,51.18083214759827,61.82050704956055,43.174028396606445,0,0,0,80
yahoo-minilm-384-normalized,ivf_faiss,41.83161986602081,49.558401107788086,35.5377197265625,0.930840000000005,100,1000,1,41.84018611907959,50.39787292480469,35.5377197265625,0,0,0,64
yahoo-minilm-384-normalized,ivf_faiss,37.06180189319985,43.730974197387695,31.075477600097656,0.9231900000000047,100,1000,1,37.076616287231445,44.49796676635742,31.075477600097656,0,0,0,56
yahoo-minilm-384-normalized,ivf_faiss,32.33154185183413,39.01314735412598,26.905059814453125,0.912640000000004,100,1000,1,32.33924722671509,40.036916732788086,26.905059814453125,0,0,0,48
yahoo-minilm-384-normalized,ivf_faiss,27.565089073983042,33.46061706542969,22.748708724975586,0.9006700000000036,100,1000,1,27.571154356002808,33.63037109375,22.748708724975586,0,0,0,40
yahoo-minilm-384-normalized,ivf_faiss,22.77195453643799,27.70256996154785,17.98701286315918,0.8820900000000036,100,1000,1,22.782795667648315,28.27763557434082,17.98701286315918,0,0,0,32
yahoo-minilm-384-normalized,ivf_faiss,20.361019113477518,24.90377426147461,15.72418212890625,0.8705000000000026,100,1000,1,20.376400232315063,25.618553161621094,15.72418212890625,0,0,0,28
yahoo-minilm-384-normalized,ivf_faiss,19.177169416418028,23.601293563842773,15.288829803466797,0.8629800000000037,100,1000,1,19.19224977493286,24.235248565673828,14.467000961303711,0,0,0,26
yahoo-minilm-384-normalized,ivf_faiss,17.97400205489622,22.04751968383789,14.47153091430664,0.8554500000000037,100,1000,1,17.982364654541016,22.37415313720703,13.447761535644531,0,0,0,24
yahoo-minilm-384-normalized,ivf_faiss,16.76760336201272,20.670175552368164,12.753009796142578,0.8456700000000027,100,1000,1,16.77596116065979,21.05569839477539,12.753009796142578,0,0,0,22
yahoo-minilm-384-normalized,ivf_faiss,15.538847169770241,18.996238708496094,12.473106384277344,0.835130000000003,100,1000,1,15.565781116485596,19.776344299316406,11.7645263671875,0,0,0,20
yahoo-minilm-384-normalized,ivf_faiss,14.339047574227855,17.64845848083496,11.324167251586914,0.8242700000000032,100,1000,1,14.362101316452026,18.578529357910156,10.702371597290039,0,0,0,18
yahoo-minilm-384-normalized,ivf_faiss,13.109600989055922,16.065120697021484,10.47658920288086,0.8099800000000028,100,1000,1,13.128256797790527,17.08197593688965,9.81450080871582,0,0,0,16
yahoo-minilm-384-normalized,ivf_faiss,11.879037990261185,14.599800109863281,9.200096130371094,0.793440000000002,100,1000,1,11.911442995071411,15.696048736572266,8.959770202636719,0,0,0,14
yahoo-minilm-384-normalized,ivf_faiss,10.650729506273724,13.180971145629883,8.15582275390625,0.7731500000000018,100,1000,1,10.683051109313965,13.985157012939453,8.15582275390625,0,0,0,12
yahoo-minilm-384-normalized,ivf_faiss,9.430981455361348,11.677980422973633,7.200002670288086,0.7476300000000007,100,1000,1,9.46526312828064,12.792587280273438,7.200002670288086,0,0,0,10
yahoo-minilm-384-normalized,ivf_faiss,8.186080282734286,10.202884674072266,6.433963775634766,0.71496,100,1000,1,8.204368352890015,10.989665985107422,6.433963775634766,0,0,0,8
yahoo-minilm-384-normalized,ivf_faiss,6.948409541960685,8.649826049804688,5.387306213378906,0.6695,100,1000,1,6.9645678997039795,9.253740310668945,5.387306213378906,0,0,0,6
yahoo-minilm-384-normalized,ivf_faiss,5.677239565267091,6.923437118530273,4.537105560302734,0.5975600000000005,100,1000,1,5.690276145935059,7.315158843994141,4.537105560302734,0,0,0,4
yahoo-minilm-384-normalized,ivf_faiss,4.394729689853947,5.249500274658203,3.66973876953125,0.4615999999999996,100,1000,1,4.410395622253418,5.591154098510742,3.66973876953125,0,0,0,2
msong-420,ivf_faiss,529.9796849429248,641.6797637939453,353.2102108001709,0.98401000000001,100,1000,1,528.628942489624,641.6797637939453,269.1638469696045,0,0,0,512
msong-420,ivf_faiss,275.5905116170916,354.5420169830322,172.52397537231445,0.9835800000000101,100,1000,1,274.2343473434448,354.5420169830322,122.91622161865234,0,0,0,256
msong-420,ivf_faiss,242.56765144039886,320.2710151672363,147.30525016784668,0.9833400000000104,100,1000,1,241.43721222877502,320.2710151672363,104.62331771850586,0,0,0,224
msong-420,ivf_faiss,215.52940358066655,293.55454444885254,125.90909004211426,0.9829800000000105,100,1000,1,214.56205558776855,293.55454444885254,93.61791610717773,0,0,0,192
msong-420,ivf_faiss,175.63836581771957,234.7714900970459,98.31738471984863,0.9822500000000107,100,1000,1,174.84470438957214,234.7714900970459,72.09992408752441,0,0,0,160
msong-420,ivf_faiss,158.66517515913134,213.68122100830078,85.71457862854004,0.9817200000000105,100,1000,1,158.00615549087524,213.68122100830078,64.38279151916504,0,0,0,144
msong-420,ivf_faiss,141.7376615729817,191.11371040344238,73.03619384765625,0.9809300000000104,100,1000,1,141.2080156803131,191.11371040344238,58.4721565246582,0,0,0,128
msong-420,ivf_faiss,124.69819134149992,170.72820663452148,62.021732330322266,0.9796700000000104,100,1000,1,124.28938913345337,170.72820663452148,50.637245178222656,0,0,0,112
msong-420,ivf_faiss,107.61091244747361,150.04801750183105,51.01490020751953,0.9779600000000105,100,1000,1,107.36608457565308,150.04801750183105,43.23458671569824,0,0,0,96
msong-420,ivf_faiss,90.57060000650144,129.11581993103027,40.21406173706055,0.9749200000000109,100,1000,1,90.41189336776733,129.11581993103027,35.649776458740234,0,0,0,80
msong-420,ivf_faiss,73.22253203392029,106.05859756469727,29.367685317993164,0.9695600000000095,100,1000,1,73.22253203392029,106.05859756469727,29.367685317993164,0,0,0,64
msong-420,ivf_faiss,64.64279985427856,94.38061714172363,24.880170822143555,0.9655500000000091,100,1000,1,64.64279985427856,94.38061714172363,24.880170822143555,0,0,0,56
msong-420,ivf_faiss,56.02492642402649,81.44617080688477,21.828413009643555,0.9597600000000086,100,1000,1,56.02492642402649,81.44617080688477,21.828413009643555,0,0,0,48
msong-420,ivf_faiss,47.44893455505371,70.52230834960938,19.089221954345703,0.9499300000000084,100,1000,1,47.44893455505371,70.52230834960938,19.089221954345703,0,0,0,40
msong-420,ivf_faiss,38.82472848892212,58.67767333984375,15.67387580871582,0.9348000000000074,100,1000,1,38.82472848892212,58.67767333984375,15.67387580871582,0,0,0,32
msong-420,ivf_faiss,34.5424439907074,52.922725677490234,14.140129089355469,0.9238300000000059,100,1000,1,34.5424439907074,52.922725677490234,14.140129089355469,0,0,0,28
msong-420,ivf_faiss,32.37133240699768,48.87580871582031,13.438224792480469,0.9171500000000045,100,1000,1,32.37133240699768,48.87580871582031,13.438224792480469,0,0,0,26
msong-420,ivf_faiss,30.19100856781006,45.799970626831055,12.886524200439453,0.9089000000000039,100,1000,1,30.19100856781006,45.799970626831055,12.886524200439453,0,0,0,24
msong-420,ivf_faiss,28.069950342178345,43.10202598571777,12.102365493774414,0.8995900000000048,100,1000,1,28.069950342178345,43.10202598571777,12.102365493774414,0,0,0,22
msong-420,ivf_faiss,25.889389276504517,40.85278511047363,11.251449584960938,0.8885500000000031,100,1000,1,25.889389276504517,40.85278511047363,11.251449584960938,0,0,0,20
msong-420,ivf_faiss,23.747910976409912,37.34731674194336,10.441780090332031,0.8745300000000039,100,1000,1,23.747910976409912,37.34731674194336,10.441780090332031,0,0,0,18
msong-420,ivf_faiss,21.522265195846558,35.27069091796875,9.417295455932617,0.8574000000000037,100,1000,1,21.522265195846558,35.27069091796875,9.417295455932617,0,0,0,16
msong-420,ivf_faiss,19.31929087638855,30.54046630859375,8.326292037963867,0.8360200000000018,100,1000,1,19.31929087638855,30.54046630859375,8.326292037963867,0,0,0,14
msong-420,ivf_faiss,17.109111785888672,28.560876846313477,7.820606231689453,0.8094199999999998,100,1000,1,17.109111785888672,28.560876846313477,7.820606231689453,0,0,0,12
msong-420,ivf_faiss,14.954350709915161,24.723529815673828,6.999969482421875,0.7737400000000023,100,1000,1,14.954350709915161,24.723529815673828,6.999969482421875,0,0,0,10
msong-420,ivf_faiss,12.727022410156495,20.730257034301758,6.277322769165039,0.7251800000000007,100,1000,1,12.752994060516357,22.021055221557617,6.277322769165039,0,0,0,8
msong-420,ivf_faiss,10.519026036009029,16.652584075927734,5.184650421142578,0.6586599999999994,100,1000,1,10.538458585739136,17.287731170654297,5.184650421142578,0,0,0,6
msong-420,ivf_faiss,8.297508544767433,12.572526931762695,4.754543304443359,0.5530700000000006,100,1000,1,8.353724718093872,13.511419296264648,4.754543304443359,0,0,0,4
msong-420,ivf_faiss,6.127359170402627,8.42595100402832,4.432201385498047,0.376639999999999,100,1000,1,6.155867576599121,9.229183197021484,4.432201385498047,0,0,0,2
imagenet-clip-512-normalized,ivf_faiss,556.7584998607635,646.9769477844238,474.1847515106201,0.9944500000000038,100,1000,1,556.7584998607635,646.9769477844238,474.1847515106201,0,0,0,512
imagenet-clip-512-normalized,ivf_faiss,283.9526791572571,346.7552661895752,228.1179428100586,0.993630000000004,100,1000,1,283.9526791572571,346.7552661895752,228.1179428100586,0,0,0,256
imagenet-clip-512-normalized,ivf_faiss,249.71488165855408,309.2324733734131,200.0720500946045,0.9931900000000039,100,1000,1,249.71488165855408,309.2324733734131,200.0720500946045,0,0,0,224
imagenet-clip-512-normalized,ivf_faiss,215.23262716986395,266.3154602050781,172.86276817321777,0.9927100000000042,100,1000,1,215.28926491737366,271.87037467956543,172.86276817321777,0,0,0,192
imagenet-clip-512-normalized,ivf_faiss,180.85478566907668,224.7750759124756,142.49897003173828,0.9917500000000045,100,1000,1,180.90701913833618,233.08825492858887,142.49897003173828,0,0,0,160
imagenet-clip-512-normalized,ivf_faiss,163.52413008520912,204.87451553344727,128.15093994140625,0.9911900000000045,100,1000,1,163.57605695724487,215.45100212097168,128.15093994140625,0,0,0,144
imagenet-clip-512-normalized,ivf_faiss,145.99977916395162,181.75506591796875,112.86187171936035,0.9903600000000047,100,1000,1,146.24948048591614,196.66504859924316,112.86187171936035,0,0,0,128
imagenet-clip-512-normalized,ivf_faiss,128.7763164179734,162.8282070159912,99.12443161010742,0.988970000000005,100,1000,1,128.89277243614197,171.39649391174316,99.12443161010742,0,0,0,112
imagenet-clip-512-normalized,ivf_faiss,111.43105869427129,142.03405380249023,84.54060554504395,0.9872300000000049,100,1000,1,111.53644490242004,149.7795581817627,84.54060554504395,0,0,0,96
imagenet-clip-512-normalized,ivf_faiss,94.32713557389698,120.90897560119629,71.23589515686035,0.984470000000005,100,1000,1,94.41132354736328,123.05665016174316,71.23589515686035,0,0,0,80
imagenet-clip-512-normalized,ivf_faiss,76.94097687780737,99.17521476745605,57.26909637451172,0.9801600000000051,100,1000,1,77.08366990089417,103.81913185119629,57.26909637451172,0,0,0,64
imagenet-clip-512-normalized,ivf_faiss,67.88868499932929,87.79096603393555,50.506591796875,0.9768900000000053,100,1000,1,68.08142042160034,93.25218200683594,50.506591796875,0,0,0,56
imagenet-clip-512-normalized,ivf_faiss,59.08744989799028,76.42364501953125,42.345523834228516,0.972490000000005,100,1000,1,59.33315873146057,82.86499977111816,42.345523834228516,0,0,0,48
imagenet-clip-512-normalized,ivf_faiss,50.40528813028723,65.38224220275879,36.426544189453125,0.9664000000000047,100,1000,1,50.67014455795288,69.35572624206543,36.426544189453125,0,0,0,40
imagenet-clip-512-normalized,ivf_faiss,41.61337634717531,53.95841598510742,29.458284378051758,0.9571200000000043,100,1000,1,41.88284087181091,57.8465461730957,29.458284378051758,0,0,0,32
imagenet-clip-512-normalized,ivf_faiss,37.16251302937992,48.04587364196777,26.54576301574707,0.9504800000000048,100,1000,1,37.47000217437744,52.63257026672363,26.54576301574707,0,0,0,28
imagenet-clip-512-normalized,ivf_faiss,34.90068515141805,45.266151428222656,25.272130966186523,0.946530000000004,100,1000,1,35.24156308174133,49.8051643371582,25.272130966186523,0,0,0,26
imagenet-clip-512-normalized,ivf_faiss,32.75183645461208,42.79470443725586,23.52118492126465,0.9424400000000043,100,1000,1,33.031980752944946,47.553300857543945,23.52118492126465,0,0,0,24
imagenet-clip-512-normalized,ivf_faiss,30.504044927196738,39.64567184448242,22.0944881439209,0.9364200000000038,100,1000,1,30.814918994903564,45.02415657043457,22.0944881439209,0,0,0,22
imagenet-clip-512-normalized,ivf_faiss,28.2917125831549,36.87262535095215,20.359516143798828,0.9304800000000042,100,1000,1,28.59668278694153,42.18912124633789,20.359516143798828,0,0,0,20
imagenet-clip-512-normalized,ivf_faiss,26.141856293209262,34.317970275878906,18.816232681274414,0.9230300000000033,100,1000,1,26.38476276397705,39.55197334289551,18.816232681274414,0,0,0,18
imagenet-clip-512-normalized,ivf_faiss,23.915492477650783,31.628847122192383,16.456127166748047,0.9135400000000033,100,1000,1,24.118022441864014,36.0870361328125,16.456127166748047,0,0,0,16
imagenet-clip-512-normalized,ivf_faiss,21.67984539148759,28.716564178466797,15.212535858154297,0.9023600000000042,100,1000,1,21.855218410491943,33.29944610595703,15.212535858154297,0,0,0,14
imagenet-clip-512-normalized,ivf_faiss,19.426399622208034,25.43950080871582,13.37885856628418,0.8867300000000039,100,1000,1,19.61779260635376,29.75773811340332,13.37885856628418,0,0,0,12
imagenet-clip-512-normalized,ivf_faiss,17.191433687375685,22.805213928222656,11.795997619628906,0.8676300000000037,100,1000,1,17.336540937423706,26.057720184326172,11.795997619628906,0,0,0,10
imagenet-clip-512-normalized,ivf_faiss,14.94055042714946,19.906282424926758,10.397195816040039,0.8420700000000022,100,1000,1,15.069485187530518,22.178173065185547,10.397195816040039,0,0,0,8
imagenet-clip-512-normalized,ivf_faiss,12.663788265652126,16.643524169921875,8.737802505493164,0.8035800000000025,100,1000,1,12.759772300720215,19.543170928955078,8.737802505493164,0,0,0,6
imagenet-clip-512-normalized,ivf_faiss,10.388150720149582,13.49020004272461,7.583141326904297,0.7365600000000037,100,1000,1,10.462406635284424,15.725135803222656,7.583141326904297,0,0,0,4
imagenet-clip-512-normalized,ivf_faiss,8.011556205827205,10.022401809692383,6.332159042358398,0.5915300000000002,100,1000,1,8.059103965759277,12.018442153930664,6.332159042358398,0,0,0,2
laion-clip-512-normalized,ivf_faiss,391.9227449139159,413.44547271728516,370.6071376800537,0.6743800000000005,100,1000,1,392.0402503013611,417.4981117248535,370.6071376800537,0,0,0,512
laion-clip-512-normalized,ivf_faiss,184.30330652383066,198.71783256530762,170.84455490112305,0.46189999999999926,100,1000,1,184.44636297225952,210.65068244934082,170.84455490112305,0,0,0,256
laion-clip-512-normalized,ivf_faiss,159.57835068809092,172.8811264038086,148.94962310791016,0.42485999999999924,100,1000,1,159.78813648223877,178.45678329467773,148.94962310791016,0,0,0,224
laion-clip-512-normalized,ivf_faiss,135.48711261363945,148.1325626373291,124.9685287475586,0.3857199999999993,100,1000,1,135.63840198516846,154.42681312561035,124.9685287475586,0,0,0,192
laion-clip-512-normalized,ivf_faiss,111.63278836284192,122.13730812072754,101.79567337036133,0.3419899999999995,100,1000,1,111.82833504676819,128.0045509338379,101.79567337036133,0,0,0,160
laion-clip-512-normalized,ivf_faiss,99.97139862052809,110.30149459838867,91.06683731079102,0.3196199999999997,100,1000,1,100.13754987716675,114.34197425842285,91.06683731079102,0,0,0,144
laion-clip-512-normalized,ivf_faiss,88.58534672538642,98.32477569580078,80.00063896179199,0.29201000000000005,100,1000,1,88.7514135837555,102.81920433044434,80.00063896179199,0,0,0,128
laion-clip-512-normalized,ivf_faiss,81.68879724349277,90.9585952758789,72.28517532348633,0.2660299999999999,100,1000,1,81.84428024291992,97.5651741027832,71.67220115661621,0,0,0,112
laion-clip-512-normalized,ivf_faiss,65.63320004843115,73.24528694152832,59.30304527282715,0.23920000000000005,100,1000,1,65.77895259857178,77.45981216430664,59.30304527282715,0,0,0,96
laion-clip-512-normalized,ivf_faiss,54.45530989231207,60.884714126586914,48.887014389038086,0.20262000000000022,100,1000,1,54.656200647354126,66.25223159790039,48.887014389038086,0,0,0,80
laion-clip-512-normalized,ivf_faiss,43.55473631087457,48.91824722290039,38.38396072387695,0.16972000000000018,100,1000,1,43.744752407073975,53.75027656555176,38.38396072387695,0,0,0,64
laion-clip-512-normalized,ivf_faiss,38.28575232090094,43.311357498168945,33.58936309814453,0.15576000000000004,100,1000,1,38.446943044662476,47.487497329711914,33.58936309814453,0,0,0,56
laion-clip-512-normalized,ivf_faiss,33.063676459657636,37.55474090576172,29.35647964477539,0.1340700000000001,100,1000,1,33.19441199302673,41.176557540893555,29.35647964477539,0,0,0,48
laion-clip-512-normalized,ivf_faiss,27.88404304794814,31.812191009521484,24.31631088256836,0.1157600000000001,100,1000,1,28.023901224136353,36.196231842041016,24.31631088256836,0,0,0,40
laion-clip-512-normalized,ivf_faiss,22.881002786575955,26.2298583984375,20.10488510131836,0.0929700000000001,100,1000,1,22.974294662475586,29.52265739440918,20.10488510131836,0,0,0,32
laion-clip-512-normalized,ivf_faiss,20.410764958637326,23.488759994506836,17.66657829284668,0.0814200000000001,100,1000,1,20.48998260498047,26.925086975097656,17.66657829284668,0,0,0,28
laion-clip-512-normalized,ivf_faiss,19.18562447745258,22.08733558654785,16.488313674926758,0.07678000000000008,100,1000,1,19.257829904556274,24.08289909362793,16.488313674926758,0,0,0,26
laion-clip-512-normalized,ivf_faiss,17.98464300190601,20.720720291137695,15.381336212158203,0.07069000000000011,100,1000,1,18.047979831695557,23.17643165588379,15.381336212158203,0,0,0,24
laion-clip-512-normalized,ivf_faiss,16.786768392551163,19.286394119262695,14.279365539550781,0.06643000000000007,100,1000,1,16.85236167907715,21.539926528930664,14.163494110107422,0,0,0,22
laion-clip-512-normalized,ivf_faiss,15.599232303852938,18.019437789916992,13.333797454833984,0.06173000000000004,100,1000,1,15.655103206634521,20.44367790222168,13.045549392700195,0,0,0,20
laion-clip-512-normalized,ivf_faiss,14.41583657751278,16.567707061767578,12.384653091430664,0.05479000000000008,100,1000,1,14.473165273666382,18.847942352294922,12.384653091430664,0,0,0,18
laion-clip-512-normalized,ivf_faiss,13.24968318629071,15.420198440551758,11.343717575073242,0.04941000000000005,100,1000,1,13.29323148727417,17.218828201293945,11.343717575073242,0,0,0,16
laion-clip-512-normalized,ivf_faiss,12.08561725558245,14.136791229248047,10.21575927734375,0.04359000000000006,100,1000,1,12.129316091537476,15.773773193359375,10.21575927734375,0,0,0,14
laion-clip-512-normalized,ivf_faiss,10.954655919756208,12.769699096679688,9.417295455932617,0.03722000000000002,100,1000,1,10.999284267425537,14.265775680541992,9.417295455932617,0,0,0,12
laion-clip-512-normalized,ivf_faiss,9.84844169035781,11.533498764038086,8.283853530883789,0.03093000000000004,100,1000,1,9.880420446395874,13.463973999023438,8.283853530883789,0,0,0,10
laion-clip-512-normalized,ivf_faiss,8.75198031872843,10.236501693725586,7.31968879699707,0.025770000000000032,100,1000,1,8.776864528656006,11.333465576171875,7.31968879699707,0,0,0,8
laion-clip-512-normalized,ivf_faiss,7.6976776123046875,9.005308151245117,6.611824035644531,0.020979999999999995,100,1000,1,7.715911388397217,10.278463363647461,6.611824035644531,0,0,0,6
laion-clip-512-normalized,ivf_faiss,6.689364259893244,7.774591445922852,5.939006805419922,0.014389999999999977,100,1000,1,6.70260763168335,8.795738220214844,5.939006805419922,0,0,0,4
laion-clip-512-normalized,ivf_faiss,5.731590930182022,6.394624710083008,5.183219909667969,0.0075599999999999895,100,1000,1,5.749468803405762,6.84046745300293,5.183219909667969,0,0,0,2
imagenet-align-640-normalized,ivf_faiss,520.7615042596276,542.3271656036377,498.86393547058105,0.8618900000000043,100,1000,1,520.7559161186218,549.483060836792,489.9575710296631,0,0,0,512
imagenet-align-640-normalized,ivf_faiss,253.92628945523253,267.0762538909912,241.502046585083,0.686800000000002,100,1000,1,254.1053009033203,274.616003036499,241.502046585083,0,0,0,256
imagenet-align-640-normalized,ivf_faiss,221.87548157171156,233.73889923095703,210.906982421875,0.6444200000000013,100,1000,1,222.0424554347992,240.28921127319336,208.01329612731934,0,0,0,224
imagenet-align-640-normalized,ivf_faiss,190.2654441810283,200.99425315856934,180.30381202697754,0.6073600000000011,100,1000,1,190.4202527999878,205.8577537536621,179.2440414428711,0,0,0,192
imagenet-align-640-normalized,ivf_faiss,162.39388512752,178.91526222229004,149.29866790771484,0.5505800000000007,100,1000,1,162.4547667503357,183.00867080688477,149.29866790771484,0,0,0,160
imagenet-align-640-normalized,ivf_faiss,143.38844761703953,152.51827239990234,134.98163223266602,0.5226900000000003,100,1000,1,143.49789690971375,158.71763229370117,134.98163223266602,0,0,0,144
imagenet-align-640-normalized,ivf_faiss,128.01794755843378,136.40284538269043,120.59426307678223,0.48815999999999976,100,1000,1,128.0993218421936,143.59188079833984,120.59426307678223,0,0,0,128
imagenet-align-640-normalized,ivf_faiss,112.65728355777252,120.25618553161621,105.48567771911621,0.44322,100,1000,1,112.74172830581665,127.5475025177002,105.48567771911621,0,0,0,112
imagenet-align-640-normalized,ivf_faiss,97.45517155019249,103.84082794189453,91.2630558013916,0.3927899999999997,100,1000,1,97.53801774978638,109.92860794067383,89.28442001342773,0,0,0,96
imagenet-align-640-normalized,ivf_faiss,82.23765261319218,87.74614334106445,76.83992385864258,0.3556299999999997,100,1000,1,82.3032169342041,92.83685684204102,74.56278800964355,0,0,0,80
imagenet-align-640-normalized,ivf_faiss,67.0404542576183,72.26324081420898,61.9046688079834,0.30505000000000015,100,1000,1,67.09279608726501,75.24347305297852,61.52057647705078,0,0,0,64
imagenet-align-640-normalized,ivf_faiss,59.43650834414424,64.27693367004395,54.9769401550293,0.2758300000000004,100,1000,1,59.496952056884766,67.58904457092285,53.7722110748291,0,0,0,56
imagenet-align-640-normalized,ivf_faiss,51.881789192935535,56.20408058166504,47.577857971191406,0.24894000000000002,100,1000,1,51.9171929359436,57.95121192932129,47.08576202392578,0,0,0,48
imagenet-align-640-normalized,ivf_faiss,44.272087103018734,48.00581932067871,40.43269157409668,0.2181999999999997,100,1000,1,44.277838706970215,50.36520957946777,39.28971290588379,0,0,0,40
imagenet-align-640-normalized,ivf_faiss,36.68395404989244,40.37737846374512,33.220529556274414,0.17929999999999985,100,1000,1,36.70513963699341,42.10400581359863,31.288862228393555,0,0,0,32
imagenet-align-640-normalized,ivf_faiss,32.96171746602872,36.18764877319336,29.840946197509766,0.15502000000000005,100,1000,1,33.014233112335205,38.53464126586914,29.475927352905273,0,0,0,28
imagenet-align-640-normalized,ivf_faiss,31.138747051312745,34.307241439819336,28.32198143005371,0.14075,100,1000,1,31.202682971954346,36.38863563537598,27.873516082763672,0,0,0,26
imagenet-align-640-normalized,ivf_faiss,29.414356117558043,32.41133689880371,26.57032012939453,0.1307800000000001,100,1000,1,29.46808886528015,34.3320369720459,26.57032012939453,0,0,0,24
imagenet-align-640-normalized,ivf_faiss,27.708514919125935,30.689239501953125,24.945497512817383,0.11907000000000009,100,1000,1,27.76680636405945,32.6230525970459,24.945497512817383,0,0,0,22
imagenet-align-640-normalized,ivf_faiss,25.988964957107637,28.89108657836914,23.426055908203125,0.11208000000000007,100,1000,1,26.037875413894653,30.253171920776367,23.426055908203125,0,0,0,20
imagenet-align-640-normalized,ivf_faiss,24.30835363235705,26.929855346679688,21.643400192260742,0.10116000000000001,100,1000,1,24.34523320198059,28.67889404296875,21.643400192260742,0,0,0,18
imagenet-align-640-normalized,ivf_faiss,22.625029994751596,25.21347999572754,20.336389541625977,0.0937800000000001,100,1000,1,22.660398483276367,27.367591857910156,19.79660987854004,0,0,0,16
imagenet-align-640-normalized,ivf_faiss,20.93572689191944,23.426532745361328,18.613815307617188,0.08160000000000008,100,1000,1,20.969401836395264,25.133609771728516,18.388032913208008,0,0,0,14
imagenet-align-640-normalized,ivf_faiss,19.30356049925331,21.546363830566406,17.297744750976562,0.06749000000000004,100,1000,1,19.336325645446777,22.806167602539062,16.498088836669922,0,0,0,12
imagenet-align-640-normalized,ivf_faiss,17.633555389126304,19.826412200927734,15.438079833984375,0.05599,100,1000,1,17.64431643486023,21.172285079956055,14.838457107543945,0,0,0,10
imagenet-align-640-normalized,ivf_faiss,15.857733988689873,17.91524887084961,13.949155807495117,0.04366000000000001,100,1000,1,15.856093883514404,18.75162124633789,13.611316680908203,0,0,0,8
imagenet-align-640-normalized,ivf_faiss,13.841690080851196,15.431404113769531,12.277364730834961,0.02984000000000004,100,1000,1,13.85254693031311,15.94090461730957,11.962890625,0,0,0,6
imagenet-align-640-normalized,ivf_faiss,11.80963498958643,12.486696243286133,11.70039176940918,0.009149999999999988,100,1000,1,11.993220567703247,13.72838020324707,11.12985610961914,0,0,0,4
imagenet-align-640-normalized,ivf_faiss,10.169687904040376,10.181188583374023,10.159969329833984,0.0015300000000000003,100,1000,1,10.159191131591797,11.010169982910156,9.258270263671875,0,0,0,2
codesearchnet-jina-768-cosine,ivf_faiss,902.2734564548749,985.5306148529053,822.1230506896973,0.981830000000006,100,1000,1,902.1931085586548,994.788408279419,815.7825469970703,0,0,0,512
codesearchnet-jina-768-cosine,ivf_faiss,457.0146454545066,506.68931007385254,402.6308059692383,0.9666800000000069,100,1000,1,457.29238867759705,517.12965965271,391.71504974365234,0,0,0,256
codesearchnet-jina-768-cosine,ivf_faiss,401.31848445489777,451.90930366516113,351.32360458374023,0.9630300000000063,100,1000,1,401.4832625389099,459.3493938446045,343.30296516418457,0,0,0,224
codesearchnet-jina-768-cosine,ivf_faiss,345.86533877118745,393.296480178833,302.1280765533447,0.9585500000000056,100,1000,1,346.0191044807434,403.23853492736816,291.475772857666,0,0,0,192
codesearchnet-jina-768-cosine,ivf_faiss,290.71914801544773,332.8573703765869,253.48663330078125,0.9520100000000055,100,1000,1,290.96519207954407,343.1110382080078,242.75970458984375,0,0,0,160
codesearchnet-jina-768-cosine,ivf_faiss,262.5339908216467,300.77624320983887,224.61843490600586,0.9480700000000057,100,1000,1,262.66808009147644,309.2472553253174,219.8011875152588,0,0,0,144
codesearchnet-jina-768-cosine,ivf_faiss,234.6674761618955,271.88658714294434,198.6086368560791,0.9436700000000052,100,1000,1,234.75541830062866,279.8500061035156,196.9912052154541,0,0,0,128
codesearchnet-jina-768-cosine,ivf_faiss,206.80862593363565,241.8670654296875,173.21038246154785,0.9383300000000042,100,1000,1,206.8914668560028,248.4438419342041,171.32925987243652,0,0,0,112
codesearchnet-jina-768-cosine,ivf_faiss,179.047111283573,209.84315872192383,149.76119995117188,0.9311000000000034,100,1000,1,179.09188389778137,219.79975700378418,143.10979843139648,0,0,0,96
codesearchnet-jina-768-cosine,ivf_faiss,151.23678884755677,177.67071723937988,124.99141693115234,0.9221300000000032,100,1000,1,151.3676474094391,192.2473907470703,118.89362335205078,0,0,0,80
codesearchnet-jina-768-cosine,ivf_faiss,123.27633595538643,146.23212814331055,100.98862648010254,0.910230000000003,100,1000,1,123.31128311157227,154.0367603302002,96.96054458618164,0,0,0,64
codesearchnet-jina-768-cosine,ivf_faiss,109.35886652928225,130.51366806030273,88.63472938537598,0.9028500000000028,100,1000,1,109.34179210662842,135.18214225769043,86.46678924560547,0,0,0,56
codesearchnet-jina-768-cosine,ivf_faiss,95.28322517871857,113.48915100097656,77.44884490966797,0.8935300000000016,100,1000,1,95.29080963134766,119.60411071777344,75.09088516235352,0,0,0,48
codesearchnet-jina-768-cosine,ivf_faiss,81.410615853589,98.75726699829102,65.43207168579102,0.8823300000000017,100,1000,1,81.41222381591797,100.48675537109375,62.54243850708008,0,0,0,40
codesearchnet-jina-768-cosine,ivf_faiss,67.2421218162805,82.52763748168945,52.80876159667969,0.8671700000000019,100,1000,1,67.22434568405151,84.15985107421875,49.7591495513916,0,0,0,32
codesearchnet-jina-768-cosine,ivf_faiss,60.13345191756405,74.45311546325684,46.3709831237793,0.856910000000002,100,1000,1,60.164371490478516,75.54149627685547,45.62783241271973,0,0,0,28
codesearchnet-jina-768-cosine,ivf_faiss,56.585141624825646,70.06287574768066,43.448686599731445,0.8512600000000017,100,1000,1,56.60038661956787,71.54703140258789,42.36865043640137,0,0,0,26
codesearchnet-jina-768-cosine,ivf_faiss,53.24250537546436,66.11442565917969,40.924072265625,0.8455800000000021,100,1000,1,53.259835958480835,70.94931602478027,39.4284725189209,0,0,0,24
codesearchnet-jina-768-cosine,ivf_faiss,49.46277771265276,61.36512756347656,37.96982765197754,0.8391800000000019,100,1000,1,49.48950815200806,63.41958045959473,36.55099868774414,0,0,0,22
codesearchnet-jina-768-cosine,ivf_faiss,45.926599378087914,57.790279388427734,33.88190269470215,0.831070000000001,100,1000,1,45.92922902107239,59.57388877868652,33.556222915649414,0,0,0,20
codesearchnet-jina-768-cosine,ivf_faiss,42.176375686522704,53.3747673034668,31.652212142944336,0.8220000000000016,100,1000,1,42.20479130744934,56.450605392456055,30.31468391418457,0,0,0,18
codesearchnet-jina-768-cosine,ivf_faiss,38.53019840421398,48.3245849609375,28.614044189453125,0.8115600000000021,100,1000,1,38.63166809082031,51.18250846862793,28.614044189453125,0,0,0,16
codesearchnet-jina-768-cosine,ivf_faiss,35.01333269314986,44.90518569946289,25.912761688232422,0.7993100000000013,100,1000,1,35.082021713256836,47.525644302368164,25.912761688232422,0,0,0,14
codesearchnet-jina-768-cosine,ivf_faiss,31.343663927291455,40.45581817626953,23.036479949951172,0.783990000000001,100,1000,1,31.41516089439392,42.79637336730957,23.036479949951172,0,0,0,12
codesearchnet-jina-768-cosine,ivf_faiss,27.66981786885252,35.66169738769531,20.312786102294922,0.7634300000000008,100,1000,1,27.723788261413574,37.386417388916016,20.312786102294922,0,0,0,10
codesearchnet-jina-768-cosine,ivf_faiss,23.975777770242384,30.810117721557617,17.504215240478516,0.7385700000000014,100,1000,1,24.03789472579956,32.64570236206055,17.504215240478516,0,0,0,8
codesearchnet-jina-768-cosine,ivf_faiss,20.260586824935206,25.953292846679688,14.54925537109375,0.7023000000000005,100,1000,1,20.30386996269226,28.73849868774414,14.54925537109375,0,0,0,6
codesearchnet-jina-768-cosine,ivf_faiss,16.400403031444647,21.1639404296875,12.096881866455078,0.6444400000000003,100,1000,1,16.465092420578003,23.87523651123047,12.096881866455078,0,0,0,4
codesearchnet-jina-768-cosine,ivf_faiss,12.440244195914945,15.542030334472656,9.536266326904297,0.5258500000000004,100,1000,1,12.495800495147705,20.816564559936523,9.536266326904297,0,0,0,2
landmark-nomic-768-normalized,ivf_faiss,670.0256276536394,747.6460933685303,589.8211002349854,0.9966300000000026,100,1000,1,669.9400260448456,747.6460933685303,584.4240188598633,0,0,0,512
landmark-nomic-768-normalized,ivf_faiss,343.35313304778066,402.3897647857666,284.73639488220215,0.9959600000000027,100,1000,1,343.75716400146484,415.94433784484863,283.8625907897949,0,0,0,256
landmark-nomic-768-normalized,ivf_faiss,302.23928594926053,359.0583801269531,245.9099292755127,0.9957000000000028,100,1000,1,302.6840283870697,370.84197998046875,241.2548065185547,0,0,0,224
landmark-nomic-768-normalized,ivf_faiss,260.9252043444701,313.5385513305664,210.1757526397705,0.9954200000000027,100,1000,1,261.50146222114563,324.6479034423828,210.1757526397705,0,0,0,192
landmark-nomic-768-normalized,ivf_faiss,219.66512048775368,267.57121086120605,172.34325408935547,0.9948600000000033,100,1000,1,220.2929995059967,279.60968017578125,172.34325408935547,0,0,0,160
landmark-nomic-768-normalized,ivf_faiss,198.57409584278963,243.24393272399902,155.69543838500977,0.9944700000000034,100,1000,1,199.56046056747437,258.06736946105957,155.69543838500977,0,0,0,144
landmark-nomic-768-normalized,ivf_faiss,177.800135666065,218.74618530273438,136.87539100646973,0.9938400000000036,100,1000,1,178.76290845870972,233.4153652191162,136.87539100646973,0,0,0,128
landmark-nomic-768-normalized,ivf_faiss,157.027619504246,194.4892406463623,120.14985084533691,0.9930700000000038,100,1000,1,157.96484518051147,206.45737648010254,120.14985084533691,0,0,0,112
landmark-nomic-768-normalized,ivf_faiss,135.91352992478826,169.95859146118164,104.36034202575684,0.9920400000000039,100,1000,1,136.9208745956421,182.50465393066406,104.36034202575684,0,0,0,96
landmark-nomic-768-normalized,ivf_faiss,114.4484250528135,144.32740211486816,86.42864227294922,0.9904700000000042,100,1000,1,115.80032253265381,161.2551212310791,86.42864227294922,0,0,0,80
landmark-nomic-768-normalized,ivf_faiss,93.13443299981004,118.98255348205566,71.61784172058105,0.9875700000000046,100,1000,1,94.5940535068512,137.65597343444824,71.61784172058105,0,0,0,64
landmark-nomic-768-normalized,ivf_faiss,82.54734983965129,105.26514053344727,61.379432678222656,0.9852200000000044,100,1000,1,83.93281483650208,124.45282936096191,61.379432678222656,0,0,0,56
landmark-nomic-768-normalized,ivf_faiss,71.92806031746478,93.23620796203613,53.21311950683594,0.9818100000000037,100,1000,1,73.17417073249817,109.1454029083252,53.21311950683594,0,0,0,48
landmark-nomic-768-normalized,ivf_faiss,61.38974857031988,80.80554008483887,44.08860206604004,0.9765700000000039,100,1000,1,62.37553954124451,93.5525894165039,44.08860206604004,0,0,0,40
landmark-nomic-768-normalized,ivf_faiss,50.48838858844853,66.26152992248535,36.27896308898926,0.9683100000000049,100,1000,1,51.472108125686646,79.85472679138184,36.27896308898926,0,0,0,32
landmark-nomic-768-normalized,ivf_faiss,45.00828570678455,59.64088439941406,31.74567222595215,0.9628100000000037,100,1000,1,45.92005681991577,70.35017013549805,31.74567222595215,0,0,0,28
landmark-nomic-768-normalized,ivf_faiss,42.280090344064995,56.220293045043945,30.18665313720703,0.9591300000000036,100,1000,1,43.163939237594604,66.19548797607422,30.18665313720703,0,0,0,26
landmark-nomic-768-normalized,ivf_faiss,39.57326071602957,52.83308029174805,27.253150939941406,0.9552300000000036,100,1000,1,40.3945095539093,62.61849403381348,27.253150939941406,0,0,0,24
landmark-nomic-768-normalized,ivf_faiss,36.926585247642116,49.19123649597168,25.353431701660156,0.950660000000003,100,1000,1,37.738271713256836,59.21339988708496,25.353431701660156,0,0,0,22
landmark-nomic-768-normalized,ivf_faiss,34.23885487708725,46.167612075805664,24.113893508911133,0.9455100000000028,100,1000,1,34.97513818740845,54.71014976501465,24.113893508911133,0,0,0,20
landmark-nomic-768-normalized,ivf_faiss,31.64543353153496,42.626142501831055,21.79718017578125,0.9389100000000031,100,1000,1,32.257832527160645,51.71036720275879,21.79718017578125,0,0,0,18
landmark-nomic-768-normalized,ivf_faiss,28.93789185750198,38.90109062194824,19.95563507080078,0.9301800000000022,100,1000,1,29.5098397731781,49.61657524108887,19.95563507080078,0,0,0,16
landmark-nomic-768-normalized,ivf_faiss,26.093873788716273,35.11238098144531,17.95339584350586,0.9183000000000034,100,1000,1,26.57501244544983,42.23346710205078,17.95339584350586,0,0,0,14
landmark-nomic-768-normalized,ivf_faiss,23.36220651678352,31.17823600769043,16.36815071105957,0.9034400000000029,100,1000,1,23.805145502090454,37.85228729248047,16.36815071105957,0,0,0,12
landmark-nomic-768-normalized,ivf_faiss,20.688306952459737,27.748584747314453,13.945817947387695,0.882900000000003,100,1000,1,20.995382070541382,34.020185470581055,13.945817947387695,0,0,0,10
landmark-nomic-768-normalized,ivf_faiss,17.802368242716053,23.848772048950195,12.230396270751953,0.8530000000000024,100,1000,1,18.03172540664673,28.052806854248047,12.230396270751953,0,0,0,8
landmark-nomic-768-normalized,ivf_faiss,14.954551962233081,19.871950149536133,10.590791702270508,0.8080700000000017,100,1000,1,15.13875412940979,23.685932159423828,10.590791702270508,0,0,0,6
landmark-nomic-768-normalized,ivf_faiss,12.13285644397124,15.678882598876953,9.012937545776367,0.734070000000001,100,1000,1,12.282644987106323,17.843246459960938,9.012937545776367,0,0,0,4
landmark-nomic-768-normalized,ivf_faiss,9.235972879852952,11.533737182617188,7.324934005737305,0.5707000000000001,100,1000,1,9.3059983253479,13.563394546508789,7.324934005737305,0,0,0,2
ccnews-nomic-768-normalized,ivf_faiss,1114.1679360866547,1200.7384300231934,1030.4627418518066,0.9938100000000041,100,1000,1,1114.1679360866547,1200.7384300231934,1030.4627418518066,0,0,0,512
ccnews-nomic-768-normalized,ivf_faiss,565.590259552002,641.9742107391357,495.2116012573242,0.987130000000005,100,1000,1,565.590259552002,641.9742107391357,495.2116012573242,0,0,0,256
ccnews-nomic-768-normalized,ivf_faiss,497.86698543750964,570.7371234893799,428.4045696258545,0.9857300000000052,100,1000,1,497.94337606430054,574.2576122283936,428.4045696258545,0,0,0,224
ccnews-nomic-768-normalized,ivf_faiss,427.8028612136841,491.2745952606201,366.67370796203613,0.9834200000000051,100,1000,1,427.8028612136841,491.2745952606201,366.67370796203613,0,0,0,192
ccnews-nomic-768-normalized,ivf_faiss,358.20296723283604,412.8751754760742,302.73890495300293,0.979750000000006,100,1000,1,358.32076048851013,418.98107528686523,302.73890495300293,0,0,0,160
ccnews-nomic-768-normalized,ivf_faiss,323.40819109417873,375.5624294281006,271.61097526550293,0.9771600000000055,100,1000,1,323.52045702934265,380.23877143859863,271.61097526550293,0,0,0,144
ccnews-nomic-768-normalized,ivf_faiss,288.1811277383764,336.132287979126,238.90924453735352,0.9743500000000049,100,1000,1,288.5355553627014,341.88127517700195,238.90924453735352,0,0,0,128
ccnews-nomic-768-normalized,ivf_faiss,257.13623680083856,309.3738555908203,212.92471885681152,0.9704700000000052,100,1000,1,257.84653091430664,326.8918991088867,212.92471885681152,0,0,0,112
ccnews-nomic-768-normalized,ivf_faiss,217.4820633696728,259.7081661224365,177.3090362548828,0.9658600000000044,100,1000,1,218.59956216812134,270.96056938171387,177.3090362548828,0,0,0,96
ccnews-nomic-768-normalized,ivf_faiss,182.0263323212458,219.63763236999512,148.21553230285645,0.9603400000000043,100,1000,1,183.41984581947327,235.84222793579102,148.21553230285645,0,0,0,80
ccnews-nomic-768-normalized,ivf_faiss,146.91759955673456,179.22449111938477,117.41161346435547,0.9520600000000042,100,1000,1,148.0793468952179,196.39945030212402,112.59722709655762,0,0,0,64
ccnews-nomic-768-normalized,ivf_faiss,129.46790727702054,159.25264358520508,101.96661949157715,0.9459500000000042,100,1000,1,130.53341794013977,181.65850639343262,98.10280799865723,0,0,0,56
ccnews-nomic-768-normalized,ivf_faiss,111.72119178929118,139.2073631286621,84.4111442565918,0.9390700000000045,100,1000,1,112.5977132320404,153.0437469482422,82.87239074707031,0,0,0,48
ccnews-nomic-768-normalized,ivf_faiss,93.96619718018208,118.42155456542969,70.14942169189453,0.9292200000000039,100,1000,1,94.79353427886963,128.68499755859375,66.85042381286621,0,0,0,40
ccnews-nomic-768-normalized,ivf_faiss,76.4074427429075,98.97732734680176,56.13541603088379,0.9161000000000036,100,1000,1,76.79954695701599,106.66942596435547,51.383018493652344,0,0,0,32
ccnews-nomic-768-normalized,ivf_faiss,67.1610763463375,86.26890182495117,48.564910888671875,0.907120000000004,100,1000,1,67.76834869384766,96.71306610107422,44.28553581237793,0,0,0,28
ccnews-nomic-768-normalized,ivf_faiss,62.697107787004974,80.97648620605469,45.622825622558594,0.9014900000000042,100,1000,1,63.21886944770813,90.28768539428711,40.76361656188965,0,0,0,26
ccnews-nomic-768-normalized,ivf_faiss,58.167150797358765,75.6235122680664,41.382789611816406,0.8952500000000035,100,1000,1,58.64898085594177,84.97071266174316,37.59407997131348,0,0,0,24
ccnews-nomic-768-normalized,ivf_faiss,53.730911407314366,70.09100914001465,37.786006927490234,0.8883000000000032,100,1000,1,54.15513753890991,80.68704605102539,35.558223724365234,0,0,0,22
ccnews-nomic-768-normalized,ivf_faiss,49.21873704886731,64.5284652709961,34.819602966308594,0.880220000000002,100,1000,1,49.620023012161255,74.53441619873047,33.58888626098633,0,0,0,20
ccnews-nomic-768-normalized,ivf_faiss,44.73967070973247,59.42344665527344,30.374526977539062,0.8706100000000012,100,1000,1,45.04034662246704,67.61407852172852,30.151844024658203,0,0,0,18
ccnews-nomic-768-normalized,ivf_faiss,40.15421891674232,54.03542518615723,26.503562927246094,0.8600700000000013,100,1000,1,40.46977949142456,62.465667724609375,26.503562927246094,0,0,0,16
ccnews-nomic-768-normalized,ivf_faiss,35.58355898944878,47.910213470458984,24.139404296875,0.8483000000000016,100,1000,1,35.835586071014404,54.95643615722656,22.866010665893555,0,0,0,14
ccnews-nomic-768-normalized,ivf_faiss,30.96654810057096,42.36793518066406,19.832372665405273,0.8339500000000013,100,1000,1,31.23722004890442,47.79171943664551,19.008874893188477,0,0,0,12
ccnews-nomic-768-normalized,ivf_faiss,26.414347325554942,36.55552864074707,16.094207763671875,0.8139500000000004,100,1000,1,26.611263513565063,40.93194007873535,16.094207763671875,0,0,0,10
ccnews-nomic-768-normalized,ivf_faiss,21.68822654185851,30.67946434020996,13.607263565063477,0.7896700000000005,100,1000,1,21.898657083511353,35.19797325134277,12.524127960205078,0,0,0,8
ccnews-nomic-768-normalized,ivf_faiss,17.100065916261254,24.332046508789062,10.078191757202148,0.7528900000000017,100,1000,1,17.244134187698364,27.393341064453125,10.078191757202148,0,0,0,6
ccnews-nomic-768-normalized,ivf_faiss,12.382894361079646,18.378257751464844,6.916284561157227,0.6966300000000004,100,1000,1,12.488717794418335,21.010875701904297,6.916284561157227,0,0,0,4
ccnews-nomic-768-normalized,ivf_faiss,7.557333242602464,11.220455169677734,4.556417465209961,0.5803200000000005,100,1000,1,7.6242523193359375,13.945341110229492,3.5991668701171875,0,0,0,2
coco-nomic-768-normalized,ivf_faiss,692.5803980192503,732.8119277954102,655.508279800415,0.9765100000000128,100,1000,1,692.6290900707245,741.2724494934082,655.508279800415,0,0,0,512
coco-nomic-768-normalized,ivf_faiss,325.94000361486525,355.37099838256836,296.36478424072266,0.9642600000000121,100,1000,1,325.94669580459595,363.5234832763672,295.04871368408203,0,0,0,256
coco-nomic-768-normalized,ivf_faiss,282.4205267417298,307.9047203063965,259.5388889312744,0.9581000000000112,100,1000,1,282.62731862068176,317.72875785827637,255.15365600585938,0,0,0,224
coco-nomic-768-normalized,ivf_faiss,239.82624160774301,262.4967098236084,218.58954429626465,0.9490500000000097,100,1000,1,239.9626498222351,271.8780040740967,213.5031223297119,0,0,0,192
coco-nomic-768-normalized,ivf_faiss,197.40260359967974,217.2071933746338,178.13515663146973,0.9342300000000083,100,1000,1,197.57790446281433,226.93538665771484,176.72204971313477,0,0,0,160
coco-nomic-768-normalized,ivf_faiss,183.3080989289954,209.65313911437988,158.9372158050537,0.9228200000000075,100,1000,1,183.4211483001709,212.52012252807617,158.9372158050537,0,0,0,144
coco-nomic-768-normalized,ivf_faiss,155.88453270712967,174.53861236572266,138.53883743286133,0.9063300000000073,100,1000,1,155.99843502044678,182.2524070739746,136.08765602111816,0,0,0,128
coco-nomic-768-normalized,ivf_faiss,135.42804049868738,152.6343822479248,118.60179901123047,0.8869100000000063,100,1000,1,135.5120210647583,157.44328498840332,116.31298065185547,0,0,0,112
coco-nomic-768-normalized,ivf_faiss,115.13477347550854,130.7077407836914,99.94244575500488,0.8600700000000052,100,1000,1,115.17317628860474,136.19136810302734,97.1677303314209,0,0,0,96
coco-nomic-768-normalized,ivf_faiss,95.16820810773046,108.40082168579102,82.2908878326416,0.8200900000000038,100,1000,1,95.1277265548706,110.12673377990723,80.01136779785156,0,0,0,80
coco-nomic-768-normalized,ivf_faiss,75.46960464631668,87.29958534240723,63.89141082763672,0.7624100000000031,100,1000,1,75.42319297790527,90.06428718566895,62.836408615112305,0,0,0,64
coco-nomic-768-normalized,ivf_faiss,65.65870028461902,76.12895965576172,55.33480644226074,0.7251900000000024,100,1000,1,65.72351288795471,80.9938907623291,53.940773010253906,0,0,0,56
coco-nomic-768-normalized,ivf_faiss,56.06725896418336,65.57130813598633,46.697378158569336,0.6771500000000015,100,1000,1,56.159162521362305,72.74889945983887,44.60906982421875,0,0,0,48
coco-nomic-768-normalized,ivf_faiss,46.64698008334998,54.86631393432617,38.38825225830078,0.623900000000001,100,1000,1,46.74633812904358,58.57515335083008,38.38825225830078,0,0,0,40
coco-nomic-768-normalized,ivf_faiss,37.300935084486056,44.959068298339844,29.963970184326172,0.5588400000000001,100,1000,1,37.36634182929993,47.545433044433594,29.963970184326172,0,0,0,32
coco-nomic-768-normalized,ivf_faiss,32.62890228117355,39.5662784576416,25.873661041259766,0.5168300000000002,100,1000,1,32.71401882171631,43.28012466430664,25.873661041259766,0,0,0,28
coco-nomic-768-normalized,ivf_faiss,30.310990957447203,37.01305389404297,24.688720703125,0.49440000000000073,100,1000,1,30.400899648666382,41.40782356262207,24.688720703125,0,0,0,26
coco-nomic-768-normalized,ivf_faiss,28.017130436979077,34.452199935913086,22.309541702270508,0.47214000000000106,100,1000,1,28.093131065368652,38.384199142456055,22.309541702270508,0,0,0,24
coco-nomic-768-normalized,ivf_faiss,25.72798173919863,31.711339950561523,20.128250122070312,0.4455400000000007,100,1000,1,25.819024801254272,36.51022911071777,20.128250122070312,0,0,0,22
coco-nomic-768-normalized,ivf_faiss,23.411583151619244,28.72180938720703,18.291950225830078,0.4158100000000001,100,1000,1,23.50175166130066,34.36732292175293,18.291950225830078,0,0,0,20
coco-nomic-768-normalized,ivf_faiss,21.134841768212596,26.203393936157227,17.154455184936523,0.3834299999999998,100,1000,1,21.220354080200195,31.876325607299805,17.154455184936523,0,0,0,18
coco-nomic-768-normalized,ivf_faiss,18.81225758007178,23.10013771057129,14.81485366821289,0.34974000000000005,100,1000,1,18.914181232452393,26.18885040283203,14.81485366821289,0,0,0,16
coco-nomic-768-normalized,ivf_faiss,16.46143668737167,20.25127410888672,13.206005096435547,0.31545999999999985,100,1000,1,16.583253622055054,23.06818962097168,13.206005096435547,0,0,0,14
coco-nomic-768-normalized,ivf_faiss,14.278697333696673,17.825603485107422,11.147260665893555,0.2798899999999998,100,1000,1,14.376148462295532,19.939899444580078,11.147260665893555,0,0,0,12
coco-nomic-768-normalized,ivf_faiss,12.013188368982549,15.036821365356445,9.36126708984375,0.24092999999999992,100,1000,1,12.116307735443115,17.37380027770996,9.36126708984375,0,0,0,10
coco-nomic-768-normalized,ivf_faiss,9.751853405869914,11.968374252319336,7.660388946533203,0.18833999999999992,100,1000,1,9.862335443496704,14.748811721801758,7.561683654785156,0,0,0,8
coco-nomic-768-normalized,ivf_faiss,7.57307570094626,9.28950309753418,5.863666534423828,0.13444,100,1000,1,7.647637128829956,10.991334915161133,5.703926086425781,0,0,0,6
coco-nomic-768-normalized,ivf_faiss,5.400935237657363,6.846189498901367,4.043340682983398,0.07698000000000009,100,1000,1,5.446333646774292,8.349895477294922,3.6971569061279297,0,0,0,4
coco-nomic-768-normalized,ivf_faiss,3.407512664794922,5.007266998291016,2.6006698608398438,0.021710000000000007,100,1000,1,3.407512664794922,5.007266998291016,2.6006698608398438,0,0,0,2
contriever-768,ivf_faiss,864.5593117241208,928.5080432891846,800.2636432647705,0.9889509999998974,100,10000,1,864.6324521064759,951.88307762146,789.0214920043945,0,0,0,512
contriever-768,ivf_faiss,436.9679543439238,487.2465133666992,387.25781440734863,0.9814979999998983,100,10000,1,437.3299211978912,513.3049488067627,387.25781440734863,0,0,0,256
contriever-768,ivf_faiss,383.2988400301816,430.31859397888184,339.0648365020752,0.9793549999998974,100,10000,1,383.6699411869049,467.0693874359131,339.0648365020752,0,0,0,224
contriever-768,ivf_faiss,328.88209753918983,369.9064254760742,289.43920135498047,0.9766399999999007,100,10000,1,329.1002584695816,394.1481113433838,283.2174301147461,0,0,0,192
contriever-768,ivf_faiss,276.06503696691607,314.55016136169434,237.25318908691406,0.9727069999999021,100,10000,1,276.4177977323532,336.0931873321533,237.25318908691406,0,0,0,160
contriever-768,ivf_faiss,249.23658058117988,285.3584289550781,214.8592472076416,0.9702009999999053,100,10000,1,249.62568693161012,311.2947940826416,210.84308624267578,0,0,0,144
contriever-768,ivf_faiss,222.51932390896343,256.24895095825195,188.92455101013184,0.9672419999999098,100,10000,1,222.91939697265624,275.2187252044678,186.8724822998047,0,0,0,128
contriever-768,ivf_faiss,195.5343254193762,226.63593292236328,164.89911079406738,0.9634919999999149,100,10000,1,196.0149708509445,244.0512180328369,162.07504272460938,0,0,0,112
contriever-768,ivf_faiss,167.58659623656965,194.63777542114258,141.46971702575684,0.9585629999999177,100,10000,1,168.23409762382508,206.1135768890381,139.0097141265869,0,0,0,96
contriever-768,ivf_faiss,140.8564844968266,165.41361808776855,117.47384071350098,0.9520469999999208,100,10000,1,141.51101379394532,177.80113220214844,115.2200698852539,0,0,0,80
contriever-768,ivf_faiss,114.3914934456092,135.8017921447754,93.25981140136719,0.9428669999999278,100,10000,1,114.9692334651947,149.9180793762207,90.41643142700195,0,0,0,64
contriever-768,ivf_faiss,100.96843663355173,120.83554267883301,81.58159255981445,0.9364969999999363,100,10000,1,101.48578505516052,132.9183578491211,78.43613624572754,0,0,0,56
contriever-768,ivf_faiss,88.24624999647178,106.70065879821777,69.63467597961426,0.9285429999999396,100,10000,1,88.69798808097839,122.10679054260254,66.54524803161621,0,0,0,48
contriever-768,ivf_faiss,74.37910145682787,90.13152122497559,58.66098403930664,0.9180239999999483,100,10000,1,74.77059497833253,102.60677337646484,55.0076961517334,0,0,0,40
contriever-768,ivf_faiss,61.2795267063142,75.28901100158691,47.25980758666992,0.9035199999999545,100,10000,1,61.50850849151611,83.85801315307617,43.54286193847656,0,0,0,32
contriever-768,ivf_faiss,54.570047393137095,67.31247901916504,41.73755645751953,0.8939219999999577,100,10000,1,54.74557771682739,76.13277435302734,38.19012641906738,0,0,0,28
contriever-768,ivf_faiss,51.23916936883161,63.219308853149414,39.12854194641113,0.888240999999958,100,10000,1,51.41153254508972,72.50809669494629,36.04459762573242,0,0,0,26
contriever-768,ivf_faiss,47.939638998089606,59.413909912109375,36.3156795501709,0.8818619999999643,100,10000,1,48.07671766281128,66.94293022155762,33.782243728637695,0,0,0,24
contriever-768,ivf_faiss,44.580776911623765,55.58037757873535,33.518314361572266,0.8747779999999676,100,10000,1,44.71769952774048,61.190128326416016,30.770301818847656,0,0,0,22
contriever-768,ivf_faiss,41.235786453132135,51.573753356933594,30.979156494140625,0.8665639999999668,100,10000,1,41.36755561828613,57.55114555358887,28.710126876831055,0,0,0,20
contriever-768,ivf_faiss,37.91362424347917,47.574520111083984,28.154373168945312,0.8571219999999692,100,10000,1,38.0401216506958,52.593231201171875,26.303529739379883,0,0,0,18
contriever-768,ivf_faiss,34.5730289195343,43.53666305541992,25.559663772583008,0.8459539999999736,100,10000,1,34.68490304946899,48.623085021972656,23.361682891845703,0,0,0,16
contriever-768,ivf_faiss,31.6536784147863,40.28749465942383,22.94754981994629,0.8324119999999839,100,10000,1,31.777501153945924,48.827409744262695,21.3925838470459,0,0,0,14
contriever-768,ivf_faiss,27.805033733715064,35.2632999420166,20.362138748168945,0.8158859999999852,100,10000,1,27.93394787311554,39.81757164001465,17.942428588867188,0,0,0,12
contriever-768,ivf_faiss,24.458632557336898,31.118392944335938,17.853498458862305,0.7950339999999878,100,10000,1,24.562100076675414,35.271644592285156,16.20626449584961,0,0,0,10
contriever-768,ivf_faiss,21.064077011526447,26.91030502319336,15.281915664672852,0.7677969999999901,100,10000,1,21.15721559524536,31.210899353027344,14.616727828979492,0,0,0,8
contriever-768,ivf_faiss,17.655613838871822,22.609233856201172,12.691974639892578,0.7280969999999954,100,10000,1,17.72770550251007,26.59773826599121,11.564254760742188,0,0,0,6
contriever-768,ivf_faiss,14.217642554753944,18.077850341796875,10.362625122070312,0.6673419999999973,100,10000,1,14.274480056762695,21.34418487548828,10.02645492553711,0,0,0,4
contriever-768,ivf_faiss,10.715998173243127,13.319969177246094,8.121728897094727,0.5447460000000015,100,10000,1,10.754541826248168,15.530824661254883,7.602453231811523,0,0,0,2
instructorxl-arxiv-768,ivf_faiss,1187.832982185854,1310.1551532745361,1033.4253311157227,0.9919900000000051,100,1000,1,1186.9829368591309,1310.1551532745361,921.863317489624,0,0,0,512
instructorxl-arxiv-768,ivf_faiss,605.4926461203461,708.0469131469727,505.11717796325684,0.9844000000000066,100,1000,1,604.5836801528931,708.0469131469727,415.03143310546875,0,0,0,256
instructorxl-arxiv-768,ivf_faiss,542.2742143498447,642.8301334381104,445.89853286743164,0.9819700000000073,100,1000,1,541.4213955402374,642.8301334381104,381.32786750793457,0,0,0,224
instructorxl-arxiv-768,ivf_faiss,459.0069276583593,530.4632186889648,380.19275665283203,0.9781500000000071,100,1000,1,458.2726573944092,549.5774745941162,306.7147731781006,0,0,0,192
instructorxl-arxiv-768,ivf_faiss,385.715095073166,451.047420501709,316.1590099334717,0.9729100000000065,100,1000,1,384.8454964160919,473.834753036499,249.0253448486328,0,0,0,160
instructorxl-arxiv-768,ivf_faiss,348.64281858440347,410.6717109680176,285.4022979736328,0.9695300000000066,100,1000,1,347.84533190727234,436.0530376434326,221.33421897888184,0,0,0,144
instructorxl-arxiv-768,ivf_faiss,311.63567534324847,365.50378799438477,253.5839080810547,0.9653200000000063,100,1000,1,310.8861367702484,385.4184150695801,192.5346851348877,0,0,0,128
instructorxl-arxiv-768,ivf_faiss,275.2742123482796,327.9540538787842,224.40195083618164,0.959960000000006,100,1000,1,274.5284810066223,340.89159965515137,167.85645484924316,0,0,0,112
instructorxl-arxiv-768,ivf_faiss,237.52095743012282,280.31396865844727,192.17443466186523,0.9537200000000053,100,1000,1,236.81589221954346,297.9109287261963,149.75833892822266,0,0,0,96
instructorxl-arxiv-768,ivf_faiss,200.21113804963994,237.46943473815918,159.4991683959961,0.9445500000000054,100,1000,1,199.6375651359558,257.2751045227051,126.67679786682129,0,0,0,80
instructorxl-arxiv-768,ivf_faiss,163.07115091624192,196.73633575439453,130.05542755126953,0.9313600000000047,100,1000,1,162.55400562286377,207.23724365234375,102.1273136138916,0,0,0,64
instructorxl-arxiv-768,ivf_faiss,144.25301551818848,176.98931694030762,111.5729808807373,0.9223200000000039,100,1000,1,143.84886407852173,181.9148063659668,89.83159065246582,0,0,0,56
instructorxl-arxiv-768,ivf_faiss,125.51087841193693,152.57906913757324,97.3806381225586,0.9113100000000047,100,1000,1,125.19775819778442,161.47279739379883,79.21147346496582,0,0,0,48
instructorxl-arxiv-768,ivf_faiss,106.71364931635627,130.9525966644287,82.91435241699219,0.8964700000000021,100,1000,1,106.44451570510864,142.86136627197266,62.461137771606445,0,0,0,40
instructorxl-arxiv-768,ivf_faiss,87.81513713655018,109.68494415283203,65.72175025939941,0.8765500000000032,100,1000,1,87.6767852306366,118.2546615600586,50.91214179992676,0,0,0,32
instructorxl-arxiv-768,ivf_faiss,78.35102442539099,98.72221946716309,58.01963806152344,0.8627300000000038,100,1000,1,78.25249671936035,106.27222061157227,45.53675651550293,0,0,0,28
instructorxl-arxiv-768,ivf_faiss,73.71062493251812,92.24152565002441,55.37152290344238,0.8553500000000036,100,1000,1,73.60638523101807,101.01580619812012,43.55430603027344,0,0,0,26
instructorxl-arxiv-768,ivf_faiss,68.9057274792332,85.91818809509277,51.15866661071777,0.8468100000000025,100,1000,1,68.85164403915405,96.18115425109863,42.62566566467285,0,0,0,24
instructorxl-arxiv-768,ivf_faiss,64.23540236381105,80.57808876037598,47.81365394592285,0.8365000000000019,100,1000,1,64.14505457878113,90.0728702545166,39.89148139953613,0,0,0,22
instructorxl-arxiv-768,ivf_faiss,59.47053578435158,74.07569885253906,44.74759101867676,0.8250600000000016,100,1000,1,59.41398763656616,82.7937126159668,37.40239143371582,0,0,0,20
instructorxl-arxiv-768,ivf_faiss,54.682843911173876,68.2830810546875,41.06545448303223,0.8126800000000004,100,1000,1,54.67455506324768,77.6216983795166,34.46054458618164,0,0,0,18
instructorxl-arxiv-768,ivf_faiss,49.78020191192627,62.22176551818848,36.93819046020508,0.7978700000000017,100,1000,1,49.850728034973145,71.73585891723633,32.84096717834473,0,0,0,16
instructorxl-arxiv-768,ivf_faiss,45.05658174072515,56.96678161621094,33.54525566101074,0.781600000000001,100,1000,1,45.14395499229431,64.92018699645996,30.098676681518555,0,0,0,14
instructorxl-arxiv-768,ivf_faiss,40.41455737896005,50.902366638183594,30.17449378967285,0.7604900000000014,100,1000,1,40.50677752494812,58.156490325927734,26.940345764160156,0,0,0,12
instructorxl-arxiv-768,ivf_faiss,37.68807680054022,47.73998260498047,27.952909469604492,0.7353100000000014,100,1000,1,37.85398840904236,54.90899085998535,25.983810424804688,0,0,0,10
instructorxl-arxiv-768,ivf_faiss,32.4970888480162,41.03517532348633,24.66106414794922,0.7011100000000008,100,1000,1,32.62270188331604,49.09205436706543,22.287368774414062,0,0,0,8
instructorxl-arxiv-768,ivf_faiss,27.352797447657977,34.5454216003418,20.396947860717773,0.6535400000000006,100,1000,1,27.471195936203003,40.18902778625488,18.83101463317871,0,0,0,6
instructorxl-arxiv-768,ivf_faiss,20.811160568833227,26.17049217224121,15.842437744140625,0.5808400000000002,100,1000,1,20.942049503326416,30.326128005981445,14.764785766601562,0,0,0,4
instructorxl-arxiv-768,ivf_faiss,15.749074350392304,19.057035446166992,12.471199035644531,0.4518899999999998,100,1000,1,15.855287313461304,23.41461181640625,12.031793594360352,0,0,0,2
gooaq-distilroberta-768-normalized,ivf_faiss,986.1802554130554,1060.5049133300781,917.2117710113525,0.9882800000000049,100,1000,1,986.1802554130554,1060.5049133300781,917.2117710113525,0,0,0,512
gooaq-distilroberta-768-normalized,ivf_faiss,499.3734632083075,549.485445022583,451.51305198669434,0.9790300000000053,100,1000,1,499.47910475730896,552.8340339660645,451.51305198669434,0,0,0,256
gooaq-distilroberta-768-normalized,ivf_faiss,450.6566584409781,512.4866962432861,393.22566986083984,0.9770300000000054,100,1000,1,450.9835374355316,518.3556079864502,393.22566986083984,0,0,0,224
gooaq-distilroberta-768-normalized,ivf_faiss,377.0454961682234,416.9468879699707,340.6643867492676,0.9740200000000052,100,1000,1,377.350789308548,423.6161708831787,329.51903343200684,0,0,0,192
gooaq-distilroberta-768-normalized,ivf_faiss,315.9939865811474,352.05745697021484,281.34894371032715,0.9698700000000058,100,1000,1,316.1953308582306,361.4163398742676,278.1693935394287,0,0,0,160
gooaq-distilroberta-768-normalized,ivf_faiss,285.35235423326736,319.03600692749023,251.2671947479248,0.9672100000000053,100,1000,1,285.6838583946228,326.8768787384033,246.33288383483887,0,0,0,144
gooaq-distilroberta-768-normalized,ivf_faiss,255.18471585994533,287.7163887023926,223.4518527984619,0.9646800000000051,100,1000,1,255.28994631767273,294.59118843078613,215.35778045654297,0,0,0,128
gooaq-distilroberta-768-normalized,ivf_faiss,224.73981455194456,254.35400009155273,195.79315185546875,0.9616000000000055,100,1000,1,224.91675734519958,265.3520107269287,192.6589012145996,0,0,0,112
gooaq-distilroberta-768-normalized,ivf_faiss,194.60217166019135,223.0374813079834,166.27168655395508,0.9578900000000057,100,1000,1,194.8430073261261,234.93099212646484,162.65606880187988,0,0,0,96
gooaq-distilroberta-768-normalized,ivf_faiss,163.36818060575104,187.97993659973145,138.4897232055664,0.9522400000000055,100,1000,1,163.73266768455505,201.66754722595215,136.2149715423584,0,0,0,80
gooaq-distilroberta-768-normalized,ivf_faiss,132.99956645733445,154.9699306488037,110.97455024719238,0.9438500000000049,100,1000,1,133.28642630577087,167.19341278076172,109.68470573425293,0,0,0,64
gooaq-distilroberta-768-normalized,ivf_faiss,117.86822714550584,138.76700401306152,96.50659561157227,0.9388300000000045,100,1000,1,118.10512924194336,149.56903457641602,96.50659561157227,0,0,0,56
gooaq-distilroberta-768-normalized,ivf_faiss,102.57188261702672,122.38001823425293,82.82232284545898,0.9329600000000038,100,1000,1,102.79235005378723,129.81319427490234,82.11255073547363,0,0,0,48
gooaq-distilroberta-768-normalized,ivf_faiss,87.04545679431276,105.40008544921875,69.48542594909668,0.9243500000000039,100,1000,1,87.37494039535522,114.43686485290527,69.48542594909668,0,0,0,40
gooaq-distilroberta-768-normalized,ivf_faiss,71.81029020230217,88.4711742401123,56.7781925201416,0.9133000000000033,100,1000,1,72.07785224914551,95.51739692687988,56.7781925201416,0,0,0,32
gooaq-distilroberta-768-normalized,ivf_faiss,64.00227619528528,78.70697975158691,49.89910125732422,0.9067300000000028,100,1000,1,64.34504413604736,86.52043342590332,49.89910125732422,0,0,0,28
gooaq-distilroberta-768-normalized,ivf_faiss,60.065997120801825,74.3412971496582,46.17023468017578,0.9015800000000033,100,1000,1,60.418800830841064,83.43982696533203,46.17023468017578,0,0,0,26
gooaq-distilroberta-768-normalized,ivf_faiss,56.23760535748735,69.97442245483398,43.38383674621582,0.8965100000000027,100,1000,1,56.63572716712952,80.07478713989258,43.38383674621582,0,0,0,24
gooaq-distilroberta-768-normalized,ivf_faiss,52.40611450421311,65.40274620056152,39.391279220581055,0.8909500000000029,100,1000,1,52.75128531455994,72.54862785339355,39.391279220581055,0,0,0,22
gooaq-distilroberta-768-normalized,ivf_faiss,48.53143848356653,61.06114387512207,36.89002990722656,0.8843700000000031,100,1000,1,48.90113425254822,67.53373146057129,36.89002990722656,0,0,0,20
gooaq-distilroberta-768-normalized,ivf_faiss,44.52197987228724,55.93585968017578,34.709930419921875,0.8770400000000026,100,1000,1,44.947529554367065,62.92152404785156,34.709930419921875,0,0,0,18
gooaq-distilroberta-768-normalized,ivf_faiss,40.63768002215191,51.207780838012695,31.30817413330078,0.8689400000000025,100,1000,1,41.06575536727905,57.59310722351074,31.30817413330078,0,0,0,16
gooaq-distilroberta-768-normalized,ivf_faiss,36.71587931209908,46.55289649963379,26.99756622314453,0.8585600000000017,100,1000,1,37.12497305870056,53.59077453613281,26.99756622314453,0,0,0,14
gooaq-distilroberta-768-normalized,ivf_faiss,32.79213485322468,42.04130172729492,24.219036102294922,0.8452500000000004,100,1000,1,33.19336199760437,47.46603965759277,24.219036102294922,0,0,0,12
gooaq-distilroberta-768-normalized,ivf_faiss,28.841743825382217,36.63969039916992,21.94523811340332,0.829730000000002,100,1000,1,29.22223997116089,43.06316375732422,21.94523811340332,0,0,0,10
gooaq-distilroberta-768-normalized,ivf_faiss,24.85150604761412,31.720876693725586,18.750905990600586,0.8071400000000017,100,1000,1,25.182203769683838,40.61126708984375,18.750905990600586,0,0,0,8
gooaq-distilroberta-768-normalized,ivf_faiss,20.94149025959199,27.071714401245117,15.474557876586914,0.7763400000000003,100,1000,1,21.166600704193115,32.09829330444336,15.474557876586914,0,0,0,6
gooaq-distilroberta-768-normalized,ivf_faiss,16.96029265475593,21.549224853515625,12.758970260620117,0.7255200000000009,100,1000,1,17.156245946884155,26.133298873901367,12.758970260620117,0,0,0,4
gooaq-distilroberta-768-normalized,ivf_faiss,12.899977157889516,16.068220138549805,10.413885116577148,0.6178299999999997,100,1000,1,12.994676113128662,19.093751907348633,10.413885116577148,0,0,0,2
gist-960-euclidean,ivf_faiss,1236.264312505722,1652.883529663086,795.5071926116943,0.9857400000000089,100,1000,1,1236.264312505722,1652.883529663086,795.5071926116943,0,0,0,512
gist-960-euclidean,ivf_faiss,629.5657857578603,912.8818511962891,364.81451988220215,0.9666400000000072,100,1000,1,631.0053024291992,926.6927242279053,364.81451988220215,0,0,0,256
gist-960-euclidean,ivf_faiss,552.1811899284961,810.1825714111328,317.8706169128418,0.9590400000000062,100,1000,1,553.7778151035309,830.3794860839844,317.8706169128418,0,0,0,224
gist-960-euclidean,ivf_faiss,473.74406164649525,700.509786605835,267.49229431152344,0.9488600000000059,100,1000,1,476.3878438472748,730.7937145233154,267.49229431152344,0,0,0,192
gist-960-euclidean,ivf_faiss,396.66611721590385,596.3797569274902,214.9677276611328,0.9344100000000056,100,1000,1,399.0476417541504,632.4739456176758,214.9677276611328,0,0,0,160
gist-960-euclidean,ivf_faiss,357.6566581184982,539.287805557251,194.28682327270508,0.9242900000000042,100,1000,1,360.2875463962555,583.928108215332,194.28682327270508,0,0,0,144
gist-960-euclidean,ivf_faiss,318.1869993374767,476.78279876708984,171.76461219787598,0.9119800000000033,100,1000,1,321.3037259578705,528.2979011535645,171.76461219787598,0,0,0,128
gist-960-euclidean,ivf_faiss,289.80408270666203,443.345308303833,150.35724639892578,0.8962800000000024,100,1000,1,293.7550551891327,501.96075439453125,150.35724639892578,0,0,0,112
gist-960-euclidean,ivf_faiss,240.4654098794031,368.8170909881592,122.4513053894043,0.8756000000000018,100,1000,1,243.01721096038818,416.9149398803711,122.4513053894043,0,0,0,96
gist-960-euclidean,ivf_faiss,201.61578781493083,309.9939823150635,97.72443771362305,0.8492700000000007,100,1000,1,203.9819598197937,358.9744567871094,97.72443771362305,0,0,0,80
gist-960-euclidean,ivf_faiss,162.81598065875457,254.90188598632812,78.33695411682129,0.8114300000000008,100,1000,1,164.81903839111328,301.29337310791016,78.33695411682129,0,0,0,64
gist-960-euclidean,ivf_faiss,143.39144603783632,225.510835647583,66.44129753112793,0.7875500000000011,100,1000,1,145.20330953598022,274.5828628540039,66.44129753112793,0,0,0,56
gist-960-euclidean,ivf_faiss,123.95611110691145,194.8869228363037,56.69856071472168,0.7588100000000009,100,1000,1,125.62847304344177,238.2051944732666,56.69856071472168,0,0,0,48
gist-960-euclidean,ivf_faiss,104.63031886428382,166.0439968109131,47.18899726867676,0.7225799999999997,100,1000,1,106.02131414413452,195.93214988708496,47.18899726867676,0,0,0,40
gist-960-euclidean,ivf_faiss,85.40493959327922,135.25843620300293,38.16628456115723,0.6767999999999992,100,1000,1,86.47263741493225,162.6904010772705,38.16628456115723,0,0,0,32
gist-960-euclidean,ivf_faiss,75.66038783715696,120.01848220825195,34.43002700805664,0.6496600000000002,100,1000,1,76.75971817970276,145.68328857421875,34.43002700805664,0,0,0,28
gist-960-euclidean,ivf_faiss,70.8622358283218,111.60969734191895,32.62209892272949,0.63414,100,1000,1,71.89645910263062,138.08631896972656,32.62209892272949,0,0,0,26
gist-960-euclidean,ivf_faiss,65.92015080359423,103.28269004821777,30.07984161376953,0.6170500000000003,100,1000,1,66.92981696128845,127.87151336669922,30.07984161376953,0,0,0,24
gist-960-euclidean,ivf_faiss,61.05102658149774,95.47185897827148,28.28669548034668,0.5987200000000006,100,1000,1,62.07169008255005,118.42203140258789,28.28669548034668,0,0,0,22
gist-960-euclidean,ivf_faiss,56.380769914510296,89.12825584411621,27.205944061279297,0.57769,100,1000,1,57.21901345252991,107.33151435852051,27.205944061279297,0,0,0,20
gist-960-euclidean,ivf_faiss,51.58619491421447,81.49838447570801,25.15435218811035,0.55588,100,1000,1,52.348050594329834,98.80876541137695,25.15435218811035,0,0,0,18
gist-960-euclidean,ivf_faiss,46.84649063055912,74.1569995880127,22.978782653808594,0.5305500000000002,100,1000,1,47.51751637458801,89.47300910949707,22.978782653808594,0,0,0,16
gist-960-euclidean,ivf_faiss,42.125100019026775,66.67113304138184,21.2404727935791,0.5011800000000006,100,1000,1,42.75397992134094,85.6161117553711,21.2404727935791,0,0,0,14
gist-960-euclidean,ivf_faiss,37.24396557559519,58.64262580871582,19.82426643371582,0.4689399999999998,100,1000,1,37.80455303192139,74.2042064666748,19.82426643371582,0,0,0,12
gist-960-euclidean,ivf_faiss,32.53767612029095,50.90951919555664,17.872095108032227,0.4333399999999997,100,1000,1,33.007856607437134,67.02828407287598,17.872095108032227,0,0,0,10
gist-960-euclidean,ivf_faiss,27.643663717097922,41.90564155578613,15.484333038330078,0.3886999999999995,100,1000,1,28.096896171569824,51.65505409240723,15.484333038330078,0,0,0,8
gist-960-euclidean,ivf_faiss,22.896170494134253,33.57434272766113,13.686418533325195,0.3347699999999999,100,1000,1,23.22142004966736,42.06728935241699,13.686418533325195,0,0,0,6
gist-960-euclidean,ivf_faiss,18.143386261943927,25.53558349609375,12.017011642456055,0.26732999999999996,100,1000,1,18.40124249458313,31.296253204345703,12.017011642456055,0,0,0,4
gist-960-euclidean,ivf_faiss,13.45311243509509,17.37809181213379,10.109901428222656,0.17180000000000029,100,1000,1,13.604424476623535,22.592544555664062,10.109901428222656,0,0,0,2
agnews-mxbai-1024-euclidean,ivf_faiss,913.2416405677795,999.0565776824951,817.3134326934814,0.992670000000004,100,1000,1,913.2416405677795,999.0565776824951,817.3134326934814,0,0,0,512
agnews-mxbai-1024-euclidean,ivf_faiss,465.1871783733368,536.447286605835,401.83472633361816,0.9858200000000042,100,1000,1,465.1871783733368,536.447286605835,401.83472633361816,0,0,0,256
agnews-mxbai-1024-euclidean,ivf_faiss,411.6504295077735,488.75927925109863,342.4971103668213,0.9839200000000045,100,1000,1,411.8175141811371,496.06990814208984,342.4971103668213,0,0,0,224
agnews-mxbai-1024-euclidean,ivf_faiss,352.4335081577301,420.1529026031494,292.76251792907715,0.981860000000005,100,1000,1,352.4335081577301,420.1529026031494,292.76251792907715,0,0,0,192
agnews-mxbai-1024-euclidean,ivf_faiss,295.1986906645415,350.6970405578613,246.25015258789062,0.9786000000000052,100,1000,1,295.26294708251953,359.4551086425781,246.25015258789062,0,0,0,160
agnews-mxbai-1024-euclidean,ivf_faiss,267.2968531275416,322.4635124206543,222.37682342529297,0.9764200000000058,100,1000,1,267.3576285839081,328.07230949401855,222.37682342529297,0,0,0,144
agnews-mxbai-1024-euclidean,ivf_faiss,238.92575031047588,291.20802879333496,198.272705078125,0.9739000000000055,100,1000,1,238.98779463768005,300.97007751464844,198.272705078125,0,0,0,128
agnews-mxbai-1024-euclidean,ivf_faiss,210.8511297075121,258.2814693450928,171.62847518920898,0.9706400000000049,100,1000,1,210.90537929534912,265.10071754455566,171.62847518920898,0,0,0,112
agnews-mxbai-1024-euclidean,ivf_faiss,182.1548571586609,225.20875930786133,142.96340942382812,0.9662100000000051,100,1000,1,182.1548571586609,225.20875930786133,142.96340942382812,0,0,0,96
agnews-mxbai-1024-euclidean,ivf_faiss,154.6960832124733,191.23363494873047,125.52547454833984,0.9608500000000052,100,1000,1,154.85716366767883,195.6942081451416,125.52547454833984,0,0,0,80
agnews-mxbai-1024-euclidean,ivf_faiss,125.21254463541892,156.22210502624512,100.74901580810547,0.9528100000000053,100,1000,1,125.48612666130066,162.52803802490234,100.74901580810547,0,0,0,64
agnews-mxbai-1024-euclidean,ivf_faiss,110.96157532046229,139.76669311523438,87.83721923828125,0.947080000000005,100,1000,1,111.23906826972961,143.9509391784668,87.83721923828125,0,0,0,56
agnews-mxbai-1024-euclidean,ivf_faiss,96.75589242929406,122.39956855773926,76.56693458557129,0.940260000000004,100,1000,1,97.00794124603271,127.44498252868652,76.56693458557129,0,0,0,48
agnews-mxbai-1024-euclidean,ivf_faiss,82.30318712678833,103.74045372009277,64.84222412109375,0.9307000000000045,100,1000,1,82.71523690223694,113.92784118652344,64.84222412109375,0,0,0,40
agnews-mxbai-1024-euclidean,ivf_faiss,67.84459011549882,86.1654281616211,52.48117446899414,0.9171800000000035,100,1000,1,68.14750003814697,95.73698043823242,52.48117446899414,0,0,0,32
agnews-mxbai-1024-euclidean,ivf_faiss,60.733194293280846,77.70252227783203,44.79193687438965,0.9083200000000027,100,1000,1,60.97240734100342,87.58163452148438,44.79193687438965,0,0,0,28
agnews-mxbai-1024-euclidean,ivf_faiss,57.037101342127876,73.35042953491211,42.5565242767334,0.9029800000000027,100,1000,1,57.26313805580139,83.25004577636719,42.5565242767334,0,0,0,26
agnews-mxbai-1024-euclidean,ivf_faiss,53.4527701965116,69.08035278320312,40.43984413146973,0.8971200000000027,100,1000,1,53.651840925216675,78.78971099853516,40.43984413146973,0,0,0,24
agnews-mxbai-1024-euclidean,ivf_faiss,49.8277794231068,64.45693969726562,37.31060028076172,0.8909200000000027,100,1000,1,50.00277662277222,72.72839546203613,37.31060028076172,0,0,0,22
agnews-mxbai-1024-euclidean,ivf_faiss,46.19675772255183,59.75222587585449,34.711360931396484,0.8842100000000023,100,1000,1,46.38648200035095,69.77558135986328,34.711360931396484,0,0,0,20
agnews-mxbai-1024-euclidean,ivf_faiss,42.41216568031697,55.26018142700195,31.15248680114746,0.8759900000000027,100,1000,1,42.578837871551514,64.61095809936523,31.15248680114746,0,0,0,18
agnews-mxbai-1024-euclidean,ivf_faiss,38.778057021479455,50.960540771484375,29.103755950927734,0.8650200000000019,100,1000,1,38.90443134307861,59.6623420715332,29.103755950927734,0,0,0,16
agnews-mxbai-1024-euclidean,ivf_faiss,35.01849709675695,45.72916030883789,26.0312557220459,0.8529300000000027,100,1000,1,35.16504192352295,52.68573760986328,26.0312557220459,0,0,0,14
agnews-mxbai-1024-euclidean,ivf_faiss,31.365052618161595,41.32390022277832,22.452354431152344,0.8367200000000028,100,1000,1,31.486700773239136,47.92499542236328,22.452354431152344,0,0,0,12
agnews-mxbai-1024-euclidean,ivf_faiss,27.663337715218216,36.270856857299805,20.447731018066406,0.8165000000000013,100,1000,1,27.758558750152588,42.33717918395996,20.447731018066406,0,0,0,10
agnews-mxbai-1024-euclidean,ivf_faiss,23.927523632242224,31.432390213012695,17.546653747558594,0.7907700000000017,100,1000,1,24.01911687850952,37.6744270324707,17.546653747558594,0,0,0,8
agnews-mxbai-1024-euclidean,ivf_faiss,20.031910843965484,25.769472122192383,15.253067016601562,0.7543800000000017,100,1000,1,20.15164566040039,31.5854549407959,15.253067016601562,0,0,0,6
agnews-mxbai-1024-euclidean,ivf_faiss,16.182507042482207,20.678997039794922,11.867523193359375,0.6965800000000004,100,1000,1,16.276761293411255,23.52118492126465,11.867523193359375,0,0,0,4
agnews-mxbai-1024-euclidean,ivf_faiss,12.359714605469748,15.365123748779297,9.556770324707031,0.5785600000000002,100,1000,1,12.439185380935669,18.117189407348633,9.556770324707031,0,0,0,2
openai-1536-angular,ivf_faiss,1611.2448216446955,1782.1760177612305,1448.695421218872,0.9780900000000068,100,1000,1,1613.05335521698,1828.5987377166748,1448.695421218872,0,0,0,512
openai-1536-angular,ivf_faiss,810.2397559869169,913.686990737915,705.5380344390869,0.9581200000000061,100,1000,1,811.1365711688995,947.5395679473877,703.8578987121582,0,0,0,256
openai-1536-angular,ivf_faiss,723.2499309566987,827.5496959686279,617.1622276306152,0.9530800000000055,100,1000,1,725.2739493846893,879.2014122009277,608.1452369689941,0,0,0,224
openai-1536-angular,ivf_faiss,611.4840237461791,696.7685222625732,526.9973278045654,0.9470200000000049,100,1000,1,613.137444972992,719.5899486541748,512.8226280212402,0,0,0,192
openai-1536-angular,ivf_faiss,512.0371312460632,585.2081775665283,438.86780738830566,0.9398600000000038,100,1000,1,514.5752258300781,617.6581382751465,433.15696716308594,0,0,0,160
openai-1536-angular,ivf_faiss,471.02928573942137,549.4117736816406,392.5051689147949,0.9350800000000039,100,1000,1,472.57731914520264,601.9396781921387,384.7994804382324,0,0,0,144
openai-1536-angular,ivf_faiss,413.09037674489485,476.60017013549805,351.8397808074951,0.9290000000000032,100,1000,1,415.4049527645111,513.3523941040039,340.49057960510254,0,0,0,128
openai-1536-angular,ivf_faiss,363.79620846260656,423.37536811828613,304.973840713501,0.9223100000000036,100,1000,1,365.94296526908875,454.6546936035156,299.9274730682373,0,0,0,112
openai-1536-angular,ivf_faiss,314.57704748989136,369.7400093078613,260.3752613067627,0.913890000000003,100,1000,1,316.20355701446533,393.871545791626,255.60283660888672,0,0,0,96
openai-1536-angular,ivf_faiss,264.85624254606586,315.02819061279297,217.1456813812256,0.9034500000000019,100,1000,1,266.3056106567383,337.6779556274414,213.6707305908203,0,0,0,80
openai-1536-angular,ivf_faiss,215.83568547514457,258.1791877746582,176.0261058807373,0.8895000000000028,100,1000,1,216.96836066246033,296.15283012390137,172.15991020202637,0,0,0,64
openai-1536-angular,ivf_faiss,190.45809319658025,230.7600975036621,151.4883041381836,0.8807400000000031,100,1000,1,191.53160452842712,252.7766227722168,151.4883041381836,0,0,0,56
openai-1536-angular,ivf_faiss,165.58760276207556,199.83983039855957,132.66658782958984,0.8703300000000033,100,1000,1,166.53439116477966,220.31688690185547,130.2187442779541,0,0,0,48
openai-1536-angular,ivf_faiss,141.08120032719202,173.13170433044434,110.26263236999512,0.8586500000000015,100,1000,1,141.66714191436768,196.3636875152588,104.00247573852539,0,0,0,40
openai-1536-angular,ivf_faiss,116.05263414558458,141.41416549682617,89.83182907104492,0.8418100000000014,100,1000,1,116.48855423927307,163.47169876098633,82.60369300842285,0,0,0,32
openai-1536-angular,ivf_faiss,103.56964515740475,129.6389102935791,78.0487060546875,0.8314800000000013,100,1000,1,103.92329668998718,144.3619728088379,71.93946838378906,0,0,0,28
openai-1536-angular,ivf_faiss,97.3782343942611,121.2000846862793,74.07116889953613,0.825230000000002,100,1000,1,97.73819637298584,137.37797737121582,68.98188591003418,0,0,0,26
openai-1536-angular,ivf_faiss,91.16664559195338,113.97051811218262,68.82524490356445,0.8190400000000019,100,1000,1,91.36132407188416,126.80959701538086,65.03057479858398,0,0,0,24
openai-1536-angular,ivf_faiss,84.87013018861109,106.19425773620605,63.599586486816406,0.8112800000000017,100,1000,1,85.05838537216187,121.13285064697266,59.28683280944824,0,0,0,22
openai-1536-angular,ivf_faiss,78.67760025725073,98.46282005310059,59.725284576416016,0.8032500000000014,100,1000,1,78.79093146324158,112.50162124633789,51.22947692871094,0,0,0,20
openai-1536-angular,ivf_faiss,72.323447830823,91.28308296203613,54.248809814453125,0.7936900000000021,100,1000,1,72.47811770439148,105.83090782165527,46.823978424072266,0,0,0,18
openai-1536-angular,ivf_faiss,65.97827696093987,83.5578441619873,49.08394813537598,0.7836500000000024,100,1000,1,66.08732795715332,95.7949161529541,43.21789741516113,0,0,0,16
openai-1536-angular,ivf_faiss,59.74471496076,76.41172409057617,43.40958595275879,0.7715400000000024,100,1000,1,59.79950928688049,84.9599838256836,38.18035125732422,0,0,0,14
openai-1536-angular,ivf_faiss,53.44474110318293,68.72844696044922,38.16580772399902,0.756530000000001,100,1000,1,53.51667380332947,77.37541198730469,33.743858337402344,0,0,0,12
openai-1536-angular,ivf_faiss,47.05272946763135,60.28389930725098,33.51855278015137,0.7384100000000013,100,1000,1,47.16183376312256,69.7638988494873,30.961036682128906,0,0,0,10
openai-1536-angular,ivf_faiss,40.65326523515108,52.85835266113281,28.681278228759766,0.7150000000000003,100,1000,1,40.75846552848816,58.09903144836426,27.59552001953125,0,0,0,8
openai-1536-angular,ivf_faiss,34.14154124982429,45.166730880737305,24.287700653076172,0.6798700000000006,100,1000,1,34.24153208732605,48.89059066772461,21.995067596435547,0,0,0,6
openai-1536-angular,ivf_faiss,27.710996658695855,35.99739074707031,19.70219612121582,0.6288,100,1000,1,27.83369016647339,39.77632522583008,19.70219612121582,0,0,0,4
openai-1536-angular,ivf_faiss,21.12892903728621,26.875734329223633,16.07370376586914,0.5204100000000002,100,1000,1,21.250097036361694,31.93950653076172,16.07370376586914,0,0,0,2
celeba-resnet-2048-cosine,ivf_faiss,1819.6300080584995,2124.986410140991,1474.881887435913,0.9893000000000074,100,1000,1,1813.760727405548,2124.986410140991,1371.032476425171,0,0,0,512
celeba-resnet-2048-cosine,ivf_faiss,966.6900201277299,1202.6772499084473,618.588924407959,0.9888200000000076,100,1000,1,962.9947216510773,1202.6772499084473,579.2629718780518,0,0,0,256
celeba-resnet-2048-cosine,ivf_faiss,854.7304966134573,1077.749490737915,532.1846008300781,0.9886300000000074,100,1000,1,851.615574836731,1077.749490737915,495.6672191619873,0,0,0,224
celeba-resnet-2048-cosine,ivf_faiss,753.3453510035223,998.0111122131348,431.4920902252197,0.9880800000000076,100,1000,1,751.6921038627625,998.0111122131348,416.83411598205566,0,0,0,192
celeba-resnet-2048-cosine,ivf_faiss,624.0915379524231,838.5045528411865,339.7397994995117,0.9868900000000078,100,1000,1,624.0915379524231,838.5045528411865,339.7397994995117,0,0,0,160
celeba-resnet-2048-cosine,ivf_faiss,565.6735877990723,767.6725387573242,302.7639389038086,0.9861100000000078,100,1000,1,565.6735877990723,767.6725387573242,302.7639389038086,0,0,0,144
celeba-resnet-2048-cosine,ivf_faiss,506.3883309364319,708.4770202636719,262.8154754638672,0.9850700000000079,100,1000,1,506.3883309364319,708.4770202636719,262.8154754638672,0,0,0,128
celeba-resnet-2048-cosine,ivf_faiss,446.4713444709778,630.7682991027832,227.57935523986816,0.9834900000000079,100,1000,1,446.4713444709778,630.7682991027832,227.57935523986816,0,0,0,112
celeba-resnet-2048-cosine,ivf_faiss,386.10625171661377,558.6502552032471,189.76378440856934,0.9809300000000077,100,1000,1,386.10625171661377,558.6502552032471,189.76378440856934,0,0,0,96
celeba-resnet-2048-cosine,ivf_faiss,325.19271516799927,482.81145095825195,151.52406692504883,0.9770000000000076,100,1000,1,325.19271516799927,482.81145095825195,151.52406692504883,0,0,0,80
celeba-resnet-2048-cosine,ivf_faiss,264.0236282348633,400.3264904022217,116.59550666809082,0.9705600000000072,100,1000,1,264.0236282348633,400.3264904022217,116.59550666809082,0,0,0,64
celeba-resnet-2048-cosine,ivf_faiss,232.4907295703888,359.3401908874512,102.55956649780273,0.9660000000000065,100,1000,1,232.4907295703888,359.3401908874512,102.55956649780273,0,0,0,56
celeba-resnet-2048-cosine,ivf_faiss,201.02749252319336,313.1747245788574,88.68646621704102,0.9591300000000071,100,1000,1,201.02749252319336,313.1747245788574,88.68646621704102,0,0,0,48
celeba-resnet-2048-cosine,ivf_faiss,169.29482889175415,274.8217582702637,73.01640510559082,0.9485700000000075,100,1000,1,169.29482889175415,274.8217582702637,73.01640510559082,0,0,0,40
celeba-resnet-2048-cosine,ivf_faiss,136.96151386520904,224.75934028625488,59.35263633728027,0.9312700000000056,100,1000,1,137.1421926021576,227.80513763427734,59.35263633728027,0,0,0,32
celeba-resnet-2048-cosine,ivf_faiss,120.7967836536721,201.096773147583,53.74646186828613,0.9189700000000052,100,1000,1,120.96112871170044,203.4459114074707,53.74646186828613,0,0,0,28
celeba-resnet-2048-cosine,ivf_faiss,112.62373599356306,187.06631660461426,49.12066459655762,0.9115500000000046,100,1000,1,112.77991819381714,191.8349266052246,49.12066459655762,0,0,0,26
celeba-resnet-2048-cosine,ivf_faiss,104.33734312220108,174.67355728149414,44.783830642700195,0.9023400000000046,100,1000,1,104.55668377876282,179.11243438720703,44.783830642700195,0,0,0,24
celeba-resnet-2048-cosine,ivf_faiss,96.20383800751713,160.10308265686035,42.35243797302246,0.8920300000000042,100,1000,1,96.47150349617004,165.1630401611328,42.35243797302246,0,0,0,22
celeba-resnet-2048-cosine,ivf_faiss,88.0774791644832,146.91853523254395,39.45350646972656,0.8792800000000033,100,1000,1,88.26813459396362,154.555082321167,39.45350646972656,0,0,0,20
celeba-resnet-2048-cosine,ivf_faiss,79.73585655940838,134.67693328857422,34.10172462463379,0.8644800000000028,100,1000,1,80.03114938735962,143.54586601257324,34.10172462463379,0,0,0,18
celeba-resnet-2048-cosine,ivf_faiss,71.58135937353074,122.46131896972656,28.062105178833008,0.8459400000000031,100,1000,1,71.74777126312256,130.21039962768555,28.062105178833008,0,0,0,16
celeba-resnet-2048-cosine,ivf_faiss,63.07513995319755,108.00838470458984,24.64890480041504,0.8254300000000017,100,1000,1,63.50590682029724,117.06066131591797,24.64890480041504,0,0,0,14
celeba-resnet-2048-cosine,ivf_faiss,54.81235490691277,93.54496002197266,22.09949493408203,0.7983100000000019,100,1000,1,55.15346622467041,101.3326644897461,22.09949493408203,0,0,0,12
celeba-resnet-2048-cosine,ivf_faiss,48.27708743406841,82.48424530029297,20.716428756713867,0.7639000000000015,100,1000,1,48.806442975997925,94.64502334594727,20.716428756713867,0,0,0,10
celeba-resnet-2048-cosine,ivf_faiss,40.15530219668065,69.3356990814209,15.345573425292969,0.7174400000000004,100,1000,1,40.610939502716064,78.35555076599121,15.345573425292969,0,0,0,8
celeba-resnet-2048-cosine,ivf_faiss,31.387837194814914,53.975582122802734,13.617992401123047,0.6512099999999998,100,1000,1,31.814043283462524,61.859130859375,13.617992401123047,0,0,0,6
celeba-resnet-2048-cosine,ivf_faiss,21.191535677228654,35.747528076171875,9.439945220947266,0.5510000000000005,100,1000,1,21.547729015350342,42.420148849487305,9.439945220947266,0,0,0,4
celeba-resnet-2048-cosine,ivf_faiss,12.787623574891066,20.746707916259766,6.035089492797852,0.3780200000000002,100,1000,1,12.940272331237793,26.71957015991211,6.035089492797852,0,0,0,2
simplewiki-openai-3072-normalized,ivf_faiss,1625.4492042064667,1847.499132156372,1428.816556930542,0.9891800000000041,100,1000,1,1625.4492042064667,1847.499132156372,1428.816556930542,0,0,0,512
simplewiki-openai-3072-normalized,ivf_faiss,843.487681388855,982.3362827301025,706.4340114593506,0.9790600000000056,100,1000,1,843.487681388855,982.3362827301025,706.4340114593506,0,0,0,256
simplewiki-openai-3072-normalized,ivf_faiss,732.0364215373993,848.0100631713867,617.6583766937256,0.9764400000000051,100,1000,1,732.0364215373993,848.0100631713867,617.6583766937256,0,0,0,224
simplewiki-openai-3072-normalized,ivf_faiss,630.2914917469025,756.97922706604,535.374641418457,0.9731800000000048,100,1000,1,630.2914917469025,756.97922706604,535.374641418457,0,0,0,192
simplewiki-openai-3072-normalized,ivf_faiss,528.3497140407562,637.5503540039062,441.52379035949707,0.9686900000000054,100,1000,1,528.3497140407562,637.5503540039062,441.52379035949707,0,0,0,160
simplewiki-openai-3072-normalized,ivf_faiss,477.44890785217285,581.1967849731445,385.0390911102295,0.9656800000000058,100,1000,1,477.44890785217285,581.1967849731445,385.0390911102295,0,0,0,144
simplewiki-openai-3072-normalized,ivf_faiss,425.8948148849732,520.5192565917969,342.96369552612305,0.9626500000000056,100,1000,1,426.09576439857483,527.1360874176025,342.96369552612305,0,0,0,128
simplewiki-openai-3072-normalized,ivf_faiss,388.5858953901304,481.3876152038574,310.5010986328125,0.9583200000000052,100,1000,1,389.4951138496399,498.6553192138672,310.5010986328125,0,0,0,112
simplewiki-openai-3072-normalized,ivf_faiss,325.42842535433056,399.93810653686523,253.709077835083,0.9525900000000047,100,1000,1,326.83370447158813,424.00145530700684,250.4587173461914,0,0,0,96
simplewiki-openai-3072-normalized,ivf_faiss,272.8356781143645,335.3569507598877,212.84985542297363,0.9452500000000045,100,1000,1,274.8079135417938,363.525390625,203.52697372436523,0,0,0,80
simplewiki-openai-3072-normalized,ivf_faiss,221.5073776836849,277.3783206939697,168.08080673217773,0.9354400000000052,100,1000,1,223.48641633987427,306.1485290527344,165.33946990966797,0,0,0,64
simplewiki-openai-3072-normalized,ivf_faiss,195.86409495730825,246.98662757873535,146.62647247314453,0.9289800000000041,100,1000,1,197.99453568458557,284.5299243927002,146.62647247314453,0,0,0,56
simplewiki-openai-3072-normalized,ivf_faiss,170.35519597950238,218.5053825378418,128.89766693115234,0.9214300000000042,100,1000,1,171.96056628227234,247.52545356750488,122.3301887512207,0,0,0,48
simplewiki-openai-3072-normalized,ivf_faiss,144.94337582858847,188.28892707824707,102.91671752929688,0.9107700000000046,100,1000,1,146.46785354614258,219.43283081054688,101.11069679260254,0,0,0,40
simplewiki-openai-3072-normalized,ivf_faiss,119.12272159489359,153.6879539489746,84.7930908203125,0.897160000000004,100,1000,1,120.6257803440094,183.6860179901123,81.34078979492188,0,0,0,32
simplewiki-openai-3072-normalized,ivf_faiss,108.00591665786712,143.20135116577148,74.27167892456055,0.8886200000000039,100,1000,1,108.99782919883728,167.34981536865234,74.27167892456055,0,0,0,28
simplewiki-openai-3072-normalized,ivf_faiss,102.81134943776823,136.18922233581543,71.39801979064941,0.8832500000000038,100,1000,1,103.70558023452759,163.8662815093994,68.35389137268066,0,0,0,26
simplewiki-openai-3072-normalized,ivf_faiss,93.52149792206593,124.06349182128906,65.16695022583008,0.8780500000000034,100,1000,1,94.4385278224945,148.12016487121582,58.77065658569336,0,0,0,24
simplewiki-openai-3072-normalized,ivf_faiss,86.81536355306572,115.40341377258301,59.66758728027344,0.8719200000000035,100,1000,1,87.60965299606323,137.83001899719238,53.644418716430664,0,0,0,22
simplewiki-openai-3072-normalized,ivf_faiss,80.5742499533664,107.8481674194336,54.6870231628418,0.8650200000000037,100,1000,1,81.22422528266907,130.77259063720703,50.499677658081055,0,0,0,20
simplewiki-openai-3072-normalized,ivf_faiss,74.04411803004442,98.8004207611084,49.51167106628418,0.8569800000000026,100,1000,1,74.72194480895996,125.83017349243164,44.36063766479492,0,0,0,18
simplewiki-openai-3072-normalized,ivf_faiss,67.5578664560787,91.10617637634277,46.52214050292969,0.8468800000000029,100,1000,1,68.1518223285675,114.29786682128906,40.03310203552246,0,0,0,16
simplewiki-openai-3072-normalized,ivf_faiss,61.11366817349036,81.82168006896973,41.66913032531738,0.8353000000000023,100,1000,1,61.708975315093994,109.84635353088379,36.4985466003418,0,0,0,14
simplewiki-openai-3072-normalized,ivf_faiss,54.77646845160763,73.85110855102539,35.12835502624512,0.8210000000000022,100,1000,1,55.221248626708984,92.17000007629395,34.763336181640625,0,0,0,12
simplewiki-openai-3072-normalized,ivf_faiss,48.134985978041236,64.79549407958984,31.070232391357422,0.8024300000000019,100,1000,1,48.53382325172424,83.5120677947998,31.070232391357422,0,0,0,10
simplewiki-openai-3072-normalized,ivf_faiss,41.49604842173311,56.401729583740234,28.0611515045166,0.776550000000001,100,1000,1,41.90586185455322,71.19989395141602,28.0611515045166,0,0,0,8
simplewiki-openai-3072-normalized,ivf_faiss,35.024713380687736,47.87158966064453,25.394439697265625,0.7403900000000004,100,1000,1,35.27421832084656,57.82628059387207,25.394439697265625,0,0,0,6
simplewiki-openai-3072-normalized,ivf_faiss,28.181467894027133,37.776947021484375,19.0889835357666,0.6806100000000012,100,1000,1,28.452178716659546,47.63960838317871,19.0889835357666,0,0,0,4
simplewiki-openai-3072-normalized,ivf_faiss,21.734905340035432,28.23352813720703,16.396284103393555,0.5587100000000002,100,1000,1,21.88020157814026,33.47444534301758,16.396284103393555,0,0,0,2
