dataset,algorithm,avg,max,min,recall,knn,n_queries,num_measure_runs,avg_all,max_all,min_all,ef_search,M,ef_construction,ivf_nprobe
sift-128-euclidean,ivf_faiss,42.67597122047148,52.29473114013672,33.1573486328125,0.9996889999999956,100,10000,1,42.68175737857818,54.39019203186035,32.617807388305664,0,0,0,512
sift-128-euclidean,ivf_faiss,22.47065987586975,30.278444290161133,16.288042068481445,0.9968019999999737,100,10000,1,22.47065987586975,30.278444290161133,16.288042068481445,0,0,0,256
sift-128-euclidean,ivf_faiss,19.9103804394798,27.09197998046875,14.269351959228516,0.9953279999999677,100,10000,1,19.911148190498352,27.587890625,14.269351959228516,0,0,0,224
sift-128-euclidean,ivf_faiss,17.347831561072063,23.845434188842773,12.302875518798828,0.9929889999999602,100,10000,1,17.348614001274107,25.17223358154297,12.302875518798828,0,0,0,192
sift-128-euclidean,ivf_faiss,14.757615489412144,20.694494247436523,10.434150695800781,0.989131999999955,100,10000,1,14.75969603061676,21.85988426208496,10.434150695800781,0,0,0,160
sift-128-euclidean,ivf_faiss,13.603617916538324,19.365549087524414,9.495258331298828,0.9863099999999527,100,10000,1,13.604841136932373,20.020008087158203,9.495258331298828,0,0,0,144
sift-128-euclidean,ivf_faiss,12.468300455732736,17.822265625,8.60285758972168,0.9823829999999505,100,10000,1,12.484005784988403,20.006418228149414,8.60285758972168,0,0,0,128
sift-128-euclidean,ivf_faiss,10.825760661063489,15.567302703857422,7.46607780456543,0.9772049999999517,100,10000,1,10.833044695854188,18.371105194091797,7.46607780456543,0,0,0,112
sift-128-euclidean,ivf_faiss,9.49605995880286,13.718128204345703,6.588459014892578,0.9696099999999508,100,10000,1,9.506778955459595,16.10589027404785,6.588459014892578,0,0,0,96
sift-128-euclidean,ivf_faiss,8.159737177436403,11.80124282836914,5.609035491943359,0.9586289999999572,100,10000,1,8.177162480354308,12.664794921875,5.609035491943359,0,0,0,80
sift-128-euclidean,ivf_faiss,6.820290216056469,9.859561920166016,4.726648330688477,0.9419339999999579,100,10000,1,6.841436648368836,12.49074935913086,4.726648330688477,0,0,0,64
sift-128-euclidean,ivf_faiss,6.135117883546329,8.860588073730469,4.206180572509766,0.9300349999999656,100,10000,1,6.166670036315918,9.711742401123047,4.206180572509766,0,0,0,56
sift-128-euclidean,ivf_faiss,5.449651194112956,7.842540740966797,3.7627220153808594,0.9143269999999695,100,10000,1,5.491477584838867,8.86988639831543,3.7627220153808594,0,0,0,48
sift-128-euclidean,ivf_faiss,4.749972265871357,6.80994987487793,3.3445358276367188,0.8931939999999764,100,10000,1,4.808105635643005,8.224725723266602,3.3445358276367188,0,0,0,40
sift-128-euclidean,ivf_faiss,4.059176501245102,5.785942077636719,2.9306411743164062,0.8635489999999816,100,10000,1,4.125871181488037,7.160663604736328,2.9306411743164062,0,0,0,32
sift-128-euclidean,ivf_faiss,3.7129385932942944,5.251169204711914,2.727031707763672,0.843685999999983,100,10000,1,3.779355025291443,7.150888442993164,2.727031707763672,0,0,0,28
sift-128-euclidean,ivf_faiss,3.5411551436376363,4.979372024536133,2.63214111328125,0.8319979999999859,100,10000,1,3.6110034704208376,7.359027862548828,2.63214111328125,0,0,0,26
sift-128-euclidean,ivf_faiss,3.3680708347681816,4.721641540527344,2.513408660888672,0.818952999999985,100,10000,1,3.435819983482361,5.882740020751953,2.513408660888672,0,0,0,24
sift-128-euclidean,ivf_faiss,3.1898786705443873,4.433155059814453,2.4008750915527344,0.8042189999999857,100,10000,1,3.2597322940826414,6.448984146118164,2.4008750915527344,0,0,0,22
sift-128-euclidean,ivf_faiss,3.0166026738684946,4.156351089477539,2.312183380126953,0.787243999999991,100,10000,1,3.0848915338516236,5.576133728027344,2.312183380126953,0,0,0,20
sift-128-euclidean,ivf_faiss,2.8461946054603025,3.893613815307617,2.1915435791015625,0.7677849999999933,100,10000,1,2.910392332077026,5.600929260253906,2.1915435791015625,0,0,0,18
sift-128-euclidean,ivf_faiss,2.67381793442334,3.6165714263916016,2.0723342895507812,0.745228999999989,100,10000,1,2.7346418857574464,6.326913833618164,2.0723342895507812,0,0,0,16
sift-128-euclidean,ivf_faiss,2.5017482723418882,3.3402442932128906,1.9626617431640625,0.7188889999999919,100,10000,1,2.5586700677871703,5.496978759765625,1.9626617431640625,0,0,0,14
sift-128-euclidean,ivf_faiss,2.3324730148677393,3.0603408813476562,1.8503665924072266,0.6876839999999914,100,10000,1,2.384684610366821,5.578756332397461,1.8503665924072266,0,0,0,12
sift-128-euclidean,ivf_faiss,2.1594272517001687,2.7730464935302734,1.7445087432861328,0.6487389999999954,100,10000,1,2.2056371212005614,5.532026290893555,1.7445087432861328,0,0,0,10
sift-128-euclidean,ivf_faiss,1.982265806480034,2.4793148040771484,1.6455650329589844,0.6004259999999978,100,10000,1,2.02205011844635,3.3309459686279297,1.6455650329589844,0,0,0,8
sift-128-euclidean,ivf_faiss,1.815573599707736,2.2072792053222656,1.5418529510498047,0.5367899999999943,100,10000,1,1.8452677249908447,4.573583602905273,1.5418529510498047,0,0,0,6
sift-128-euclidean,ivf_faiss,1.6420968150312631,1.918792724609375,1.4476776123046875,0.44808699999999735,100,10000,1,1.6633502006530763,4.564762115478516,1.4476776123046875,0,0,0,4
sift-128-euclidean,ivf_faiss,1.4608950187799006,1.6121864318847656,1.332998275756836,0.3081540000000006,100,10000,1,1.4727319002151489,2.978801727294922,1.332998275756836,0,0,0,2
yi-128-ip,ivf_faiss,32.509163397700846,34.883737564086914,30.211210250854492,0.9988800000000008,100,1000,1,32.61049461364746,50.55713653564453,28.902053833007812,0,0,0,512
yi-128-ip,ivf_faiss,14.654920502560135,17.475366592407227,12.314796447753906,0.9883500000000043,100,1000,1,14.6989107131958,18.638134002685547,12.314796447753906,0,0,0,256
yi-128-ip,ivf_faiss,12.651907046314193,15.422821044921875,10.543107986450195,0.982780000000005,100,1000,1,12.68943452835083,16.59703254699707,10.543107986450195,0,0,0,224
yi-128-ip,ivf_faiss,10.693359567467066,13.166189193725586,9.02557373046875,0.9750400000000063,100,1000,1,10.718857288360596,13.850688934326172,9.02557373046875,0,0,0,192
yi-128-ip,ivf_faiss,8.812851934547885,11.113166809082031,7.421016693115234,0.9608700000000052,100,1000,1,8.823029518127441,11.49892807006836,7.421016693115234,0,0,0,160
yi-128-ip,ivf_faiss,7.893031932474152,9.909868240356445,6.618499755859375,0.9503100000000043,100,1000,1,7.931192398071289,11.868715286254883,6.618499755859375,0,0,0,144
yi-128-ip,ivf_faiss,6.98330346589656,8.784770965576172,5.823850631713867,0.9375700000000042,100,1000,1,7.016457557678223,9.320259094238281,5.823850631713867,0,0,0,128
yi-128-ip,ivf_faiss,6.100583687806741,7.579326629638672,4.965305328369141,0.9197100000000031,100,1000,1,6.142836093902588,8.144617080688477,4.965305328369141,0,0,0,112
yi-128-ip,ivf_faiss,5.2126681103425865,6.424188613891602,4.071474075317383,0.8971600000000036,100,1000,1,5.280428647994995,6.976842880249023,4.071474075317383,0,0,0,96
yi-128-ip,ivf_faiss,4.37906425036685,5.437612533569336,3.371000289916992,0.86706,100,1000,1,4.434417486190796,5.960941314697266,3.371000289916992,0,0,0,80
yi-128-ip,ivf_faiss,3.5482006995585187,4.513978958129883,2.6819705963134766,0.8248300000000002,100,1000,1,3.6043872833251953,5.8231353759765625,2.6819705963134766,0,0,0,64
yi-128-ip,ivf_faiss,3.141710580873095,4.083871841430664,2.373933792114258,0.7987799999999997,100,1000,1,3.17602801322937,4.426002502441406,2.373933792114258,0,0,0,56
yi-128-ip,ivf_faiss,2.743430283604836,3.6492347717285156,1.9712448120117188,0.7696500000000004,100,1000,1,2.763866662979126,4.046916961669922,1.9712448120117188,0,0,0,48
yi-128-ip,ivf_faiss,2.332301529086366,3.186941146850586,1.6341209411621094,0.73591,100,1000,1,2.3512327671051025,3.4918785095214844,1.6341209411621094,0,0,0,40
yi-128-ip,ivf_faiss,1.9213218553003129,2.64739990234375,1.3332366943359375,0.691300000000001,100,1000,1,1.937520980834961,3.137350082397461,1.3332366943359375,0,0,0,32
yi-128-ip,ivf_faiss,1.7167881570779173,2.4237632751464844,1.1861324310302734,0.6667900000000004,100,1000,1,1.731297254562378,2.8290748596191406,1.1861324310302734,0,0,0,28
yi-128-ip,ivf_faiss,1.6109666045831175,2.248048782348633,1.1227130889892578,0.6524200000000003,100,1000,1,1.627666711807251,2.7680397033691406,1.1227130889892578,0,0,0,26
yi-128-ip,ivf_faiss,1.5027481512945207,2.1009445190429688,1.0421276092529297,0.6372000000000005,100,1000,1,1.5214812755584717,2.6361942291259766,1.0421276092529297,0,0,0,24
yi-128-ip,ivf_faiss,1.4048518571251523,1.9805431365966797,0.9860992431640625,0.6205200000000001,100,1000,1,1.4190726280212402,2.5603771209716797,0.9860992431640625,0,0,0,22
yi-128-ip,ivf_faiss,1.3022156265692981,1.8477439880371094,0.8833408355712891,0.60283,100,1000,1,1.3141696453094482,2.2902488708496094,0.8833408355712891,0,0,0,20
yi-128-ip,ivf_faiss,1.1968028192257125,1.687765121459961,0.7715225219726562,0.5836499999999999,100,1000,1,1.210573434829712,2.099275588989258,0.7715225219726562,0,0,0,18
yi-128-ip,ivf_faiss,1.0957238135956402,1.558542251586914,0.7381439208984375,0.5641000000000005,100,1000,1,1.1092987060546875,2.00653076171875,0.7381439208984375,0,0,0,16
yi-128-ip,ivf_faiss,0.9924012787488042,1.4083385467529297,0.6775856018066406,0.5402600000000005,100,1000,1,1.0038931369781494,1.9218921661376953,0.6775856018066406,0,0,0,14
yi-128-ip,ivf_faiss,0.8902948323132187,1.2822151184082031,0.6072521209716797,0.51161,100,1000,1,0.9008824825286865,1.8346309661865234,0.6072521209716797,0,0,0,12
yi-128-ip,ivf_faiss,0.7898934033452248,1.1401176452636719,0.5178451538085938,0.4787499999999997,100,1000,1,0.7994658946990967,1.5783309936523438,0.5178451538085938,0,0,0,10
yi-128-ip,ivf_faiss,0.6886188278120629,0.9944438934326172,0.45990943908691406,0.43418999999999996,100,1000,1,0.6952877044677734,1.2767314910888672,0.45990943908691406,0,0,0,8
yi-128-ip,ivf_faiss,0.5879678553150546,0.8442401885986328,0.4115104675292969,0.37975999999999976,100,1000,1,0.5908536911010742,1.0161399841308594,0.4115104675292969,0,0,0,6
yi-128-ip,ivf_faiss,0.48484975117571044,0.6995201110839844,0.33974647521972656,0.30317999999999995,100,1000,1,0.4865436553955078,0.7584095001220703,0.33974647521972656,0,0,0,4
yi-128-ip,ivf_faiss,0.38160932375871437,0.5176067352294922,0.3018379211425781,0.19215000000000015,100,1000,1,0.38251638412475586,0.5576610565185547,0.3018379211425781,0,0,0,2
llama-128-ip,ivf_faiss,36.34354115993667,38.41996192932129,34.731149673461914,0.9959900000000019,100,1000,1,36.400721073150635,42.36555099487305,34.731149673461914,0,0,0,512
llama-128-ip,ivf_faiss,16.82536050327935,18.50438117980957,15.324831008911133,0.947920000000005,100,1000,1,16.863946437835693,20.253658294677734,15.324831008911133,0,0,0,256
llama-128-ip,ivf_faiss,14.58808381547812,16.152620315551758,13.241767883300781,0.931590000000004,100,1000,1,14.610267877578735,17.247915267944336,13.241767883300781,0,0,0,224
llama-128-ip,ivf_faiss,12.400783341506433,13.833999633789062,11.23952865600586,0.9114100000000033,100,1000,1,12.424618244171143,14.824867248535156,11.23952865600586,0,0,0,192
llama-128-ip,ivf_faiss,10.261232840833324,11.456489562988281,9.173870086669922,0.8833800000000018,100,1000,1,10.282891511917114,12.136220932006836,9.173870086669922,0,0,0,160
llama-128-ip,ivf_faiss,9.204980450198281,10.312557220458984,8.127927780151367,0.8659200000000018,100,1000,1,9.219312191009521,10.81538200378418,8.066415786743164,0,0,0,144
llama-128-ip,ivf_faiss,8.165447728819505,9.212493896484375,7.097005844116211,0.8450200000000009,100,1000,1,8.179245948791504,9.871482849121094,7.097005844116211,0,0,0,128
llama-128-ip,ivf_faiss,7.139772865640458,8.14676284790039,6.134510040283203,0.8204600000000021,100,1000,1,7.145659923553467,8.421182632446289,6.134510040283203,0,0,0,112
llama-128-ip,ivf_faiss,6.10882874836056,7.022380828857422,5.1727294921875,0.7895200000000013,100,1000,1,6.111955642700195,7.250070571899414,5.1727294921875,0,0,0,96
llama-128-ip,ivf_faiss,5.1031792844022,5.934953689575195,4.252195358276367,0.7528700000000017,100,1000,1,5.104169130325317,6.093025207519531,4.252195358276367,0,0,0,80
llama-128-ip,ivf_faiss,4.1081507205963135,4.818201065063477,3.469228744506836,0.7063800000000015,100,1000,1,4.1081507205963135,4.818201065063477,3.469228744506836,0,0,0,64
llama-128-ip,ivf_faiss,3.620313094542907,4.281520843505859,3.0171871185302734,0.67898,100,1000,1,3.621164083480835,4.471302032470703,3.0171871185302734,0,0,0,56
llama-128-ip,ivf_faiss,3.128969430923462,3.7314891815185547,2.534151077270508,0.6463499999999992,100,1000,1,3.128969430923462,3.7314891815185547,2.534151077270508,0,0,0,48
llama-128-ip,ivf_faiss,2.6404097080230713,3.1332969665527344,2.1233558654785156,0.6077700000000011,100,1000,1,2.6404097080230713,3.1332969665527344,2.1233558654785156,0,0,0,40
llama-128-ip,ivf_faiss,2.165710758828448,2.577543258666992,1.7533302307128906,0.5585599999999995,100,1000,1,2.165707588195801,2.6001930236816406,1.728057861328125,0,0,0,32
llama-128-ip,ivf_faiss,1.9264664037160606,2.270936965942383,1.596689224243164,0.5292699999999998,100,1000,1,1.9265060424804688,2.3374557495117188,1.5468597412109375,0,0,0,28
llama-128-ip,ivf_faiss,1.810064765371554,2.1381378173828125,1.4886856079101562,0.51289,100,1000,1,1.810441255569458,2.1991729736328125,1.4290809631347656,0,0,0,26
llama-128-ip,ivf_faiss,1.692475202327262,1.9977092742919922,1.3821125030517578,0.4958099999999997,100,1000,1,1.69325852394104,2.1097660064697266,1.3821125030517578,0,0,0,24
llama-128-ip,ivf_faiss,1.5776178922997899,1.8529891967773438,1.3022422790527344,0.47883000000000026,100,1000,1,1.5775871276855469,1.878499984741211,1.2488365173339844,0,0,0,22
llama-128-ip,ivf_faiss,1.4624177026219374,1.6982555389404297,1.2154579162597656,0.45966999999999986,100,1000,1,1.4638667106628418,1.8053054809570312,1.2054443359375,0,0,0,20
llama-128-ip,ivf_faiss,1.348645126542939,1.5711784362792969,1.1303424835205078,0.43931000000000064,100,1000,1,1.3514103889465332,2.6044845581054688,1.0821819305419922,0,0,0,18
llama-128-ip,ivf_faiss,1.233676590593943,1.4369487762451172,1.0344982147216797,0.4164900000000009,100,1000,1,1.2341077327728271,1.4820098876953125,0.9822845458984375,0,0,0,16
llama-128-ip,ivf_faiss,1.1231300821266021,1.3096332550048828,0.9503364562988281,0.3921299999999998,100,1000,1,1.123547077178955,1.3530254364013672,0.9090900421142578,0,0,0,14
llama-128-ip,ivf_faiss,1.0110470185796898,1.1675357818603516,0.8525848388671875,0.36518000000000017,100,1000,1,1.0114262104034424,1.209259033203125,0.8306503295898438,0,0,0,12
llama-128-ip,ivf_faiss,0.8979555817112311,1.0273456573486328,0.7653236389160156,0.3326200000000003,100,1000,1,0.898841381072998,1.1951923370361328,0.7448196411132812,0,0,0,10
llama-128-ip,ivf_faiss,0.7874989774759907,0.8976459503173828,0.6771087646484375,0.2967199999999999,100,1000,1,0.7880635261535645,1.0075569152832031,0.6616115570068359,0,0,0,8
llama-128-ip,ivf_faiss,0.6775590567350144,0.7598400115966797,0.5931854248046875,0.2536200000000001,100,1000,1,0.6783485412597656,0.8041858673095703,0.5669593811035156,0,0,0,6
llama-128-ip,ivf_faiss,0.5662131779909382,0.6213188171386719,0.514984130859375,0.19792999999999994,100,1000,1,0.5675530433654785,0.6799697875976562,0.4665851593017578,0,0,0,4
llama-128-ip,ivf_faiss,0.4570095200553041,0.5049705505371094,0.4096031188964844,0.12667999999999993,100,1000,1,0.4574282169342041,0.7734298706054688,0.3867149353027344,0,0,0,2
glove-200-angular,ivf_faiss,58.09687200461799,69.3051815032959,47.07002639770508,0.8336909999999769,100,10000,1,58.49753301143646,83.93645286560059,47.07002639770508,0,0,0,512
glove-200-angular,ivf_faiss,30.836650031151567,39.13307189941406,23.526430130004883,0.7775819999999805,100,10000,1,31.222579026222228,46.83184623718262,23.526430130004883,0,0,0,256
glove-200-angular,ivf_faiss,27.43667007744579,35.161733627319336,20.511627197265625,0.7672909999999817,100,10000,1,27.815050721168518,41.95976257324219,20.511627197265625,0,0,0,224
glove-200-angular,ivf_faiss,24.046503192533983,31.194686889648438,17.932891845703125,0.7549289999999784,100,10000,1,24.39835615158081,37.60671615600586,17.932891845703125,0,0,0,192
glove-200-angular,ivf_faiss,20.632145397629166,27.057886123657227,15.191316604614258,0.7409919999999826,100,10000,1,20.95078432559967,31.961441040039062,15.191316604614258,0,0,0,160
glove-200-angular,ivf_faiss,18.89283577220862,24.883270263671875,13.717174530029297,0.7327159999999838,100,10000,1,19.19736728668213,31.37803077697754,13.717174530029297,0,0,0,144
glove-200-angular,ivf_faiss,17.16672481627039,22.66693115234375,12.529134750366211,0.7234909999999823,100,10000,1,17.4571706533432,27.878522872924805,12.529134750366211,0,0,0,128
glove-200-angular,ivf_faiss,15.421070340846606,20.43938636779785,11.142969131469727,0.7129609999999866,100,10000,1,15.688269138336182,26.118040084838867,11.142969131469727,0,0,0,112
glove-200-angular,ivf_faiss,14.440104967353246,19.304513931274414,10.080575942993164,0.7006599999999874,100,10000,1,14.693247270584106,23.8339900970459,10.080575942993164,0,0,0,96
glove-200-angular,ivf_faiss,11.869729242047638,15.84768295288086,8.436203002929688,0.6859489999999866,100,10000,1,12.079888248443604,20.174026489257812,8.436203002929688,0,0,0,80
glove-200-angular,ivf_faiss,10.06912174745184,13.454914093017578,7.100820541381836,0.6676629999999886,100,10000,1,10.244408512115479,17.327308654785156,7.100820541381836,0,0,0,64
glove-200-angular,ivf_faiss,9.13760471046281,12.193441390991211,6.426811218261719,0.6560129999999871,100,10000,1,9.293280529975892,14.852523803710938,6.426811218261719,0,0,0,56
glove-200-angular,ivf_faiss,8.213363699429047,10.956287384033203,5.717277526855469,0.6424619999999877,100,10000,1,8.349098753929137,13.26751708984375,5.717277526855469,0,0,0,48
glove-200-angular,ivf_faiss,7.286643437259789,9.69076156616211,5.154609680175781,0.626073999999991,100,10000,1,7.400573182106018,12.006521224975586,5.154609680175781,0,0,0,40
glove-200-angular,ivf_faiss,6.318586743224211,8.365631103515625,4.4269561767578125,0.6058089999999935,100,10000,1,6.412973761558533,10.636329650878906,4.4269561767578125,0,0,0,32
glove-200-angular,ivf_faiss,5.82928176297263,7.67207145690918,4.147529602050781,0.5933059999999934,100,10000,1,5.911848855018616,9.584188461303711,4.147529602050781,0,0,0,28
glove-200-angular,ivf_faiss,5.592273289818132,7.336616516113281,3.9560794830322266,0.586512999999994,100,10000,1,5.670189762115479,10.3912353515625,3.9560794830322266,0,0,0,26
glove-200-angular,ivf_faiss,5.337077072138819,6.984949111938477,3.8285255432128906,0.5788409999999966,100,10000,1,5.407614707946777,9.569644927978516,3.8285255432128906,0,0,0,24
glove-200-angular,ivf_faiss,5.090222159734173,6.628990173339844,3.6668777465820312,0.5704289999999956,100,10000,1,5.153448176383972,7.901906967163086,3.6668777465820312,0,0,0,22
glove-200-angular,ivf_faiss,4.854118125666879,6.296396255493164,3.4875869750976562,0.5609799999999963,100,10000,1,4.910475969314575,8.217573165893555,3.4875869750976562,0,0,0,20
glove-200-angular,ivf_faiss,4.5926661760560465,5.936622619628906,3.2885074615478516,0.5507739999999983,100,10000,1,4.642557168006897,8.605003356933594,3.268003463745117,0,0,0,18
glove-200-angular,ivf_faiss,4.336914015404972,5.558490753173828,3.1409263610839844,0.5389659999999998,100,10000,1,4.380232977867126,7.3394775390625,3.103971481323242,0,0,0,16
glove-200-angular,ivf_faiss,4.09257843040308,5.195140838623047,3.0679702758789062,0.5249549999999995,100,10000,1,4.1300395965576175,7.572174072265625,2.969503402709961,0,0,0,14
glove-200-angular,ivf_faiss,3.8187933393319855,4.806041717529297,2.8429031372070312,0.5082309999999995,100,10000,1,3.8498972415924073,7.101297378540039,2.8429031372070312,0,0,0,12
glove-200-angular,ivf_faiss,3.5548474727833486,4.416465759277344,2.733469009399414,0.48771100000000067,100,10000,1,3.581437587738037,6.018638610839844,2.689838409423828,0,0,0,10
glove-200-angular,ivf_faiss,3.298065572760333,4.020214080810547,2.6092529296875,0.46172200000000047,100,10000,1,3.3207773208618163,6.483316421508789,2.6092529296875,0,0,0,8
glove-200-angular,ivf_faiss,3.0088816356346766,3.5948753356933594,2.461671829223633,0.42829200000000184,100,10000,1,3.0263917207717896,6.166696548461914,2.4056434631347656,0,0,0,6
glove-200-angular,ivf_faiss,2.726634984309909,3.1647682189941406,2.313852310180664,0.37760900000000397,100,10000,1,2.7383848667144775,5.236625671386719,2.313852310180664,0,0,0,4
glove-200-angular,ivf_faiss,2.4383810572299565,2.7074813842773438,2.1817684173583984,0.2887380000000029,100,10000,1,2.4458306074142455,5.1670074462890625,2.1817684173583984,0,0,0,2
yandex-200-cosine,ivf_faiss,55.64331086576296,60.06026268005371,51.75447463989258,0.9793400000000038,100,1000,1,55.91067981719971,76.1575698852539,51.75447463989258,0,0,0,512
yandex-200-cosine,ivf_faiss,28.771567072328626,31.650781631469727,26.34143829345703,0.9505400000000036,100,1000,1,28.9282386302948,36.49592399597168,26.34143829345703,0,0,0,256
yandex-200-cosine,ivf_faiss,25.41874349117279,28.107166290283203,23.13375473022461,0.9421100000000036,100,1000,1,25.574420928955078,33.20431709289551,23.13375473022461,0,0,0,224
yandex-200-cosine,ivf_faiss,22.07683354492504,24.518966674804688,19.798994064331055,0.9324200000000036,100,1000,1,22.199153900146484,27.230501174926758,19.798994064331055,0,0,0,192
yandex-200-cosine,ivf_faiss,18.747078927226088,20.889997482299805,16.714096069335938,0.9180100000000033,100,1000,1,18.857221603393555,24.42646026611328,16.714096069335938,0,0,0,160
yandex-200-cosine,ivf_faiss,17.07989969815685,19.084930419921875,15.28477668762207,0.9110300000000032,100,1000,1,17.179834127426147,22.415876388549805,15.28477668762207,0,0,0,144
yandex-200-cosine,ivf_faiss,15.343597429824687,17.115116119384766,13.674020767211914,0.9008900000000036,100,1000,1,15.420155048370361,19.763946533203125,13.674020767211914,0,0,0,128
yandex-200-cosine,ivf_faiss,13.719290494918823,15.403985977172852,12.080669403076172,0.8895200000000042,100,1000,1,13.795127153396606,18.150806427001953,12.080669403076172,0,0,0,112
yandex-200-cosine,ivf_faiss,12.077404959194446,13.60321044921875,10.71786880493164,0.875410000000004,100,1000,1,12.144817590713501,17.337560653686523,10.71786880493164,0,0,0,96
yandex-200-cosine,ivf_faiss,10.360393661671884,11.585474014282227,9.19485092163086,0.8572300000000024,100,1000,1,10.405469179153442,14.333486557006836,9.061098098754883,0,0,0,80
yandex-200-cosine,ivf_faiss,8.71309061599857,9.801149368286133,7.675886154174805,0.8328300000000027,100,1000,1,8.750931739807129,11.405467987060547,7.529258728027344,0,0,0,64
yandex-200-cosine,ivf_faiss,7.872353855965069,8.869647979736328,6.882667541503906,0.8178600000000021,100,1000,1,7.9080705642700195,11.051177978515625,6.8206787109375,0,0,0,56
yandex-200-cosine,ivf_faiss,7.004882179330824,7.848024368286133,6.187200546264648,0.797550000000002,100,1000,1,7.0311174392700195,9.46354866027832,5.975484848022461,0,0,0,48
yandex-200-cosine,ivf_faiss,6.1989426612854,6.967306137084961,5.495786666870117,0.7730200000000012,100,1000,1,6.227206468582153,8.957147598266602,5.209684371948242,0,0,0,40
yandex-200-cosine,ivf_faiss,5.358471865491265,6.015777587890625,4.7626495361328125,0.7411200000000023,100,1000,1,5.380614280700684,8.010387420654297,4.603862762451172,0,0,0,32
yandex-200-cosine,ivf_faiss,4.911910471450266,5.461215972900391,4.392147064208984,0.7216000000000007,100,1000,1,4.93105673789978,6.008386611938477,4.192590713500977,0,0,0,28
yandex-200-cosine,ivf_faiss,4.697929123934694,5.2318572998046875,4.176616668701172,0.7118300000000007,100,1000,1,4.7156593799591064,5.93113899230957,4.052639007568359,0,0,0,26
yandex-200-cosine,ivf_faiss,4.520987684253779,5.061149597167969,3.9942264556884766,0.6990800000000005,100,1000,1,4.536304950714111,7.216691970825195,3.9327144622802734,0,0,0,24
yandex-200-cosine,ivf_faiss,4.305503092521478,4.801273345947266,3.8094520568847656,0.6857800000000008,100,1000,1,4.323510408401489,6.224632263183594,3.754854202270508,0,0,0,22
yandex-200-cosine,ivf_faiss,4.094199544375705,4.559040069580078,3.6516189575195312,0.6714800000000006,100,1000,1,4.107751131057739,6.770133972167969,3.571033477783203,0,0,0,20
yandex-200-cosine,ivf_faiss,3.8854171658836436,4.312038421630859,3.465890884399414,0.6561000000000008,100,1000,1,3.8929924964904785,4.58216667175293,3.363370895385742,0,0,0,18
yandex-200-cosine,ivf_faiss,3.652842659866945,4.043102264404297,3.2701492309570312,0.6388900000000007,100,1000,1,3.6638264656066895,4.3277740478515625,3.2291412353515625,0,0,0,16
yandex-200-cosine,ivf_faiss,3.4390956409706557,3.7794113159179688,3.0934810638427734,0.6171600000000006,100,1000,1,3.4503283500671387,4.112005233764648,3.066539764404297,0,0,0,14
yandex-200-cosine,ivf_faiss,3.267328877979937,3.6165714263916016,2.9158592224121094,0.5941400000000001,100,1000,1,3.27856183052063,5.677461624145508,2.9158592224121094,0,0,0,12
yandex-200-cosine,ivf_faiss,3.0392447536241347,3.3507347106933594,2.736806869506836,0.5634900000000008,100,1000,1,3.050886869430542,4.789113998413086,2.736806869506836,0,0,0,10
yandex-200-cosine,ivf_faiss,2.815416394447794,3.0922889709472656,2.551555633544922,0.5228500000000003,100,1000,1,2.824022054672241,5.211353302001953,2.551555633544922,0,0,0,8
yandex-200-cosine,ivf_faiss,2.6026240200380344,2.8388500213623047,2.3801326751708984,0.4736899999999997,100,1000,1,2.607532262802124,2.9697418212890625,2.3801326751708984,0,0,0,6
yandex-200-cosine,ivf_faiss,2.379616907595621,2.562999725341797,2.222776412963867,0.40294000000000024,100,1000,1,2.38332200050354,2.882242202758789,2.222776412963867,0,0,0,4
yandex-200-cosine,ivf_faiss,2.160279070680345,2.284526824951172,2.048015594482422,0.2925200000000002,100,1000,1,2.1658999919891357,2.769947052001953,2.048015594482422,0,0,0,2
yahoo-minilm-384-normalized,ivf_faiss,93.75314307526222,100.38208961486816,87.72420883178711,0.9927000000000027,100,1000,1,93.85026907920837,113.38281631469727,87.72420883178711,0,0,0,512
yahoo-minilm-384-normalized,ivf_faiss,48.63393762461856,53.59220504760742,44.811248779296875,0.9814700000000047,100,1000,1,48.6683030128479,55.489540100097656,44.811248779296875,0,0,0,256
yahoo-minilm-384-normalized,ivf_faiss,45.472962549891335,50.728797912597656,40.01045227050781,0.9786100000000045,100,1000,1,45.49856758117676,52.98876762390137,40.01045227050781,0,0,0,224
yahoo-minilm-384-normalized,ivf_faiss,39.79742574787331,44.45958137512207,35.125732421875,0.9746900000000038,100,1000,1,39.8088014125824,46.02837562561035,35.125732421875,0,0,0,192
yahoo-minilm-384-normalized,ivf_faiss,33.853118153137025,38.35153579711914,29.961824417114258,0.9692200000000043,100,1000,1,33.86990928649902,39.85738754272461,29.183387756347656,0,0,0,160
yahoo-minilm-384-normalized,ivf_faiss,29.173116167943796,33.277273178100586,25.67601203918457,0.9660200000000044,100,1000,1,29.1817307472229,33.624887466430664,25.67601203918457,0,0,0,144
yahoo-minilm-384-normalized,ivf_faiss,26.358883939907404,30.11608123779297,23.15378189086914,0.9625500000000047,100,1000,1,26.368692874908447,31.456708908081055,23.15378189086914,0,0,0,128
yahoo-minilm-384-normalized,ivf_faiss,23.484769884172504,26.903152465820312,20.386457443237305,0.9576600000000051,100,1000,1,23.49017643928528,28.891324996948242,20.386457443237305,0,0,0,112
yahoo-minilm-384-normalized,ivf_faiss,20.566755348259026,23.647785186767578,18.018007278442383,0.9513900000000046,100,1000,1,20.570162773132324,23.974180221557617,18.018007278442383,0,0,0,96
yahoo-minilm-384-normalized,ivf_faiss,17.736340094663817,20.661592483520508,15.213966369628906,0.943310000000005,100,1000,1,17.74333381652832,21.50273323059082,15.213966369628906,0,0,0,80
yahoo-minilm-384-normalized,ivf_faiss,14.874025432762497,17.395496368408203,12.932300567626953,0.9320700000000043,100,1000,1,14.881142139434814,19.225597381591797,12.932300567626953,0,0,0,64
yahoo-minilm-384-normalized,ivf_faiss,13.38300070127806,15.591859817504883,11.545658111572266,0.924300000000004,100,1000,1,13.38526177406311,15.644073486328125,11.545658111572266,0,0,0,56
yahoo-minilm-384-normalized,ivf_faiss,11.958224603620431,13.965129852294922,10.25700569152832,0.9136200000000033,100,1000,1,11.964808940887451,14.273881912231445,10.25700569152832,0,0,0,48
yahoo-minilm-384-normalized,ivf_faiss,10.532218134236002,12.30621337890625,9.070873260498047,0.9014800000000032,100,1000,1,10.537359237670898,13.724803924560547,9.070873260498047,0,0,0,40
yahoo-minilm-384-normalized,ivf_faiss,9.02010515362084,10.47205924987793,7.557153701782227,0.8826800000000031,100,1000,1,9.023353099822998,10.66279411315918,7.557153701782227,0,0,0,32
yahoo-minilm-384-normalized,ivf_faiss,8.305695401616843,9.763002395629883,6.866455078125,0.8710200000000023,100,1000,1,8.314157724380493,11.83176040649414,6.866455078125,0,0,0,28
yahoo-minilm-384-normalized,ivf_faiss,7.953345057475998,9.305953979492188,6.776094436645508,0.8634500000000036,100,1000,1,7.957372188568115,10.385990142822266,6.482601165771484,0,0,0,26
yahoo-minilm-384-normalized,ivf_faiss,7.554933950827047,8.820533752441406,6.467580795288086,0.8558700000000035,100,1000,1,7.553576231002808,8.820533752441406,6.197214126586914,0,0,0,24
yahoo-minilm-384-normalized,ivf_faiss,7.181992860830416,8.318901062011719,5.969524383544922,0.8460500000000024,100,1000,1,7.1859517097473145,8.555173873901367,5.969524383544922,0,0,0,22
yahoo-minilm-384-normalized,ivf_faiss,6.834629795680823,7.968902587890625,5.776882171630859,0.8354700000000027,100,1000,1,6.843242168426514,9.134769439697266,5.776882171630859,0,0,0,20
yahoo-minilm-384-normalized,ivf_faiss,6.473101028288253,7.50279426574707,5.55872917175293,0.824570000000003,100,1000,1,6.484521865844727,9.418725967407227,5.321025848388672,0,0,0,18
yahoo-minilm-384-normalized,ivf_faiss,6.075447365160911,6.953716278076172,5.21397590637207,0.8102100000000027,100,1000,1,6.0801215171813965,7.36236572265625,5.053997039794922,0,0,0,16
yahoo-minilm-384-normalized,ivf_faiss,5.687137705973595,6.540060043334961,4.860162734985352,0.793620000000002,100,1000,1,5.696035623550415,6.913661956787109,4.759311676025391,0,0,0,14
yahoo-minilm-384-normalized,ivf_faiss,5.31593315031847,6.080150604248047,4.587888717651367,0.7732800000000017,100,1000,1,5.325406789779663,6.5746307373046875,4.54258918762207,0,0,0,12
yahoo-minilm-384-normalized,ivf_faiss,4.965029150096293,5.669832229614258,4.27699089050293,0.7477400000000007,100,1000,1,4.978931903839111,7.48896598815918,4.27699089050293,0,0,0,10
yahoo-minilm-384-normalized,ivf_faiss,4.569243857078629,5.195379257202148,4.022121429443359,0.7150299999999999,100,1000,1,4.573582172393799,5.420684814453125,4.022121429443359,0,0,0,8
yahoo-minilm-384-normalized,ivf_faiss,4.1997916282245775,4.730463027954102,3.7603378295898438,0.6695399999999999,100,1000,1,4.208197116851807,7.6389312744140625,3.7603378295898438,0,0,0,6
yahoo-minilm-384-normalized,ivf_faiss,3.7956322082365404,4.197359085083008,3.4415721893310547,0.5975800000000004,100,1000,1,3.80067777633667,4.687786102294922,3.4415721893310547,0,0,0,4
yahoo-minilm-384-normalized,ivf_faiss,3.401048064595685,3.674030303955078,3.1647682189941406,0.46160999999999963,100,1000,1,3.4063878059387207,3.765583038330078,3.1647682189941406,0,0,0,2
msong-420,ivf_faiss,164.525061815767,203.2153606414795,112.10107803344727,0.9999300000000001,100,1000,1,164.0646231174469,203.2153606414795,86.24434471130371,0,0,0,512
msong-420,ivf_faiss,86.89077365747958,113.62409591674805,55.478572845458984,0.9991800000000005,100,1000,1,86.48096370697021,113.62409591674805,40.51566123962402,0,0,0,256
msong-420,ivf_faiss,76.72012430248839,98.9065170288086,47.868967056274414,0.9988600000000007,100,1000,1,76.3788046836853,98.9065170288086,34.61170196533203,0,0,0,224
msong-420,ivf_faiss,66.40596726928095,89.61915969848633,40.71187973022461,0.9982900000000011,100,1000,1,66.10222697257996,89.61915969848633,30.120849609375,0,0,0,192
msong-420,ivf_faiss,56.396385594721764,76.1113166809082,32.76681900024414,0.9972500000000015,100,1000,1,56.18067193031311,76.1113166809082,24.829626083374023,0,0,0,160
msong-420,ivf_faiss,51.04675216059531,68.11285018920898,29.306888580322266,0.9964900000000019,100,1000,1,50.84854030609131,68.11285018920898,22.272825241088867,0,0,0,144
msong-420,ivf_faiss,45.99781458951676,60.92500686645508,25.150299072265625,0.9953700000000018,100,1000,1,45.83844709396362,60.92500686645508,20.862579345703125,0,0,0,128
msong-420,ivf_faiss,40.903978049755096,56.036949157714844,23.0715274810791,0.9936500000000021,100,1000,1,40.741458892822266,56.036949157714844,18.28622817993164,0,0,0,112
msong-420,ivf_faiss,35.542150916402775,48.452138900756836,18.315553665161133,0.9912400000000031,100,1000,1,35.48579144477844,48.452138900756836,15.906810760498047,0,0,0,96
msong-420,ivf_faiss,30.318294832845012,42.0835018157959,14.719963073730469,0.9872900000000041,100,1000,1,30.285724401474,42.0835018157959,13.536214828491211,0,0,0,80
msong-420,ivf_faiss,25.059152603149414,36.6818904876709,11.68680191040039,0.9806400000000037,100,1000,1,25.059152603149414,36.6818904876709,11.68680191040039,0,0,0,64
msong-420,ivf_faiss,22.411049842834473,32.81974792480469,10.257482528686523,0.9758800000000041,100,1000,1,22.411049842834473,32.81974792480469,10.257482528686523,0,0,0,56
msong-420,ivf_faiss,19.820014238357544,27.512550354003906,9.343624114990234,0.9688900000000037,100,1000,1,19.820014238357544,27.512550354003906,9.343624114990234,0,0,0,48
msong-420,ivf_faiss,17.261108875274658,24.269819259643555,8.606910705566406,0.9579600000000044,100,1000,1,17.261108875274658,24.269819259643555,8.606910705566406,0,0,0,40
msong-420,ivf_faiss,14.54834794998169,20.490407943725586,7.459163665771484,0.9414000000000045,100,1000,1,14.54834794998169,20.490407943725586,7.459163665771484,0,0,0,32
msong-420,ivf_faiss,13.28904914855957,19.98615264892578,6.997346878051758,0.9294400000000037,100,1000,1,13.28904914855957,19.98615264892578,6.997346878051758,0,0,0,28
msong-420,ivf_faiss,12.591490507125854,17.592430114746094,6.790876388549805,0.9223200000000026,100,1000,1,12.591490507125854,17.592430114746094,6.790876388549805,0,0,0,26
msong-420,ivf_faiss,11.975762128829956,16.866683959960938,6.6738128662109375,0.9135600000000024,100,1000,1,11.975762128829956,16.866683959960938,6.6738128662109375,0,0,0,24
msong-420,ivf_faiss,11.248758792877197,16.010046005249023,6.396055221557617,0.9037500000000037,100,1000,1,11.248758792877197,16.010046005249023,6.396055221557617,0,0,0,22
msong-420,ivf_faiss,10.656175374984741,15.800714492797852,6.236553192138672,0.892170000000002,100,1000,1,10.656175374984741,15.800714492797852,6.236553192138672,0,0,0,20
msong-420,ivf_faiss,9.949313402175903,14.092206954956055,5.908012390136719,0.8776000000000027,100,1000,1,9.949313402175903,14.092206954956055,5.908012390136719,0,0,0,18
msong-420,ivf_faiss,9.287479639053345,13.399600982666016,5.562067031860352,0.8600400000000028,100,1000,1,9.287479639053345,13.399600982666016,5.562067031860352,0,0,0,16
msong-420,ivf_faiss,8.640511002473698,12.489795684814453,5.293607711791992,0.8382000000000013,100,1000,1,8.650574922561646,13.963699340820312,5.293607711791992,0,0,0,14
msong-420,ivf_faiss,7.926758050918579,11.381149291992188,5.140066146850586,0.8110499999999994,100,1000,1,7.926758050918579,11.381149291992188,5.140066146850586,0,0,0,12
msong-420,ivf_faiss,7.247173881913763,10.219097137451172,4.814624786376953,0.774860000000002,100,1000,1,7.261430263519287,12.044668197631836,4.814624786376953,0,0,0,10
msong-420,ivf_faiss,6.61470131984087,9.119987487792969,4.569530487060547,0.7259300000000004,100,1000,1,6.622637748718262,9.361743927001953,4.569530487060547,0,0,0,8
msong-420,ivf_faiss,5.936268937504041,7.789134979248047,4.354000091552734,0.6590699999999994,100,1000,1,5.94350004196167,9.086370468139648,4.354000091552734,0,0,0,6
msong-420,ivf_faiss,5.223627873104756,6.48951530456543,4.128932952880859,0.5532400000000006,100,1000,1,5.242247819900513,6.766557693481445,4.128932952880859,0,0,0,4
msong-420,ivf_faiss,4.564837975935503,5.286693572998047,4.029035568237305,0.376669999999999,100,1000,1,4.572889089584351,5.525112152099609,4.029035568237305,0,0,0,2
imagenet-clip-512-normalized,ivf_faiss,172.98644638061523,208.67013931274414,147.4614143371582,0.9996400000000002,100,1000,1,172.98644638061523,208.67013931274414,147.4614143371582,0,0,0,512
imagenet-clip-512-normalized,ivf_faiss,90.21113181114197,110.05163192749023,73.10676574707031,0.9985500000000005,100,1000,1,90.21113181114197,110.05163192749023,73.10676574707031,0,0,0,256
imagenet-clip-512-normalized,ivf_faiss,79.84438920021057,98.92010688781738,64.75663185119629,0.9980200000000006,100,1000,1,79.84438920021057,98.92010688781738,64.75663185119629,0,0,0,224
imagenet-clip-512-normalized,ivf_faiss,69.35090775246377,84.63764190673828,56.40554428100586,0.997440000000001,100,1000,1,69.36728763580322,85.73079109191895,56.40554428100586,0,0,0,192
imagenet-clip-512-normalized,ivf_faiss,58.88931051985518,72.89981842041016,46.89335823059082,0.9963500000000013,100,1000,1,58.90493988990784,74.51868057250977,46.89335823059082,0,0,0,160
imagenet-clip-512-normalized,ivf_faiss,53.57391784040476,66.50805473327637,42.325735092163086,0.9956900000000014,100,1000,1,53.617817640304565,69.81086730957031,42.325735092163086,0,0,0,144
imagenet-clip-512-normalized,ivf_faiss,48.30527162265204,60.118675231933594,37.91213035583496,0.9947400000000016,100,1000,1,48.33285188674927,63.36712837219238,37.91213035583496,0,0,0,128
imagenet-clip-512-normalized,ivf_faiss,43.01088076961832,53.20024490356445,33.66422653198242,0.9932200000000021,100,1000,1,43.08029508590698,55.67336082458496,33.66422653198242,0,0,0,112
imagenet-clip-512-normalized,ivf_faiss,40.09252852398749,50.124406814575195,31.44550323486328,0.9913500000000021,100,1000,1,40.12623453140259,52.52528190612793,31.44550323486328,0,0,0,96
imagenet-clip-512-normalized,ivf_faiss,34.38136896938236,42.88482666015625,27.016639709472656,0.9883800000000023,100,1000,1,34.445772886276245,44.28529739379883,27.016639709472656,0,0,0,80
imagenet-clip-512-normalized,ivf_faiss,28.952144954099232,36.254167556762695,22.49002456665039,0.9837800000000025,100,1000,1,28.984355449676514,38.339853286743164,22.49002456665039,0,0,0,64
imagenet-clip-512-normalized,ivf_faiss,24.71322820644186,30.853271484375,19.06728744506836,0.9803700000000027,100,1000,1,24.782294511795044,32.750844955444336,19.06728744506836,0,0,0,56
imagenet-clip-512-normalized,ivf_faiss,21.74715337253386,27.13608741760254,16.54529571533203,0.9757800000000028,100,1000,1,21.7994122505188,32.09733963012695,16.54529571533203,0,0,0,48
imagenet-clip-512-normalized,ivf_faiss,19.070881447335612,23.46014976501465,14.79339599609375,0.9694000000000026,100,1000,1,19.160157442092896,24.689674377441406,14.79339599609375,0,0,0,40
imagenet-clip-512-normalized,ivf_faiss,16.462269318409454,20.259618759155273,12.804269790649414,0.9598300000000023,100,1000,1,16.564146280288696,23.242950439453125,12.647390365600586,0,0,0,32
imagenet-clip-512-normalized,ivf_faiss,15.039175718258589,18.4481143951416,11.754512786865234,0.9530200000000029,100,1000,1,15.136584520339966,19.672870635986328,11.754512786865234,0,0,0,28
imagenet-clip-512-normalized,ivf_faiss,14.436476536286182,17.6084041595459,11.352777481079102,0.9490000000000023,100,1000,1,14.530455589294434,18.841981887817383,11.352777481079102,0,0,0,26
imagenet-clip-512-normalized,ivf_faiss,13.700307151417674,16.760826110839844,10.814189910888672,0.9447800000000026,100,1000,1,13.803409099578857,18.98980140686035,10.814189910888672,0,0,0,24
imagenet-clip-512-normalized,ivf_faiss,13.081241192514158,15.949249267578125,10.383129119873047,0.9386900000000022,100,1000,1,13.171720027923584,17.470121383666992,10.383129119873047,0,0,0,22
imagenet-clip-512-normalized,ivf_faiss,12.356119574760148,15.084505081176758,9.888887405395508,0.9326100000000027,100,1000,1,12.426521301269531,16.700267791748047,9.888887405395508,0,0,0,20
imagenet-clip-512-normalized,ivf_faiss,11.746130723219652,14.254093170166016,9.476661682128906,0.9250700000000018,100,1000,1,11.825876712799072,17.80414581298828,9.476661682128906,0,0,0,18
imagenet-clip-512-normalized,ivf_faiss,11.001306893874188,13.405799865722656,8.691787719726562,0.9154300000000019,100,1000,1,11.059492111206055,14.663457870483398,8.691787719726562,0,0,0,16
imagenet-clip-512-normalized,ivf_faiss,10.409694611111098,12.639284133911133,8.429527282714844,0.9041000000000028,100,1000,1,10.472928762435913,14.26076889038086,8.429527282714844,0,0,0,14
imagenet-clip-512-normalized,ivf_faiss,9.710061697312343,11.595726013183594,7.885932922363281,0.8883900000000026,100,1000,1,9.769412994384766,14.31727409362793,7.802486419677734,0,0,0,12
imagenet-clip-512-normalized,ivf_faiss,8.95422989008378,10.650873184204102,7.311105728149414,0.8690700000000026,100,1000,1,8.99627161026001,11.608362197875977,7.311105728149414,0,0,0,10
imagenet-clip-512-normalized,ivf_faiss,8.336295847032892,9.899139404296875,6.933450698852539,0.8433200000000014,100,1000,1,8.384521245956421,11.417627334594727,6.933450698852539,0,0,0,8
imagenet-clip-512-normalized,ivf_faiss,7.626373748310277,8.859634399414062,6.608009338378906,0.8045600000000018,100,1000,1,7.664661407470703,13.009071350097656,6.370067596435547,0,0,0,6
imagenet-clip-512-normalized,ivf_faiss,6.883594589155228,7.824420928955078,6.011724472045898,0.7371100000000033,100,1000,1,6.912768840789795,8.473873138427734,6.011724472045898,0,0,0,4
imagenet-clip-512-normalized,ivf_faiss,6.170520714489846,6.775140762329102,5.645990371704102,0.5917700000000001,100,1000,1,6.1862006187438965,8.245706558227539,5.645990371704102,0,0,0,2
laion-clip-512-normalized,ivf_faiss,122.65340117521065,129.83417510986328,115.95630645751953,0.6757300000000003,100,1000,1,122.76187825202942,149.92880821228027,115.95630645751953,0,0,0,512
laion-clip-512-normalized,ivf_faiss,59.554007799938475,64.38398361206055,55.31644821166992,0.4621599999999993,100,1000,1,59.61498284339905,69.79870796203613,55.31644821166992,0,0,0,256
laion-clip-512-normalized,ivf_faiss,51.99149895687493,56.37073516845703,48.50149154663086,0.4250499999999993,100,1000,1,52.09719443321228,60.76622009277344,48.50149154663086,0,0,0,224
laion-clip-512-normalized,ivf_faiss,44.68594673056857,48.76279830932617,41.22328758239746,0.3858699999999994,100,1000,1,44.72152924537659,51.606178283691406,41.22328758239746,0,0,0,192
laion-clip-512-normalized,ivf_faiss,37.37748334855598,40.82465171813965,34.16109085083008,0.3420899999999995,100,1000,1,37.44509983062744,44.033050537109375,34.16109085083008,0,0,0,160
laion-clip-512-normalized,ivf_faiss,33.80544253481113,37.17756271362305,31.073570251464844,0.31968999999999964,100,1000,1,33.869126319885254,39.395809173583984,31.073570251464844,0,0,0,144
laion-clip-512-normalized,ivf_faiss,30.245143138706805,33.19287300109863,27.667760848999023,0.29206,100,1000,1,30.308964729309082,35.45784950256348,27.667760848999023,0,0,0,128
laion-clip-512-normalized,ivf_faiss,26.779180899231957,29.391050338745117,24.426698684692383,0.26606999999999986,100,1000,1,26.850293397903442,31.752586364746094,24.426698684692383,0,0,0,112
laion-clip-512-normalized,ivf_faiss,23.304308276619683,25.730371475219727,21.302223205566406,0.23922000000000004,100,1000,1,23.365216493606567,27.484655380249023,21.302223205566406,0,0,0,96
laion-clip-512-normalized,ivf_faiss,19.89789966677056,21.901607513427734,18.13673973083496,0.20263000000000023,100,1000,1,19.95961332321167,23.993730545043945,18.13673973083496,0,0,0,80
laion-clip-512-normalized,ivf_faiss,16.546770992120766,18.19920539855957,14.960050582885742,0.16972000000000018,100,1000,1,16.624613285064697,19.951581954956055,14.960050582885742,0,0,0,64
laion-clip-512-normalized,ivf_faiss,14.962113528432974,16.56484603881836,13.498067855834961,0.15576000000000004,100,1000,1,15.019613265991211,17.86041259765625,13.498067855834961,0,0,0,56
laion-clip-512-normalized,ivf_faiss,13.363736756840108,14.758586883544922,12.173175811767578,0.1340700000000001,100,1000,1,13.425119161605835,16.19553565979004,12.173175811767578,0,0,0,48
laion-clip-512-normalized,ivf_faiss,11.797522811732666,13.059616088867188,10.692834854125977,0.1157600000000001,100,1000,1,11.8426673412323,14.487266540527344,10.692834854125977,0,0,0,40
laion-clip-512-normalized,ivf_faiss,10.270304204004603,11.343717575073242,9.40847396850586,0.0929700000000001,100,1000,1,10.296688318252563,12.598037719726562,9.40847396850586,0,0,0,32
laion-clip-512-normalized,ivf_faiss,9.511866932543217,10.472536087036133,8.695125579833984,0.0814200000000001,100,1000,1,9.547847032546997,11.553764343261719,8.695125579833984,0,0,0,28
laion-clip-512-normalized,ivf_faiss,9.132281128241091,10.035991668701172,8.33749771118164,0.07678000000000008,100,1000,1,9.155781984329224,10.861873626708984,8.33749771118164,0,0,0,26
laion-clip-512-normalized,ivf_faiss,8.776981326484096,9.639263153076172,7.966279983520508,0.07069000000000011,100,1000,1,8.801098346710205,10.409116744995117,7.966279983520508,0,0,0,24
laion-clip-512-normalized,ivf_faiss,8.415587580933863,9.238719940185547,7.64012336730957,0.06643000000000007,100,1000,1,8.434548377990723,9.915590286254883,7.570743560791016,0,0,0,22
laion-clip-512-normalized,ivf_faiss,8.050124094286335,8.82720947265625,7.295131683349609,0.06173000000000004,100,1000,1,8.07144021987915,9.614229202270508,7.295131683349609,0,0,0,20
laion-clip-512-normalized,ivf_faiss,7.694389191141889,8.405447006225586,7.05718994140625,0.05479000000000008,100,1000,1,7.715329885482788,9.196996688842773,7.05718994140625,0,0,0,18
laion-clip-512-normalized,ivf_faiss,7.3343065481098595,7.998228073120117,6.773471832275391,0.04941000000000005,100,1000,1,7.349088430404663,8.708715438842773,6.773471832275391,0,0,0,16
laion-clip-512-normalized,ivf_faiss,6.990353347327704,7.625818252563477,6.409645080566406,0.04359000000000006,100,1000,1,7.005236864089966,8.231401443481445,6.409645080566406,0,0,0,14
laion-clip-512-normalized,ivf_faiss,6.642923228980808,7.2383880615234375,6.151437759399414,0.03722000000000002,100,1000,1,6.65554666519165,7.639408111572266,6.151437759399414,0,0,0,12
laion-clip-512-normalized,ivf_faiss,6.299884887431158,6.8302154541015625,5.82575798034668,0.03093000000000004,100,1000,1,6.311841249465942,7.472991943359375,5.82575798034668,0,0,0,10
laion-clip-512-normalized,ivf_faiss,5.9644499569074485,6.431818008422852,5.525112152099609,0.025770000000000032,100,1000,1,5.972681283950806,6.840705871582031,5.525112152099609,0,0,0,8
laion-clip-512-normalized,ivf_faiss,5.645389373300044,6.0443878173828125,5.310297012329102,0.020979999999999995,100,1000,1,5.6531736850738525,6.557941436767578,5.310297012329102,0,0,0,6
laion-clip-512-normalized,ivf_faiss,5.334562135611469,5.675792694091797,5.081653594970703,0.014389999999999977,100,1000,1,5.339500188827515,5.975008010864258,5.081653594970703,0,0,0,4
laion-clip-512-normalized,ivf_faiss,5.03692782814096,5.2642822265625,4.856348037719727,0.0075599999999999895,100,1000,1,5.042840242385864,5.383491516113281,4.856348037719727,0,0,0,2
imagenet-align-640-normalized,ivf_faiss,162.89763306126451,169.9843406677246,155.61556816101074,0.8673500000000023,100,1000,1,162.9425802230835,182.91163444519043,152.95720100402832,0,0,0,512
imagenet-align-640-normalized,ivf_faiss,81.93468078365171,86.21001243591309,77.83842086791992,0.6892900000000011,100,1000,1,82.01582884788513,88.48881721496582,77.83842086791992,0,0,0,256
imagenet-align-640-normalized,ivf_faiss,72.31324536321613,76.23648643493652,68.77827644348145,0.6464200000000004,100,1000,1,72.37238121032715,78.66477966308594,68.17293167114258,0,0,0,224
imagenet-align-640-normalized,ivf_faiss,62.601499479723515,66.12467765808105,59.13972854614258,0.6092400000000003,100,1000,1,62.68241858482361,68.87459754943848,59.13972854614258,0,0,0,192
imagenet-align-640-normalized,ivf_faiss,53.07028799345999,56.366682052612305,50.054311752319336,0.5521600000000003,100,1000,1,53.11155343055725,58.79616737365723,50.054311752319336,0,0,0,160
imagenet-align-640-normalized,ivf_faiss,48.28970610854114,51.291465759277344,45.54343223571777,0.52405,100,1000,1,48.33230233192444,53.43198776245117,45.54343223571777,0,0,0,144
imagenet-align-640-normalized,ivf_faiss,43.556510136510774,46.26178741455078,41.11194610595703,0.4893599999999995,100,1000,1,43.594738245010376,48.7060546875,41.11194610595703,0,0,0,128
imagenet-align-640-normalized,ivf_faiss,38.90910346498374,41.346073150634766,36.6818904876709,0.4441799999999999,100,1000,1,38.94738698005676,44.55685615539551,36.6818904876709,0,0,0,112
imagenet-align-640-normalized,ivf_faiss,34.34904859709208,36.469221115112305,32.21631050109863,0.39354999999999957,100,1000,1,34.38162159919739,38.24448585510254,31.862258911132812,0,0,0,96
imagenet-align-640-normalized,ivf_faiss,29.76298623560888,31.636714935302734,27.956008911132812,0.3562699999999996,100,1000,1,29.785568714141846,33.26845169067383,27.254581451416016,0,0,0,80
imagenet-align-640-normalized,ivf_faiss,25.07607279570881,26.699304580688477,23.452043533325195,0.30552000000000007,100,1000,1,25.10786724090576,27.729034423828125,23.400306701660156,0,0,0,64
imagenet-align-640-normalized,ivf_faiss,22.718765552227314,24.220705032348633,21.31199836730957,0.27620000000000033,100,1000,1,22.753822803497314,25.220632553100586,20.980119705200195,0,0,0,56
imagenet-align-640-normalized,ivf_faiss,20.41336475175601,21.85964584350586,18.97573471069336,0.24925999999999998,100,1000,1,20.42803931236267,22.27163314819336,18.935680389404297,0,0,0,48
imagenet-align-640-normalized,ivf_faiss,18.094836140362244,19.309282302856445,16.911029815673828,0.21845999999999968,100,1000,1,18.10695195198059,20.08986473083496,16.51740074157715,0,0,0,40
imagenet-align-640-normalized,ivf_faiss,15.813062689125417,16.882658004760742,14.770984649658203,0.17945999999999987,100,1000,1,15.821691751480103,17.55499839782715,14.259099960327148,0,0,0,32
imagenet-align-640-normalized,ivf_faiss,14.684456653536762,15.670299530029297,13.695240020751953,0.15514000000000006,100,1000,1,14.70433521270752,16.292810440063477,13.639450073242188,0,0,0,28
imagenet-align-640-normalized,ivf_faiss,14.122618677174243,15.09547233581543,13.23556900024414,0.14084,100,1000,1,14.143663167953491,15.716791152954102,13.094186782836914,0,0,0,26
imagenet-align-640-normalized,ivf_faiss,13.587663125018684,14.53256607055664,12.705802917480469,0.1308700000000001,100,1000,1,13.611732244491577,15.173912048339844,12.705802917480469,0,0,0,24
imagenet-align-640-normalized,ivf_faiss,13.058931181727019,13.970375061035156,12.198925018310547,0.1191600000000001,100,1000,1,13.08054804801941,15.644550323486328,12.198925018310547,0,0,0,22
imagenet-align-640-normalized,ivf_faiss,12.548081160801921,13.453483581542969,11.762380599975586,0.11216000000000007,100,1000,1,12.56459665298462,13.899087905883789,11.762380599975586,0,0,0,20
imagenet-align-640-normalized,ivf_faiss,12.048738481548689,12.905120849609375,11.215686798095703,0.10123,100,1000,1,12.063667058944702,13.414382934570312,11.215686798095703,0,0,0,18
imagenet-align-640-normalized,ivf_faiss,11.53362611504262,12.34745979309082,10.833024978637695,0.0938400000000001,100,1000,1,11.548527956008911,13.253927230834961,10.669708251953125,0,0,0,16
imagenet-align-640-normalized,ivf_faiss,11.030530735334407,11.800527572631836,10.31351089477539,0.08164000000000007,100,1000,1,11.0458083152771,12.289285659790039,10.241508483886719,0,0,0,14
imagenet-align-640-normalized,ivf_faiss,10.517745090620167,11.198997497558594,9.82522964477539,0.06752000000000004,100,1000,1,10.530939817428589,13.112068176269531,9.78708267211914,0,0,0,12
imagenet-align-640-normalized,ivf_faiss,9.998881708162534,10.674238204956055,9.324789047241211,0.05601999999999999,100,1000,1,10.004770517349243,11.098146438598633,9.118318557739258,0,0,0,10
imagenet-align-640-normalized,ivf_faiss,9.752533187164119,10.384321212768555,9.145975112915039,0.04369000000000002,100,1000,1,9.763776302337646,10.819435119628906,8.967161178588867,0,0,0,8
imagenet-align-640-normalized,ivf_faiss,9.461324715080183,10.048866271972656,8.88967514038086,0.02984000000000004,100,1000,1,9.468711614608765,10.68735122680664,8.716106414794922,0,0,0,6
imagenet-align-640-normalized,ivf_faiss,8.804542901552992,9.04989242553711,8.626461029052734,0.009149999999999988,100,1000,1,8.856735944747925,9.613275527954102,8.465051651000977,0,0,0,4
imagenet-align-640-normalized,ivf_faiss,8.282919439840503,8.349895477294922,8.21542739868164,0.0015300000000000003,100,1000,1,8.269235372543335,8.767127990722656,7.873773574829102,0,0,0,2
codesearchnet-jina-768-cosine,ivf_faiss,290.0967184670703,322.4825859069824,254.0304660797119,0.9835100000000049,100,1000,1,290.09686040878296,326.8239498138428,253.5114288330078,0,0,0,512
codesearchnet-jina-768-cosine,ivf_faiss,146.04113800357086,161.81492805480957,129.6534538269043,0.9678200000000062,100,1000,1,146.07445168495178,164.81733322143555,125.59056282043457,0,0,0,256
codesearchnet-jina-768-cosine,ivf_faiss,128.90495401788428,143.9647674560547,113.21115493774414,0.9640800000000055,100,1000,1,128.94103336334229,148.47469329833984,109.86089706420898,0,0,0,224
codesearchnet-jina-768-cosine,ivf_faiss,111.88803212230943,126.20234489440918,97.73111343383789,0.9595000000000049,100,1000,1,111.92147827148438,129.76598739624023,93.96076202392578,0,0,0,192
codesearchnet-jina-768-cosine,ivf_faiss,94.87756101330321,107.65886306762695,82.72528648376465,0.9528800000000048,100,1000,1,94.95465993881226,111.1609935760498,82.72528648376465,0,0,0,160
codesearchnet-jina-768-cosine,ivf_faiss,86.30825454865268,98.64997863769531,74.23162460327148,0.9488600000000053,100,1000,1,86.35057353973389,101.9902229309082,72.23081588745117,0,0,0,144
codesearchnet-jina-768-cosine,ivf_faiss,77.75642550447337,88.80352973937988,66.57981872558594,0.9443900000000046,100,1000,1,77.80642199516296,90.93809127807617,65.77682495117188,0,0,0,128
codesearchnet-jina-768-cosine,ivf_faiss,69.30873211720579,80.12700080871582,58.79950523376465,0.9389800000000039,100,1000,1,69.3334550857544,82.79037475585938,58.005332946777344,0,0,0,112
codesearchnet-jina-768-cosine,ivf_faiss,60.77286463148397,70.10245323181152,51.630496978759766,0.931710000000003,100,1000,1,60.797404527664185,73.68874549865723,49.994707107543945,0,0,0,96
codesearchnet-jina-768-cosine,ivf_faiss,52.14177841140378,60.37712097167969,44.129371643066406,0.9226900000000028,100,1000,1,52.20149040222168,66.27035140991211,41.90397262573242,0,0,0,80
codesearchnet-jina-768-cosine,ivf_faiss,43.663613851568414,50.408363342285156,36.79180145263672,0.9107400000000028,100,1000,1,43.658161640167236,53.06386947631836,35.28237342834473,0,0,0,64
codesearchnet-jina-768-cosine,ivf_faiss,39.382081219454705,45.91870307922363,32.935142517089844,0.9033300000000026,100,1000,1,39.392297983169556,48.21276664733887,32.02366828918457,0,0,0,56
codesearchnet-jina-768-cosine,ivf_faiss,35.02188098262733,41.05114936828613,29.26158905029297,0.8939700000000014,100,1000,1,35.0361430644989,42.26493835449219,28.705835342407227,0,0,0,48
codesearchnet-jina-768-cosine,ivf_faiss,30.8011540026226,36.1325740814209,25.609970092773438,0.8827400000000016,100,1000,1,30.807506561279297,37.22023963928223,24.576902389526367,0,0,0,40
codesearchnet-jina-768-cosine,ivf_faiss,26.459170778992192,31.28838539123535,21.767854690551758,0.8675500000000017,100,1000,1,26.469744205474854,32.63235092163086,20.90764045715332,0,0,0,32
codesearchnet-jina-768-cosine,ivf_faiss,24.237515818533584,28.30648422241211,19.893407821655273,0.8572700000000018,100,1000,1,24.25158143043518,29.312610626220703,19.539594650268555,0,0,0,28
codesearchnet-jina-768-cosine,ivf_faiss,23.120706184841428,27.223825454711914,19.17886734008789,0.8516200000000015,100,1000,1,23.16390299797058,28.538942337036133,19.17886734008789,0,0,0,26
codesearchnet-jina-768-cosine,ivf_faiss,22.041743375503525,25.92158317565918,18.12005043029785,0.8459400000000019,100,1000,1,22.074233055114746,27.86540985107422,18.12005043029785,0,0,0,24
codesearchnet-jina-768-cosine,ivf_faiss,20.943572892615542,24.796724319458008,17.278432846069336,0.8395300000000017,100,1000,1,20.96396827697754,25.21657943725586,17.278432846069336,0,0,0,22
codesearchnet-jina-768-cosine,ivf_faiss,19.84946996393338,23.41175079345703,16.454696655273438,0.8313900000000007,100,1000,1,19.868392944335938,25.867462158203125,16.11638069152832,0,0,0,20
codesearchnet-jina-768-cosine,ivf_faiss,18.767762303951397,22.294044494628906,15.341043472290039,0.8223200000000014,100,1000,1,18.780221462249756,23.261070251464844,15.079021453857422,0,0,0,18
codesearchnet-jina-768-cosine,ivf_faiss,17.714355741777727,20.892858505249023,14.59193229675293,0.8118600000000019,100,1000,1,17.742451667785645,21.514177322387695,14.59193229675293,0,0,0,16
codesearchnet-jina-768-cosine,ivf_faiss,16.579985017131726,19.556522369384766,13.744115829467773,0.7995900000000011,100,1000,1,16.6125385761261,20.55191993713379,13.744115829467773,0,0,0,14
codesearchnet-jina-768-cosine,ivf_faiss,15.459725933690224,18.244266510009766,12.97140121459961,0.7842100000000009,100,1000,1,15.484567880630493,19.280433654785156,12.97140121459961,0,0,0,12
codesearchnet-jina-768-cosine,ivf_faiss,14.301960155217335,16.817569732666016,11.913299560546875,0.7636100000000009,100,1000,1,14.330984830856323,18.47362518310547,11.913299560546875,0,0,0,10
codesearchnet-jina-768-cosine,ivf_faiss,13.199765355356279,15.417098999023438,11.164426803588867,0.7387500000000012,100,1000,1,13.220237016677856,16.326427459716797,11.164426803588867,0,0,0,8
codesearchnet-jina-768-cosine,ivf_faiss,12.041140084314828,13.911008834838867,10.35308837890625,0.7024700000000005,100,1000,1,12.065338611602783,14.831304550170898,10.35308837890625,0,0,0,6
codesearchnet-jina-768-cosine,ivf_faiss,10.865908643977361,12.411832809448242,9.516239166259766,0.6445700000000003,100,1000,1,10.891874313354492,14.05644416809082,9.516239166259766,0,0,0,4
codesearchnet-jina-768-cosine,ivf_faiss,9.57374455858178,10.55598258972168,8.652925491333008,0.5259400000000003,100,1000,1,9.606799602508545,12.97903060913086,8.652925491333008,0,0,0,2
landmark-nomic-768-normalized,ivf_faiss,208.2210912177311,231.66179656982422,184.63850021362305,0.9998900000000001,100,1000,1,208.25429916381836,237.1070384979248,183.22491645812988,0,0,0,512
landmark-nomic-768-normalized,ivf_faiss,112.85816550375357,133.70966911315918,92.89717674255371,0.9990400000000004,100,1000,1,113.02220177650452,141.0517692565918,90.77024459838867,0,0,0,256
landmark-nomic-768-normalized,ivf_faiss,96.23501589803985,113.36946487426758,79.48017120361328,0.9987600000000005,100,1000,1,96.4284656047821,117.98501014709473,79.48017120361328,0,0,0,224
landmark-nomic-768-normalized,ivf_faiss,83.75674341371668,99.8847484588623,67.73161888122559,0.9984400000000007,100,1000,1,83.9701030254364,105.44252395629883,67.73161888122559,0,0,0,192
landmark-nomic-768-normalized,ivf_faiss,71.15928839284477,85.47616004943848,57.245492935180664,0.9978100000000011,100,1000,1,71.36746287345886,90.50321578979492,57.245492935180664,0,0,0,160
landmark-nomic-768-normalized,ivf_faiss,64.83070678167644,78.1552791595459,51.732778549194336,0.9973700000000012,100,1000,1,65.0879545211792,82.00693130493164,51.732778549194336,0,0,0,144
landmark-nomic-768-normalized,ivf_faiss,58.40175739940382,70.89900970458984,46.469688415527344,0.9967200000000015,100,1000,1,58.70244789123535,75.9286880493164,45.60256004333496,0,0,0,128
landmark-nomic-768-normalized,ivf_faiss,52.17641215703152,63.82274627685547,40.80510139465332,0.9958700000000018,100,1000,1,52.41631197929382,67.08145141601562,40.80510139465332,0,0,0,112
landmark-nomic-768-normalized,ivf_faiss,45.66669023049209,56.06579780578613,35.860300064086914,0.9947700000000019,100,1000,1,45.98885250091553,60.06908416748047,35.860300064086914,0,0,0,96
landmark-nomic-768-normalized,ivf_faiss,39.28009455305097,48.476457595825195,30.397891998291016,0.9930600000000024,100,1000,1,39.638673067092896,54.71038818359375,30.397891998291016,0,0,0,80
landmark-nomic-768-normalized,ivf_faiss,32.653659394702075,40.5888557434082,25.8941650390625,0.9900100000000027,100,1000,1,33.09441018104553,46.365976333618164,25.8941650390625,0,0,0,64
landmark-nomic-768-normalized,ivf_faiss,29.443354596673572,36.68832778930664,22.965669631958008,0.9875000000000027,100,1000,1,29.822537422180176,41.793107986450195,22.965669631958008,0,0,0,56
landmark-nomic-768-normalized,ivf_faiss,26.246982300556432,32.58633613586426,20.516157150268555,0.9839500000000021,100,1000,1,26.624622583389282,38.713693618774414,20.516157150268555,0,0,0,48
landmark-nomic-768-normalized,ivf_faiss,23.024628850705454,28.88035774230957,17.630815505981445,0.9786300000000024,100,1000,1,23.34771990776062,33.176422119140625,17.630815505981445,0,0,0,40
landmark-nomic-768-normalized,ivf_faiss,19.697261828240183,24.78957176208496,15.326976776123047,0.9701400000000037,100,1000,1,19.97207546234131,28.522729873657227,15.326976776123047,0,0,0,32
landmark-nomic-768-normalized,ivf_faiss,18.013347848122862,22.52674102783203,13.838529586791992,0.9645200000000024,100,1000,1,18.28931736946106,25.61664581298828,13.838529586791992,0,0,0,28
landmark-nomic-768-normalized,ivf_faiss,17.31305037225996,21.674633026123047,13.64445686340332,0.9608000000000024,100,1000,1,17.578166246414185,24.776935577392578,13.64445686340332,0,0,0,26
landmark-nomic-768-normalized,ivf_faiss,16.434996318416434,20.623207092285156,12.52126693725586,0.9567800000000024,100,1000,1,16.68635368347168,23.433923721313477,12.52126693725586,0,0,0,24
landmark-nomic-768-normalized,ivf_faiss,15.51777406445813,19.369840621948242,11.945724487304688,0.9521100000000018,100,1000,1,15.7592453956604,22.247791290283203,11.945724487304688,0,0,0,22
landmark-nomic-768-normalized,ivf_faiss,14.80899791797502,18.387794494628906,11.833667755126953,0.9468000000000019,100,1000,1,15.030646562576294,21.92997932434082,11.833667755126953,0,0,0,20
landmark-nomic-768-normalized,ivf_faiss,13.898408063784803,17.251014709472656,10.85805892944336,0.9400600000000022,100,1000,1,14.088398933410645,19.53125,10.85805892944336,0,0,0,18
landmark-nomic-768-normalized,ivf_faiss,13.173260872371486,16.27373695373535,10.361194610595703,0.9311900000000014,100,1000,1,13.334080457687378,19.097328186035156,10.361194610595703,0,0,0,16
landmark-nomic-768-normalized,ivf_faiss,12.262549534300488,15.006065368652344,9.673595428466797,0.9192100000000027,100,1000,1,12.403165340423584,17.189741134643555,9.673595428466797,0,0,0,14
landmark-nomic-768-normalized,ivf_faiss,11.46493887876445,13.95869255065918,9.322404861450195,0.9042300000000024,100,1000,1,11.59789228439331,15.911102294921875,9.322404861450195,0,0,0,12
landmark-nomic-768-normalized,ivf_faiss,10.533329369365305,12.663125991821289,8.515119552612305,0.8834900000000028,100,1000,1,10.628344058990479,14.466047286987305,8.515119552612305,0,0,0,10
landmark-nomic-768-normalized,ivf_faiss,9.768667733903508,11.663198471069336,7.990360260009766,0.8535100000000019,100,1000,1,9.84943675994873,14.388084411621094,7.990360260009766,0,0,0,8
landmark-nomic-768-normalized,ivf_faiss,8.867073750150377,10.328054428100586,7.506847381591797,0.8084000000000016,100,1000,1,8.929165601730347,11.514663696289062,7.506847381591797,0,0,0,6
landmark-nomic-768-normalized,ivf_faiss,8.025391340010199,9.157896041870117,7.035017013549805,0.7342600000000008,100,1000,1,8.070231437683105,10.745763778686523,7.035017013549805,0,0,0,4
landmark-nomic-768-normalized,ivf_faiss,7.13443242586576,7.870197296142578,6.5097808837890625,0.57075,100,1000,1,7.161970615386963,9.567022323608398,6.5097808837890625,0,0,0,2
ccnews-nomic-768-normalized,ivf_faiss,339.71497768868426,364.2270565032959,316.0724639892578,0.9973200000000012,100,1000,1,339.77696681022644,375.6897449493408,316.0724639892578,0,0,0,512
ccnews-nomic-768-normalized,ivf_faiss,173.18455274692758,192.68202781677246,154.56080436706543,0.9899900000000026,100,1000,1,173.18330359458923,193.59445571899414,151.52549743652344,0,0,0,256
ccnews-nomic-768-normalized,ivf_faiss,152.3416965392791,170.75014114379883,134.91201400756836,0.9880300000000019,100,1000,1,152.32226395606995,172.6086139678955,132.25364685058594,0,0,0,224
ccnews-nomic-768-normalized,ivf_faiss,131.35168738737852,148.67806434631348,113.82746696472168,0.9849600000000024,100,1000,1,131.35160374641418,150.0685214996338,112.55121231079102,0,0,0,192
ccnews-nomic-768-normalized,ivf_faiss,117.30813167854875,134.34338569641113,98.97732734680176,0.9818200000000032,100,1000,1,117.26523184776306,134.34338569641113,94.34771537780762,0,0,0,160
ccnews-nomic-768-normalized,ivf_faiss,99.80393577743698,114.05706405639648,85.21509170532227,0.9793000000000033,100,1000,1,99.78652048110962,114.05706405639648,82.38863945007324,0,0,0,144
ccnews-nomic-768-normalized,ivf_faiss,89.316623227613,101.86219215393066,76.26008987426758,0.9762200000000028,100,1000,1,89.30043816566467,101.86219215393066,73.13156127929688,0,0,0,128
ccnews-nomic-768-normalized,ivf_faiss,78.68527339862752,91.90630912780762,65.8717155456543,0.9727000000000031,100,1000,1,78.66968989372253,91.90630912780762,63.101768493652344,0,0,0,112
ccnews-nomic-768-normalized,ivf_faiss,68.06382012367249,80.92522621154785,54.645538330078125,0.9683200000000028,100,1000,1,68.06382012367249,80.92522621154785,54.645538330078125,0,0,0,96
ccnews-nomic-768-normalized,ivf_faiss,57.4258074760437,69.05603408813477,45.14026641845703,0.9626800000000028,100,1000,1,57.4258074760437,69.05603408813477,45.14026641845703,0,0,0,80
ccnews-nomic-768-normalized,ivf_faiss,46.7734649494007,57.39116668701172,38.651466369628906,0.9536000000000031,100,1000,1,46.76193571090698,57.39116668701172,35.24422645568848,0,0,0,64
ccnews-nomic-768-normalized,ivf_faiss,41.338929891586304,50.466299057006836,31.05926513671875,0.9485000000000038,100,1000,1,41.338929891586304,50.466299057006836,31.05926513671875,0,0,0,56
ccnews-nomic-768-normalized,ivf_faiss,35.935606956481934,45.99404335021973,27.28581428527832,0.941500000000003,100,1000,1,35.935606956481934,45.99404335021973,27.28581428527832,0,0,0,48
ccnews-nomic-768-normalized,ivf_faiss,30.543519020080566,37.494659423828125,23.495912551879883,0.9307400000000023,100,1000,1,30.543519020080566,37.494659423828125,23.495912551879883,0,0,0,40
ccnews-nomic-768-normalized,ivf_faiss,25.046298503875732,31.911849975585938,18.973350524902344,0.9159200000000024,100,1000,1,25.046298503875732,31.911849975585938,18.973350524902344,0,0,0,32
ccnews-nomic-768-normalized,ivf_faiss,22.329413175582886,28.970956802368164,17.182111740112305,0.9070800000000022,100,1000,1,22.329413175582886,28.970956802368164,17.182111740112305,0,0,0,28
ccnews-nomic-768-normalized,ivf_faiss,20.974902153015137,26.89814567565918,16.10541343688965,0.9023300000000019,100,1000,1,20.974902153015137,26.89814567565918,16.10541343688965,0,0,0,26
ccnews-nomic-768-normalized,ivf_faiss,19.615307092666626,25.679588317871094,14.906644821166992,0.8958900000000012,100,1000,1,19.615307092666626,25.679588317871094,14.906644821166992,0,0,0,24
ccnews-nomic-768-normalized,ivf_faiss,18.24056339263916,24.099349975585938,13.748407363891602,0.8895900000000019,100,1000,1,18.24056339263916,24.099349975585938,13.748407363891602,0,0,0,22
ccnews-nomic-768-normalized,ivf_faiss,16.886124849319458,22.69601821899414,12.517213821411133,0.8823800000000013,100,1000,1,16.886124849319458,22.69601821899414,12.517213821411133,0,0,0,20
ccnews-nomic-768-normalized,ivf_faiss,15.48639464378357,20.9043025970459,11.390924453735352,0.8742900000000017,100,1000,1,15.48639464378357,20.9043025970459,11.390924453735352,0,0,0,18
ccnews-nomic-768-normalized,ivf_faiss,14.061403417873956,18.624305725097656,10.143756866455078,0.8645700000000021,100,1000,1,14.072837352752686,20.291805267333984,10.143756866455078,0,0,0,16
ccnews-nomic-768-normalized,ivf_faiss,12.676884412765503,17.2421932220459,8.918046951293945,0.8531500000000022,100,1000,1,12.676884412765503,17.2421932220459,8.918046951293945,0,0,0,14
ccnews-nomic-768-normalized,ivf_faiss,11.316607853692615,15.3961181640625,7.565498352050781,0.8371000000000014,100,1000,1,11.326034545898438,16.0675048828125,7.565498352050781,0,0,0,12
ccnews-nomic-768-normalized,ivf_faiss,9.850296183447142,13.473749160766602,6.535768508911133,0.818370000000002,100,1000,1,9.871651887893677,14.935016632080078,6.535768508911133,0,0,0,10
ccnews-nomic-768-normalized,ivf_faiss,8.465123296383037,11.791706085205078,5.770444869995117,0.7928700000000016,100,1000,1,8.484128475189209,13.088464736938477,5.770444869995117,0,0,0,8
ccnews-nomic-768-normalized,ivf_faiss,7.001595128861927,9.634256362915039,4.784107208251953,0.7567100000000014,100,1000,1,7.010059833526611,9.882450103759766,4.784107208251953,0,0,0,6
ccnews-nomic-768-normalized,ivf_faiss,5.549268712968741,7.625341415405273,3.8759708404541016,0.7031800000000018,100,1000,1,5.557740688323975,9.428262710571289,3.8759708404541016,0,0,0,4
ccnews-nomic-768-normalized,ivf_faiss,4.078332414018347,5.412578582763672,3.0570030212402344,0.5837000000000004,100,1000,1,4.098917484283447,6.125211715698242,3.0570030212402344,0,0,0,2
coco-nomic-768-normalized,ivf_faiss,211.12481504678726,224.40719604492188,199.59688186645508,0.9979400000000008,100,1000,1,211.258070230484,230.65996170043945,199.59688186645508,0,0,0,512
coco-nomic-768-normalized,ivf_faiss,100.05294341196716,109.33494567871094,90.78359603881836,0.9816100000000041,100,1000,1,100.12498188018799,115.8304214477539,90.78359603881836,0,0,0,256
coco-nomic-768-normalized,ivf_faiss,86.82162282916643,94.64430809020996,79.6043872833252,0.9740600000000039,100,1000,1,86.93436121940613,98.8309383392334,78.47833633422852,0,0,0,224
coco-nomic-768-normalized,ivf_faiss,74.04036488297723,81.37226104736328,67.09003448486328,0.9635100000000034,100,1000,1,74.09822964668274,84.11121368408203,67.09003448486328,0,0,0,192
coco-nomic-768-normalized,ivf_faiss,61.209334776951714,67.49367713928223,54.950714111328125,0.9468500000000039,100,1000,1,61.27052283287048,72.1731185913086,54.65054512023926,0,0,0,160
coco-nomic-768-normalized,ivf_faiss,54.86019773840061,60.77313423156738,49.08418655395508,0.9344200000000045,100,1000,1,54.93608236312866,63.890933990478516,49.08418655395508,0,0,0,144
coco-nomic-768-normalized,ivf_faiss,48.61589236583149,54.332733154296875,43.15924644470215,0.9166700000000039,100,1000,1,48.68037223815918,57.67393112182617,42.42682456970215,0,0,0,128
coco-nomic-768-normalized,ivf_faiss,42.37160595892895,47.57547378540039,37.40429878234863,0.8959600000000035,100,1000,1,42.41417121887207,49.104928970336914,36.32998466491699,0,0,0,112
coco-nomic-768-normalized,ivf_faiss,36.212144172830456,40.94505310058594,31.579017639160156,0.8673700000000032,100,1000,1,36.240622758865356,42.682647705078125,30.77554702758789,0,0,0,96
coco-nomic-768-normalized,ivf_faiss,30.10269638992125,34.39974784851074,25.81930160522461,0.8259500000000024,100,1000,1,30.123497247695923,36.40460968017578,25.405168533325195,0,0,0,80
coco-nomic-768-normalized,ivf_faiss,24.24598731569054,27.64439582824707,20.77317237854004,0.766510000000002,100,1000,1,24.24156880378723,30.36022186279297,20.238161087036133,0,0,0,64
coco-nomic-768-normalized,ivf_faiss,21.271666854318948,24.624109268188477,17.98105239868164,0.7287000000000018,100,1000,1,21.28191113471985,27.070999145507812,17.659664154052734,0,0,0,56
coco-nomic-768-normalized,ivf_faiss,18.356857811909435,21.386384963989258,15.493392944335938,0.6800700000000008,100,1000,1,18.391489505767822,24.509668350219727,14.986515045166016,0,0,0,48
coco-nomic-768-normalized,ivf_faiss,15.51634331364166,18.225908279418945,12.908220291137695,0.6261300000000006,100,1000,1,15.541407823562622,20.10941505432129,12.908220291137695,0,0,0,40
coco-nomic-768-normalized,ivf_faiss,12.632012126907226,15.006303787231445,10.371923446655273,0.5604900000000004,100,1000,1,12.655002355575562,15.779256820678711,10.371923446655273,0,0,0,32
coco-nomic-768-normalized,ivf_faiss,11.208370312882627,13.294696807861328,9.280681610107422,0.5180200000000003,100,1000,1,11.23609209060669,14.41335678100586,9.280681610107422,0,0,0,28
coco-nomic-768-normalized,ivf_faiss,10.544406981603336,12.639284133911133,8.817911148071289,0.4955100000000007,100,1000,1,10.574910640716553,13.813257217407227,8.817911148071289,0,0,0,26
coco-nomic-768-normalized,ivf_faiss,10.061135195722484,12.071609497070312,8.244991302490234,0.4731300000000009,100,1000,1,10.086751461029053,13.202190399169922,8.244991302490234,0,0,0,24
coco-nomic-768-normalized,ivf_faiss,9.757838350661258,11.76595687866211,7.910251617431641,0.44646000000000063,100,1000,1,9.791746139526367,13.310432434082031,7.910251617431641,0,0,0,22
coco-nomic-768-normalized,ivf_faiss,8.951537763541527,10.653018951416016,7.200956344604492,0.4165800000000001,100,1000,1,8.97815465927124,12.49241828918457,7.200956344604492,0,0,0,20
coco-nomic-768-normalized,ivf_faiss,8.25314841619352,9.896278381347656,6.80851936340332,0.3840399999999997,100,1000,1,8.288382768630981,11.489152908325195,6.80851936340332,0,0,0,18
coco-nomic-768-normalized,ivf_faiss,7.474631071090698,8.868217468261719,6.2236785888671875,0.35013999999999995,100,1000,1,7.503495216369629,9.8724365234375,6.2236785888671875,0,0,0,16
coco-nomic-768-normalized,ivf_faiss,6.683302559491803,7.905244827270508,5.533456802368164,0.3157599999999998,100,1000,1,6.719472408294678,8.883476257324219,5.533456802368164,0,0,0,14
coco-nomic-768-normalized,ivf_faiss,5.973029477952204,7.210969924926758,4.907131195068359,0.28011999999999976,100,1000,1,6.007060527801514,8.330106735229492,4.907131195068359,0,0,0,12
coco-nomic-768-normalized,ivf_faiss,5.2988061717912265,6.262540817260742,4.430532455444336,0.2411099999999999,100,1000,1,5.336865663528442,7.0514678955078125,4.430532455444336,0,0,0,10
coco-nomic-768-normalized,ivf_faiss,4.542126769939975,5.229473114013672,3.8590431213378906,0.18842999999999993,100,1000,1,4.58263635635376,6.235837936401367,3.8590431213378906,0,0,0,8
coco-nomic-768-normalized,ivf_faiss,3.828873164913197,4.436731338500977,3.2532215118408203,0.13445,100,1000,1,3.855677604675293,5.449533462524414,3.2100677490234375,0,0,0,6
coco-nomic-768-normalized,ivf_faiss,3.163148642322921,3.6437511444091797,2.6900768280029297,0.0769900000000001,100,1000,1,3.1814208030700684,4.58836555480957,2.6738643646240234,0,0,0,4
coco-nomic-768-normalized,ivf_faiss,2.5021798379189737,2.975940704345703,2.2089481353759766,0.021710000000000007,100,1000,1,2.503437042236328,3.7593841552734375,2.2089481353759766,0,0,0,2
contriever-768,ivf_faiss,268.03146748559186,288.6784076690674,247.44105339050293,0.992764999999953,100,10000,1,268.2729395389557,309.04626846313477,242.12408065795898,0,0,0,512
contriever-768,ivf_faiss,137.5627158985675,152.47154235839844,122.98083305358887,0.9844949999999392,100,10000,1,137.5901113986969,157.32574462890625,122.98083305358887,0,0,0,256
contriever-768,ivf_faiss,121.17152423885409,134.84621047973633,108.54005813598633,0.9821689999999358,100,10000,1,121.20734355449676,138.18979263305664,108.54005813598633,0,0,0,224
contriever-768,ivf_faiss,267.9173620436438,287.994384765625,247.8189468383789,0.992764999999953,100,10000,1,267.98225450515747,302.23608016967773,242.37442016601562,0,0,0,512
contriever-768,ivf_faiss,137.6009416790345,152.55451202392578,123.07119369506836,0.9844949999999392,100,10000,1,137.6269187927246,158.39266777038574,123.07119369506836,0,0,0,256
contriever-768,ivf_faiss,121.1515286246167,134.80067253112793,108.2315444946289,0.9821689999999358,100,10000,1,121.18191921710968,137.66217231750488,108.2315444946289,0,0,0,224
contriever-768,ivf_faiss,104.89286511645935,117.18249320983887,93.40882301330566,0.9792439999999358,100,10000,1,104.93810198307037,120.74089050292969,90.63482284545898,0,0,0,192
contriever-768,ivf_faiss,88.57491710117446,99.72190856933594,77.59666442871094,0.9750889999999346,100,10000,1,88.63813667297363,102.78511047363281,76.88331604003906,0,0,0,160
contriever-768,ivf_faiss,80.40240167477589,90.82698822021484,70.17922401428223,0.9724469999999356,100,10000,1,80.49341101646424,94.86222267150879,68.74465942382812,0,0,0,144
contriever-768,ivf_faiss,72.26517299610518,82.10992813110352,62.22081184387207,0.969334999999938,100,10000,1,72.3626630783081,86.10796928405762,62.1185302734375,0,0,0,128
contriever-768,ivf_faiss,64.23950127414614,73.28319549560547,55.62424659729004,0.9654099999999404,100,10000,1,64.40740187168122,77.83341407775879,54.315805435180664,0,0,0,112
contriever-768,ivf_faiss,55.95969961515917,64.25714492797852,47.868967056274414,0.9603039999999406,100,10000,1,56.15290682315826,69.3047046661377,47.52659797668457,0,0,0,96
contriever-768,ivf_faiss,47.82556805663443,55.304527282714844,40.70019721984863,0.9535939999999414,100,10000,1,48.03342673778534,60.90593338012695,39.64114189147949,0,0,0,80
contriever-768,ivf_faiss,39.74447913413679,46.30446434020996,33.28227996826172,0.9441839999999447,100,10000,1,39.920751976966855,51.21970176696777,32.42301940917969,0,0,0,64
contriever-768,ivf_faiss,35.66040549394466,41.750192642211914,29.622316360473633,0.9376979999999512,100,10000,1,35.813873982429506,45.81761360168457,28.670549392700195,0,0,0,56
contriever-768,ivf_faiss,31.616660024298998,37.072181701660156,26.21936798095703,0.9295699999999518,100,10000,1,31.752440333366394,41.23806953430176,25.220394134521484,0,0,0,48
contriever-768,ivf_faiss,27.569807496532096,32.41729736328125,22.73845672607422,0.9188709999999586,100,10000,1,27.68416588306427,35.75587272644043,21.65818214416504,0,0,0,40
contriever-768,ivf_faiss,23.55401635133427,27.842998504638672,19.252538681030273,0.904200999999963,100,10000,1,23.621491837501527,30.735254287719727,17.97032356262207,0,0,0,32
contriever-768,ivf_faiss,21.52458091410887,25.397777557373047,17.600059509277344,0.8945239999999655,100,10000,1,21.57209095954895,28.04088592529297,16.50834083557129,0,0,0,28
contriever-768,ivf_faiss,20.751166981508987,24.72519874572754,16.75248146057129,0.8887979999999649,100,10000,1,20.801640272140503,28.784513473510742,15.805244445800781,0,0,0,26
contriever-768,ivf_faiss,19.513054715087083,23.035526275634766,15.936613082885742,0.88237299999997,100,10000,1,19.55459609031677,25.708436965942383,15.109777450561523,0,0,0,24
contriever-768,ivf_faiss,18.498459982561368,21.85845375061035,15.145063400268555,0.8752389999999733,100,10000,1,18.53882954120636,23.914098739624023,14.534950256347656,0,0,0,22
contriever-768,ivf_faiss,17.481353528965958,20.625829696655273,14.380216598510742,0.8669729999999721,100,10000,1,17.52033188343048,22.547006607055664,13.58938217163086,0,0,0,20
contriever-768,ivf_faiss,16.466196894087616,19.412517547607422,13.507843017578125,0.8574799999999736,100,10000,1,16.50482940673828,20.75052261352539,12.842655181884766,0,0,0,18
contriever-768,ivf_faiss,15.455646372437416,18.215417861938477,12.6953125,0.8462779999999773,100,10000,1,15.488997650146484,19.824981689453125,12.006282806396484,0,0,0,16
contriever-768,ivf_faiss,14.427627759649894,16.963958740234375,11.892557144165039,0.8326829999999869,100,10000,1,14.469882225990295,18.756866455078125,11.10696792602539,0,0,0,14
contriever-768,ivf_faiss,13.40422924911209,15.714168548583984,11.110782623291016,0.816109999999988,100,10000,1,13.441991400718688,17.22574234008789,10.377168655395508,0,0,0,12
contriever-768,ivf_faiss,12.385953721592138,14.441728591918945,10.390996932983398,0.7952089999999901,100,10000,1,12.419099760055541,16.288042068481445,9.877204895019531,0,0,0,10
contriever-768,ivf_faiss,11.347628883398981,13.152122497558594,9.610652923583984,0.7679179999999914,100,10000,1,11.376204657554627,14.771461486816406,9.324789047241211,0,0,0,8
contriever-768,ivf_faiss,10.314417682520162,11.8408203125,8.791446685791016,0.7281799999999962,100,10000,1,10.33725085258484,13.244152069091797,8.452892303466797,0,0,0,6
contriever-768,ivf_faiss,9.249824810897689,10.441303253173828,8.059501647949219,0.6673849999999976,100,10000,1,9.269041800498963,12.866735458374023,7.920980453491211,0,0,0,4
contriever-768,ivf_faiss,8.17820438566441,8.995294570922852,7.362842559814453,0.5447670000000016,100,10000,1,8.192322540283204,10.367155075073242,7.176399230957031,0,0,0,2
instructorxl-arxiv-768,ivf_faiss,378.3270935881826,423.4647750854492,331.906795501709,0.996550000000002,100,1000,1,378.35084295272827,443.4623718261719,306.5643310546875,0,0,0,512
instructorxl-arxiv-768,ivf_faiss,194.5948803063595,218.63746643066406,166.35847091674805,0.9882200000000035,100,1000,1,194.25560188293457,218.63746643066406,151.66497230529785,0,0,0,256
instructorxl-arxiv-768,ivf_faiss,171.91522758499332,196.34771347045898,146.46339416503906,0.9854600000000041,100,1000,1,171.5571436882019,196.34771347045898,131.56557083129883,0,0,0,224
instructorxl-arxiv-768,ivf_faiss,149.2591409093824,170.1946258544922,126.62291526794434,0.9817400000000042,100,1000,1,148.90535426139832,170.1946258544922,112.52140998840332,0,0,0,192
instructorxl-arxiv-768,ivf_faiss,126.50166166589615,145.5061435699463,106.83703422546387,0.976760000000004,100,1000,1,126.19324398040771,145.5061435699463,94.59280967712402,0,0,0,160
instructorxl-arxiv-768,ivf_faiss,115.17004710942628,131.20222091674805,97.45383262634277,0.9733000000000039,100,1000,1,114.90780425071716,131.20222091674805,85.7686996459961,0,0,0,144
instructorxl-arxiv-768,ivf_faiss,103.66699114607607,118.81613731384277,86.43078804016113,0.9688600000000043,100,1000,1,103.44717860221863,118.81613731384277,77.72278785705566,0,0,0,128
instructorxl-arxiv-768,ivf_faiss,93.26411184638438,108.2456111907959,77.46315002441406,0.9632500000000054,100,1000,1,93.07195830345154,108.2456111907959,69.40674781799316,0,0,0,112
instructorxl-arxiv-768,ivf_faiss,80.77446442884671,93.86563301086426,66.93887710571289,0.956440000000005,100,1000,1,80.5921425819397,93.86563301086426,59.64994430541992,0,0,0,96
instructorxl-arxiv-768,ivf_faiss,69.21662348002074,80.9488296508789,57.106971740722656,0.946240000000004,100,1000,1,69.07176780700684,82.69309997558594,51.282405853271484,0,0,0,80
instructorxl-arxiv-768,ivf_faiss,57.75319599936194,67.62099266052246,47.27649688720703,0.9336300000000043,100,1000,1,57.622883796691895,69.31686401367188,43.28799247741699,0,0,0,64
instructorxl-arxiv-768,ivf_faiss,51.98059009783196,61.614990234375,42.44279861450195,0.9238100000000034,100,1000,1,51.891377449035645,61.74492835998535,38.012027740478516,0,0,0,56
instructorxl-arxiv-768,ivf_faiss,46.223682913220365,54.770708084106445,37.60385513305664,0.9118700000000025,100,1000,1,46.12729334831238,56.02598190307617,34.35540199279785,0,0,0,48
instructorxl-arxiv-768,ivf_faiss,40.3589548798382,47.8513240814209,32.63998031616211,0.8976100000000027,100,1000,1,40.283729553222656,51.03754997253418,30.18665313720703,0,0,0,40
instructorxl-arxiv-768,ivf_faiss,34.537580841821985,40.92884063720703,28.14459800720215,0.8772300000000041,100,1000,1,34.50074219703674,42.11068153381348,25.914669036865234,0,0,0,32
instructorxl-arxiv-768,ivf_faiss,31.65192090398897,37.230491638183594,26.05414390563965,0.8641900000000025,100,1000,1,31.625693798065186,38.778066635131836,24.290800094604492,0,0,0,28
instructorxl-arxiv-768,ivf_faiss,30.20951813115175,35.63714027404785,24.765968322753906,0.8565700000000016,100,1000,1,30.19033646583557,37.27412223815918,22.906064987182617,0,0,0,26
instructorxl-arxiv-768,ivf_faiss,28.75484400848729,33.82754325866699,23.66781234741211,0.8481700000000014,100,1000,1,28.72701406478882,35.4154109954834,22.346019744873047,0,0,0,24
instructorxl-arxiv-768,ivf_faiss,27.28607418083469,32.04011917114258,22.450923919677734,0.838950000000002,100,1000,1,27.275814533233643,33.27131271362305,21.270036697387695,0,0,0,22
instructorxl-arxiv-768,ivf_faiss,25.80116540042889,30.205488204956055,21.411657333374023,0.8282300000000012,100,1000,1,25.8043851852417,31.574010848999023,19.743919372558594,0,0,0,20
instructorxl-arxiv-768,ivf_faiss,24.296149371131772,28.578519821166992,20.107269287109375,0.8152600000000019,100,1000,1,24.2950382232666,29.10900115966797,18.87965202331543,0,0,0,18
instructorxl-arxiv-768,ivf_faiss,22.84470351055415,26.717185974121094,19.001245498657227,0.8006500000000017,100,1000,1,22.85271143913269,27.544260025024414,17.556428909301758,0,0,0,16
instructorxl-arxiv-768,ivf_faiss,21.39093582668612,25.028467178344727,17.82679557800293,0.7845800000000012,100,1000,1,21.392842054367065,26.383638381958008,17.359495162963867,0,0,0,14
instructorxl-arxiv-768,ivf_faiss,19.89268144294166,23.027420043945312,16.85953140258789,0.7624099999999997,100,1000,1,19.9143545627594,24.048805236816406,15.929460525512695,0,0,0,12
instructorxl-arxiv-768,ivf_faiss,18.409278281561985,21.089553833007812,15.646934509277344,0.7359299999999999,100,1000,1,18.423752307891846,22.475481033325195,14.70041275024414,0,0,0,10
instructorxl-arxiv-768,ivf_faiss,16.92912036504304,19.42300796508789,14.308452606201172,0.7041300000000004,100,1000,1,16.94189214706421,20.344972610473633,14.278173446655273,0,0,0,8
instructorxl-arxiv-768,ivf_faiss,15.39067049258151,17.416000366210938,13.381242752075195,0.6575800000000007,100,1000,1,15.401249885559082,18.53775978088379,13.088703155517578,0,0,0,6
instructorxl-arxiv-768,ivf_faiss,13.897759883122294,15.514135360717773,12.429475784301758,0.5882400000000003,100,1000,1,13.911367654800415,16.333580017089844,11.99650764465332,0,0,0,4
instructorxl-arxiv-768,ivf_faiss,12.30598978553951,13.300180435180664,11.331558227539062,0.4527699999999998,100,1000,1,12.328479051589966,14.444351196289062,11.275053024291992,0,0,0,2
gooaq-distilroberta-768-normalized,ivf_faiss,307.40537734762313,328.44018936157227,286.54980659484863,0.9894700000000032,100,1000,1,307.5395576953888,331.88462257385254,281.7373275756836,0,0,0,512
gooaq-distilroberta-768-normalized,ivf_faiss,159.86344385147095,174.25847053527832,144.9580192565918,0.9808900000000049,100,1000,1,159.86344385147095,174.25847053527832,144.9580192565918,0,0,0,256
gooaq-distilroberta-768-normalized,ivf_faiss,141.68229830791674,154.83951568603516,129.17375564575195,0.9787100000000052,100,1000,1,141.68710207939148,158.66351127624512,128.2060146331787,0,0,0,224
gooaq-distilroberta-768-normalized,ivf_faiss,122.81534955785558,134.55939292907715,110.56327819824219,0.9756700000000046,100,1000,1,122.80141878128052,134.55939292907715,108.88457298278809,0,0,0,192
gooaq-distilroberta-768-normalized,ivf_faiss,103.75968143493837,114.18533325195312,93.55449676513672,0.9718500000000054,100,1000,1,103.73587393760681,114.97879028320312,90.67988395690918,0,0,0,160
gooaq-distilroberta-768-normalized,ivf_faiss,94.34271841192964,104.05683517456055,84.5787525177002,0.9695100000000052,100,1000,1,94.33384823799133,105.78489303588867,83.66537094116211,0,0,0,144
gooaq-distilroberta-768-normalized,ivf_faiss,85.04023595202354,93.56832504272461,76.33852958679199,0.9668300000000049,100,1000,1,85.03681445121765,94.35176849365234,74.5851993560791,0,0,0,128
gooaq-distilroberta-768-normalized,ivf_faiss,80.25802727320685,88.71102333068848,71.23756408691406,0.9632500000000039,100,1000,1,80.20743751525879,88.71102333068848,67.95072555541992,0,0,0,112
gooaq-distilroberta-768-normalized,ivf_faiss,66.26825298993818,73.86040687561035,58.71725082397461,0.958800000000004,100,1000,1,66.23491907119751,75.44231414794922,57.557106018066406,0,0,0,96
gooaq-distilroberta-768-normalized,ivf_faiss,56.797774296632824,63.29536437988281,50.019025802612305,0.9532800000000036,100,1000,1,56.78833246231079,64.7726058959961,48.491477966308594,0,0,0,80
gooaq-distilroberta-768-normalized,ivf_faiss,47.3082627551845,53.62677574157715,41.05377197265625,0.945040000000004,100,1000,1,47.30183935165405,54.2910099029541,40.424346923828125,0,0,0,64
gooaq-distilroberta-768-normalized,ivf_faiss,42.33238730632083,48.04039001464844,36.591529846191406,0.9396100000000028,100,1000,1,42.3449342250824,48.86150360107422,35.61043739318848,0,0,0,56
gooaq-distilroberta-768-normalized,ivf_faiss,37.5036432845901,42.95635223388672,32.1965217590332,0.9326900000000024,100,1000,1,37.50975012779236,44.05403137207031,30.67636489868164,0,0,0,48
gooaq-distilroberta-768-normalized,ivf_faiss,33.070803167831954,38.123369216918945,27.83203125,0.923880000000002,100,1000,1,33.08831572532654,39.90912437438965,27.266979217529297,0,0,0,40
gooaq-distilroberta-768-normalized,ivf_faiss,28.19769035032646,32.887935638427734,23.441314697265625,0.9119800000000027,100,1000,1,28.21376132965088,34.035682678222656,23.15688133239746,0,0,0,32
gooaq-distilroberta-768-normalized,ivf_faiss,25.957986622509104,30.318498611450195,21.72684669494629,0.9049800000000028,100,1000,1,25.98713445663452,31.104564666748047,21.72684669494629,0,0,0,28
gooaq-distilroberta-768-normalized,ivf_faiss,24.90975844800173,29.11853790283203,21.187543869018555,0.9002000000000029,100,1000,1,24.92270302772522,29.578685760498047,20.059585571289062,0,0,0,26
gooaq-distilroberta-768-normalized,ivf_faiss,23.386300640940544,27.38022804260254,19.514799118041992,0.8959300000000031,100,1000,1,23.451696634292603,28.594970703125,18.952608108520508,0,0,0,24
gooaq-distilroberta-768-normalized,ivf_faiss,21.966895796245353,25.65598487854004,18.86439323425293,0.8899100000000038,100,1000,1,22.012712240219116,26.760101318359375,17.951488494873047,0,0,0,22
gooaq-distilroberta-768-normalized,ivf_faiss,20.963284222766607,24.49321746826172,17.888784408569336,0.8827700000000035,100,1000,1,20.995171308517456,25.552749633789062,17.038822174072266,0,0,0,20
gooaq-distilroberta-768-normalized,ivf_faiss,20.11024614777228,23.534297943115234,17.314434051513672,0.8749700000000029,100,1000,1,20.142783164978027,25.412559509277344,15.68150520324707,0,0,0,18
gooaq-distilroberta-768-normalized,ivf_faiss,18.4035235387416,21.374940872192383,15.47694206237793,0.8656500000000023,100,1000,1,18.472169876098633,22.772789001464844,14.814138412475586,0,0,0,16
gooaq-distilroberta-768-normalized,ivf_faiss,17.38275709699412,20.1871395111084,14.61482048034668,0.854720000000002,100,1000,1,17.448999166488647,21.61121368408203,14.554262161254883,0,0,0,14
gooaq-distilroberta-768-normalized,ivf_faiss,16.212726881360375,18.900632858276367,13.549327850341797,0.841500000000003,100,1000,1,16.27823567390442,20.940542221069336,13.471126556396484,0,0,0,12
gooaq-distilroberta-768-normalized,ivf_faiss,14.86854669880065,17.23933219909668,12.734174728393555,0.8248900000000018,100,1000,1,14.926336288452148,19.09184455871582,12.734174728393555,0,0,0,10
gooaq-distilroberta-768-normalized,ivf_faiss,13.79776195603974,15.992403030395508,11.641263961791992,0.8021700000000026,100,1000,1,13.8528573513031,17.601490020751953,11.641263961791992,0,0,0,8
gooaq-distilroberta-768-normalized,ivf_faiss,12.483085174949801,14.225006103515625,10.801076889038086,0.7714600000000007,100,1000,1,12.527461528778076,15.881776809692383,10.801076889038086,0,0,0,6
gooaq-distilroberta-768-normalized,ivf_faiss,11.216001287026751,12.611150741577148,9.796619415283203,0.7207300000000005,100,1000,1,11.249497890472412,13.590812683105469,9.796619415283203,0,0,0,4
gooaq-distilroberta-768-normalized,ivf_faiss,10.085783468553723,11.144638061523438,9.115219116210938,0.6124399999999997,100,1000,1,10.10443663597107,12.44664192199707,9.115219116210938,0,0,0,2
gist-960-euclidean,ivf_faiss,383.22737216949463,505.4957866668701,255.2011013031006,0.9941800000000037,100,1000,1,383.22737216949463,505.4957866668701,255.2011013031006,0,0,0,512
gist-960-euclidean,ivf_faiss,199.04698733098522,284.69228744506836,121.00768089294434,0.9714100000000049,100,1000,1,199.2250096797943,289.0894412994385,121.00768089294434,0,0,0,256
gist-960-euclidean,ivf_faiss,174.97194606450296,252.49910354614258,104.27522659301758,0.9631000000000044,100,1000,1,175.61489295959473,261.061429977417,104.27522659301758,0,0,0,224
gist-960-euclidean,ivf_faiss,151.12156434492633,219.0394401550293,86.96198463439941,0.9521200000000049,100,1000,1,151.84141945838928,229.83789443969727,86.96198463439941,0,0,0,192
gist-960-euclidean,ivf_faiss,127.45086311811377,187.56937980651855,73.88949394226074,0.9369100000000049,100,1000,1,128.23885822296143,199.2356777191162,73.88949394226074,0,0,0,160
gist-960-euclidean,ivf_faiss,115.42552207327131,169.68894004821777,66.64156913757324,0.9263900000000034,100,1000,1,116.3258764743805,181.52189254760742,66.64156913757324,0,0,0,144
gist-960-euclidean,ivf_faiss,103.60999813428032,153.0284881591797,58.91585350036621,0.913670000000003,100,1000,1,104.39667224884033,166.86177253723145,58.91585350036621,0,0,0,128
gist-960-euclidean,ivf_faiss,92.97294113747246,137.97950744628906,53.40290069580078,0.8976300000000021,100,1000,1,93.69296360015869,150.162935256958,53.40290069580078,0,0,0,112
gist-960-euclidean,ivf_faiss,79.70649276842057,118.25275421142578,44.072866439819336,0.8766600000000013,100,1000,1,80.48156237602234,132.7645778656006,44.072866439819336,0,0,0,96
gist-960-euclidean,ivf_faiss,67.85136570512884,100.51584243774414,36.84425354003906,0.8499700000000004,100,1000,1,68.56360006332397,115.13113975524902,36.84425354003906,0,0,0,80
gist-960-euclidean,ivf_faiss,55.99631758696672,84.0604305267334,31.3413143157959,0.8118300000000007,100,1000,1,56.572089195251465,97.83482551574707,31.3413143157959,0,0,0,64
gist-960-euclidean,ivf_faiss,50.01303644627029,74.8286247253418,27.22787857055664,0.7878500000000009,100,1000,1,50.5620322227478,89.17355537414551,27.22787857055664,0,0,0,56
gist-960-euclidean,ivf_faiss,44.17670514362425,65.19293785095215,24.07550811767578,0.7590500000000008,100,1000,1,44.68290996551514,77.85367965698242,24.07550811767578,0,0,0,48
gist-960-euclidean,ivf_faiss,38.07912578388136,56.69522285461426,21.367549896240234,0.7227499999999997,100,1000,1,38.51895451545715,65.36602973937988,21.367549896240234,0,0,0,40
gist-960-euclidean,ivf_faiss,32.460489972302966,47.72496223449707,18.267154693603516,0.676909999999999,100,1000,1,32.80239748954773,57.14988708496094,18.267154693603516,0,0,0,32
gist-960-euclidean,ivf_faiss,29.569689400441042,43.12396049499512,16.927003860473633,0.6497500000000003,100,1000,1,29.858840942382812,50.25005340576172,16.927003860473633,0,0,0,28
gist-960-euclidean,ivf_faiss,28.069973478511887,40.642499923706055,16.3421630859375,0.6342199999999999,100,1000,1,28.385584831237793,48.09260368347168,16.3421630859375,0,0,0,26
gist-960-euclidean,ivf_faiss,26.556899942503385,38.01918029785156,15.468358993530273,0.6171000000000003,100,1000,1,26.8771014213562,45.62973976135254,15.468358993530273,0,0,0,24
gist-960-euclidean,ivf_faiss,25.097035243727504,35.94827651977539,14.986753463745117,0.5987700000000006,100,1000,1,25.366138219833374,42.317867279052734,14.986753463745117,0,0,0,22
gist-960-euclidean,ivf_faiss,23.54479808204643,33.54477882385254,14.458417892456055,0.57774,100,1000,1,23.787837743759155,39.400339126586914,14.458417892456055,0,0,0,20
gist-960-euclidean,ivf_faiss,21.962667868389346,31.361103057861328,13.962745666503906,0.55592,100,1000,1,22.155096530914307,35.73465347290039,13.962745666503906,0,0,0,18
gist-960-euclidean,ivf_faiss,20.48814296722412,28.660297393798828,13.382196426391602,0.5305600000000001,100,1000,1,20.700735807418823,33.78462791442871,13.382196426391602,0,0,0,16
gist-960-euclidean,ivf_faiss,19.244105141301684,26.660442352294922,12.86935806274414,0.5011900000000006,100,1000,1,19.439128398895264,31.953811645507812,12.86935806274414,0,0,0,14
gist-960-euclidean,ivf_faiss,17.622653992353836,24.030685424804688,12.039899826049805,0.4689499999999998,100,1000,1,17.79304313659668,29.915571212768555,12.039899826049805,0,0,0,12
gist-960-euclidean,ivf_faiss,16.114548183901423,21.489858627319336,11.75689697265625,0.4333399999999997,100,1000,1,16.268846035003662,26.572465896606445,11.75689697265625,0,0,0,10
gist-960-euclidean,ivf_faiss,14.76962082698697,19.098997116088867,11.008262634277344,0.3886999999999995,100,1000,1,14.908570528030396,22.46999740600586,11.008262634277344,0,0,0,8
gist-960-euclidean,ivf_faiss,13.184315344063538,16.390323638916016,10.527849197387695,0.3347699999999999,100,1000,1,13.277711153030396,19.330501556396484,10.527849197387695,0,0,0,6
gist-960-euclidean,ivf_faiss,11.835559225473247,14.173269271850586,9.931087493896484,0.26732999999999996,100,1000,1,11.906647682189941,16.634702682495117,9.931087493896484,0,0,0,4
gist-960-euclidean,ivf_faiss,10.366846893357545,11.583805084228516,9.282350540161133,0.17180000000000029,100,1000,1,10.409633874893188,13.067960739135742,9.282350540161133,0,0,0,2
agnews-mxbai-1024-euclidean,ivf_faiss,284.9048538208008,316.422700881958,253.71718406677246,0.995270000000002,100,1000,1,284.9048538208008,316.422700881958,253.71718406677246,0,0,0,512
agnews-mxbai-1024-euclidean,ivf_faiss,147.72792291641235,172.2412109375,127.24089622497559,0.9881300000000025,100,1000,1,147.72792291641235,172.2412109375,127.24089622497559,0,0,0,256
agnews-mxbai-1024-euclidean,ivf_faiss,130.52556586265564,154.3600559234619,109.53140258789062,0.9861400000000029,100,1000,1,130.52556586265564,154.3600559234619,109.53140258789062,0,0,0,224
agnews-mxbai-1024-euclidean,ivf_faiss,113.2987961769104,133.43119621276855,94.70963478088379,0.9839500000000034,100,1000,1,113.2987961769104,133.43119621276855,94.70963478088379,0,0,0,192
agnews-mxbai-1024-euclidean,ivf_faiss,96.02962470054626,114.92371559143066,80.5966854095459,0.9805600000000038,100,1000,1,96.02962470054626,114.92371559143066,80.5966854095459,0,0,0,160
agnews-mxbai-1024-euclidean,ivf_faiss,87.27125978469849,105.19289970397949,72.87812232971191,0.9782800000000045,100,1000,1,87.27125978469849,105.19289970397949,72.87812232971191,0,0,0,144
agnews-mxbai-1024-euclidean,ivf_faiss,80.3117277147295,96.8019962310791,65.95349311828613,0.9756200000000043,100,1000,1,80.32992911338806,98.51312637329102,65.95349311828613,0,0,0,128
agnews-mxbai-1024-euclidean,ivf_faiss,74.58652390374078,89.53213691711426,61.39707565307617,0.9722300000000038,100,1000,1,74.60428237915039,92.34499931335449,61.39707565307617,0,0,0,112
agnews-mxbai-1024-euclidean,ivf_faiss,61.39654989118452,74.07927513122559,50.141096115112305,0.967700000000004,100,1000,1,61.4101619720459,75.00863075256348,50.141096115112305,0,0,0,96
agnews-mxbai-1024-euclidean,ivf_faiss,52.80682650827237,64.05377388000488,44.08550262451172,0.9621900000000043,100,1000,1,52.843947649002075,65.34886360168457,44.08550262451172,0,0,0,80
agnews-mxbai-1024-euclidean,ivf_faiss,44.148143020368394,53.742408752441406,36.948204040527344,0.9539200000000045,100,1000,1,44.233039140701294,57.43694305419922,36.948204040527344,0,0,0,64
agnews-mxbai-1024-euclidean,ivf_faiss,39.49296787531689,48.02751541137695,32.453298568725586,0.9481200000000044,100,1000,1,39.5861976146698,49.692392349243164,32.453298568725586,0,0,0,56
agnews-mxbai-1024-euclidean,ivf_faiss,35.46820930603888,43.28179359436035,29.186487197875977,0.9411800000000032,100,1000,1,35.530211210250854,44.94333267211914,29.186487197875977,0,0,0,48
agnews-mxbai-1024-euclidean,ivf_faiss,31.121320395967278,37.77742385864258,25.52485466003418,0.931510000000004,100,1000,1,31.220096349716187,40.73047637939453,25.52485466003418,0,0,0,40
agnews-mxbai-1024-euclidean,ivf_faiss,26.738582531852682,32.48143196105957,21.71468734741211,0.9178700000000031,100,1000,1,26.825273990631104,35.80760955810547,21.71468734741211,0,0,0,32
agnews-mxbai-1024-euclidean,ivf_faiss,24.56303229255061,30.031919479370117,19.36173439025879,0.9089000000000024,100,1000,1,24.613882303237915,32.9442024230957,19.36173439025879,0,0,0,28
agnews-mxbai-1024-euclidean,ivf_faiss,23.35522802759011,28.373241424560547,18.978357315063477,0.9035500000000022,100,1000,1,23.40968632698059,32.326459884643555,18.978357315063477,0,0,0,26
agnews-mxbai-1024-euclidean,ivf_faiss,22.030034045941434,26.775836944580078,18.17941665649414,0.8976600000000025,100,1000,1,22.09490180015564,29.649019241333008,18.17941665649414,0,0,0,24
agnews-mxbai-1024-euclidean,ivf_faiss,20.95605750898741,25.45309066772461,17.35687255859375,0.8914500000000024,100,1000,1,21.013926029205322,27.840137481689453,17.35687255859375,0,0,0,22
agnews-mxbai-1024-euclidean,ivf_faiss,20.040576144902392,24.237394332885742,16.47019386291504,0.8847200000000018,100,1000,1,20.09320878982544,27.36639976501465,16.47019386291504,0,0,0,20
agnews-mxbai-1024-euclidean,ivf_faiss,18.86433652538037,22.485017776489258,15.388250350952148,0.8764600000000025,100,1000,1,18.92354726791382,26.091814041137695,15.388250350952148,0,0,0,18
agnews-mxbai-1024-euclidean,ivf_faiss,17.59238733399299,21.256685256958008,14.621973037719727,0.8654000000000017,100,1000,1,17.63021159172058,23.802518844604492,14.621973037719727,0,0,0,16
agnews-mxbai-1024-euclidean,ivf_faiss,16.670938453288993,20.034074783325195,13.827800750732422,0.8532700000000026,100,1000,1,16.710284948349,21.709680557250977,13.827800750732422,0,0,0,14
agnews-mxbai-1024-euclidean,ivf_faiss,15.34020189568777,18.082618713378906,12.611150741577148,0.8369900000000027,100,1000,1,15.379829406738281,20.336627960205078,12.611150741577148,0,0,0,12
agnews-mxbai-1024-euclidean,ivf_faiss,14.351394012389395,16.979217529296875,12.178659439086914,0.8167300000000012,100,1000,1,14.390018224716187,19.081592559814453,12.178659439086914,0,0,0,10
agnews-mxbai-1024-euclidean,ivf_faiss,13.050627395676075,15.330314636230469,11.183023452758789,0.7909700000000017,100,1000,1,13.075809478759766,17.086505889892578,11.183023452758789,0,0,0,8
agnews-mxbai-1024-euclidean,ivf_faiss,12.027519729536802,13.923883438110352,10.491609573364258,0.7545200000000015,100,1000,1,12.06283164024353,15.43116569519043,10.491609573364258,0,0,0,6
agnews-mxbai-1024-euclidean,ivf_faiss,10.739787548992666,12.123346328735352,9.409904479980469,0.6966900000000003,100,1000,1,10.768710851669312,12.945413589477539,9.409904479980469,0,0,0,4
agnews-mxbai-1024-euclidean,ivf_faiss,9.624833187448635,10.54692268371582,8.78596305847168,0.5786000000000001,100,1000,1,9.659492015838623,11.62266731262207,8.78596305847168,0,0,0,2
openai-1536-angular,ivf_faiss,499.6111220969466,547.825813293457,454.00071144104004,0.9797100000000056,100,1000,1,499.61621928215027,554.6889305114746,449.6304988861084,0,0,0,512
openai-1536-angular,ivf_faiss,258.44551311612247,289.7522449493408,227.04005241394043,0.9591600000000055,100,1000,1,258.68761348724365,297.6226806640625,223.40130805969238,0,0,0,256
openai-1536-angular,ivf_faiss,227.93604365735493,257.3387622833252,198.99916648864746,0.954010000000005,100,1000,1,228.1619417667389,264.4479274749756,196.02370262145996,0,0,0,224
openai-1536-angular,ivf_faiss,197.48421506018266,223.29473495483398,172.8365421295166,0.9478900000000042,100,1000,1,197.89994049072266,227.83875465393066,166.2149429321289,0,0,0,192
openai-1536-angular,ivf_faiss,167.8462306822627,190.74726104736328,145.21431922912598,0.9407000000000031,100,1000,1,168.48153066635132,198.7326145172119,142.70377159118652,0,0,0,160
openai-1536-angular,ivf_faiss,151.66116771678273,172.1651554107666,131.5627098083496,0.9358900000000033,100,1000,1,152.26607084274292,182.17992782592773,127.42257118225098,0,0,0,144
openai-1536-angular,ivf_faiss,136.36753027920895,155.04884719848633,117.59424209594727,0.9297700000000028,100,1000,1,137.08124208450317,164.4449234008789,115.38147926330566,0,0,0,128
openai-1536-angular,ivf_faiss,121.68719318123568,140.272855758667,103.81197929382324,0.9229900000000032,100,1000,1,122.14097166061401,149.51753616333008,101.11570358276367,0,0,0,112
openai-1536-angular,ivf_faiss,106.25358393772896,122.79915809631348,90.15512466430664,0.9145200000000024,100,1000,1,106.74768495559692,129.7895908355713,86.96293830871582,0,0,0,96
openai-1536-angular,ivf_faiss,91.00311146543848,106.14585876464844,75.8657455444336,0.9039500000000015,100,1000,1,91.4211814403534,113.16943168640137,75.8657455444336,0,0,0,80
openai-1536-angular,ivf_faiss,75.90084881296364,88.64760398864746,63.40169906616211,0.8899300000000027,100,1000,1,76.2595522403717,95.4582691192627,62.20054626464844,0,0,0,64
openai-1536-angular,ivf_faiss,68.2256988029519,80.10268211364746,56.43343925476074,0.8811500000000028,100,1000,1,68.53172564506531,86.4262580871582,56.05888366699219,0,0,0,56
openai-1536-angular,ivf_faiss,60.67514443958794,71.22635841369629,50.20928382873535,0.870730000000003,100,1000,1,60.939449071884155,76.63202285766602,49.28231239318848,0,0,0,48
openai-1536-angular,ivf_faiss,53.15232034867185,63.29703330993652,43.26295852661133,0.8590000000000011,100,1000,1,53.300413370132446,69.93412971496582,41.85748100280762,0,0,0,40
openai-1536-angular,ivf_faiss,45.505391578285064,54.02493476867676,37.345170974731445,0.8421200000000012,100,1000,1,45.6571478843689,60.15586853027344,35.58921813964844,0,0,0,32
openai-1536-angular,ivf_faiss,41.70188386991224,49.468040466308594,34.159183502197266,0.8317400000000013,100,1000,1,41.80506491661072,54.91757392883301,32.16743469238281,0,0,0,28
openai-1536-angular,ivf_faiss,39.83538002836862,47.28245735168457,32.575368881225586,0.8254700000000019,100,1000,1,39.90730881690979,51.82147026062012,31.012535095214844,0,0,0,26
openai-1536-angular,ivf_faiss,37.783942246800144,44.986724853515625,30.7309627532959,0.8192600000000017,100,1000,1,37.83477020263672,49.19886589050293,29.33526039123535,0,0,0,24
openai-1536-angular,ivf_faiss,36.040615161421826,42.726755142211914,29.459476470947266,0.8114900000000016,100,1000,1,36.09965753555298,46.955108642578125,27.971744537353516,0,0,0,22
openai-1536-angular,ivf_faiss,34.167713885880296,40.4660701751709,27.985334396362305,0.8034400000000012,100,1000,1,34.199880838394165,44.802188873291016,25.311946868896484,0,0,0,20
openai-1536-angular,ivf_faiss,32.049927419545696,37.80984878540039,26.291608810424805,0.7938500000000019,100,1000,1,32.09809923171997,41.70393943786621,24.164199829101562,0,0,0,18
openai-1536-angular,ivf_faiss,30.069084284376196,35.439491271972656,24.707794189453125,0.7837800000000023,100,1000,1,30.11690354347229,39.21246528625488,23.083209991455078,0,0,0,16
openai-1536-angular,ivf_faiss,28.11494533309859,33.22887420654297,23.0867862701416,0.7716700000000023,100,1000,1,28.149397134780884,35.547733306884766,22.063493728637695,0,0,0,14
openai-1536-angular,ivf_faiss,26.221326436504675,31.013965606689453,21.450042724609375,0.756660000000001,100,1000,1,26.26408338546753,33.663272857666016,20.399093627929688,0,0,0,12
openai-1536-angular,ivf_faiss,24.363813679345803,28.748035430908203,19.887447357177734,0.7385200000000013,100,1000,1,24.394689321517944,31.521081924438477,19.38009262084961,0,0,0,10
openai-1536-angular,ivf_faiss,22.527542740407615,26.49712562561035,18.840789794921875,0.7151000000000004,100,1000,1,22.5573148727417,28.11908721923828,18.436670303344727,0,0,0,8
openai-1536-angular,ivf_faiss,20.501769822219323,23.732423782348633,17.250537872314453,0.6799600000000006,100,1000,1,20.547847747802734,25.01702308654785,16.783714294433594,0,0,0,6
openai-1536-angular,ivf_faiss,18.327823387184726,20.81584930419922,15.802383422851562,0.62886,100,1000,1,18.372475624084473,22.104978561401367,15.802383422851562,0,0,0,4
openai-1536-angular,ivf_faiss,16.41250598756738,18.381834030151367,14.808416366577148,0.5204300000000002,100,1000,1,16.448025226593018,20.859241485595703,14.808416366577148,0,0,0,2
celeba-resnet-2048-cosine,ivf_faiss,561.4543546921564,665.8153533935547,457.67903327941895,0.99997,100,1000,1,560.0631098747253,665.8153533935547,416.7633056640625,0,0,0,512
celeba-resnet-2048-cosine,ivf_faiss,295.77951113703756,368.78132820129395,190.82021713256836,0.9992200000000004,100,1000,1,294.76423692703247,368.78132820129395,178.44200134277344,0,0,0,256
celeba-resnet-2048-cosine,ivf_faiss,262.21907210926855,335.4828357696533,161.4854335784912,0.9989600000000005,100,1000,1,261.37366557121277,335.4828357696533,153.9144515991211,0,0,0,224
celeba-resnet-2048-cosine,ivf_faiss,227.47110672879748,301.4090061187744,134.5691680908203,0.9982600000000008,100,1000,1,226.88719081878662,301.4090061187744,128.4778118133545,0,0,0,192
celeba-resnet-2048-cosine,ivf_faiss,192.45108367208252,256.5131187438965,108.31594467163086,0.9967800000000012,100,1000,1,192.1929440498352,256.5131187438965,106.0178279876709,0,0,0,160
celeba-resnet-2048-cosine,ivf_faiss,174.36811470985413,238.6453151702881,95.33929824829102,0.9958500000000013,100,1000,1,174.36811470985413,238.6453151702881,95.33929824829102,0,0,0,144
celeba-resnet-2048-cosine,ivf_faiss,156.56339859962463,217.21458435058594,83.10580253601074,0.9945400000000015,100,1000,1,156.56339859962463,217.21458435058594,83.10580253601074,0,0,0,128
celeba-resnet-2048-cosine,ivf_faiss,138.25549459457397,198.60267639160156,72.39413261413574,0.9926200000000018,100,1000,1,138.25549459457397,198.60267639160156,72.39413261413574,0,0,0,112
celeba-resnet-2048-cosine,ivf_faiss,120.9471378326416,177.05273628234863,60.57286262512207,0.9896100000000022,100,1000,1,120.9471378326416,177.05273628234863,60.57286262512207,0,0,0,96
celeba-resnet-2048-cosine,ivf_faiss,101.43685483932495,152.52017974853516,48.497915267944336,0.9850700000000027,100,1000,1,101.43685483932495,152.52017974853516,48.497915267944336,0,0,0,80
celeba-resnet-2048-cosine,ivf_faiss,82.85823678970337,126.48272514343262,38.427114486694336,0.9777800000000023,100,1000,1,82.85823678970337,126.48272514343262,38.427114486694336,0,0,0,64
celeba-resnet-2048-cosine,ivf_faiss,73.4182436466217,111.40823364257812,33.892154693603516,0.9727900000000023,100,1000,1,73.4182436466217,111.40823364257812,33.892154693603516,0,0,0,56
celeba-resnet-2048-cosine,ivf_faiss,63.85830640792847,97.92375564575195,30.426025390625,0.9651700000000033,100,1000,1,63.85830640792847,97.92375564575195,30.426025390625,0,0,0,48
celeba-resnet-2048-cosine,ivf_faiss,54.22126364707947,85.74175834655762,25.487899780273438,0.9537800000000044,100,1000,1,54.22126364707947,85.74175834655762,25.487899780273438,0,0,0,40
celeba-resnet-2048-cosine,ivf_faiss,44.39347134324496,70.57785987854004,21.186113357543945,0.9354600000000028,100,1000,1,44.447447299957275,71.51627540588379,21.186113357543945,0,0,0,32
celeba-resnet-2048-cosine,ivf_faiss,39.661421790137304,64.20588493347168,19.176721572875977,0.9224100000000034,100,1000,1,39.687944650650024,66.18428230285645,19.176721572875977,0,0,0,28
celeba-resnet-2048-cosine,ivf_faiss,36.98753617808432,59.52763557434082,18.01609992980957,0.914610000000003,100,1000,1,37.03450536727905,60.71758270263672,18.01609992980957,0,0,0,26
celeba-resnet-2048-cosine,ivf_faiss,34.63086981572704,56.08987808227539,16.81685447692871,0.9051600000000031,100,1000,1,34.674816846847534,56.960344314575195,16.81685447692871,0,0,0,24
celeba-resnet-2048-cosine,ivf_faiss,32.21589620388932,51.8796443939209,15.990257263183594,0.8944900000000031,100,1000,1,32.32301712036133,56.32495880126953,15.990257263183594,0,0,0,22
celeba-resnet-2048-cosine,ivf_faiss,29.809293565568744,48.20418357849121,14.814376831054688,0.881550000000002,100,1000,1,29.829960584640503,50.4763126373291,14.814376831054688,0,0,0,20
celeba-resnet-2048-cosine,ivf_faiss,27.18612986869082,43.61987113952637,13.273954391479492,0.8663400000000018,100,1000,1,27.30793833732605,46.18692398071289,13.273954391479492,0,0,0,18
celeba-resnet-2048-cosine,ivf_faiss,24.7542176927839,39.8409366607666,11.513948440551758,0.8474800000000025,100,1000,1,24.85022783279419,42.211055755615234,11.513948440551758,0,0,0,16
celeba-resnet-2048-cosine,ivf_faiss,22.21139650113187,35.51197052001953,10.684013366699219,0.826700000000001,100,1000,1,22.38343071937561,38.2227897644043,10.684013366699219,0,0,0,14
celeba-resnet-2048-cosine,ivf_faiss,19.580592781936847,31.390666961669922,9.737968444824219,0.7992700000000016,100,1000,1,19.697452545166016,33.52928161621094,9.737968444824219,0,0,0,12
celeba-resnet-2048-cosine,ivf_faiss,16.99488797808081,26.711463928222656,8.952140808105469,0.7645200000000011,100,1000,1,17.164956092834473,29.5255184173584,8.952140808105469,0,0,0,10
celeba-resnet-2048-cosine,ivf_faiss,14.673670173296468,23.06222915649414,7.6847076416015625,0.7176800000000004,100,1000,1,14.815362453460693,25.293588638305664,7.6847076416015625,0,0,0,8
celeba-resnet-2048-cosine,ivf_faiss,11.95906792385532,18.349409103393555,6.896018981933594,0.6512899999999998,100,1000,1,12.0855712890625,20.40576934814453,6.896018981933594,0,0,0,6
celeba-resnet-2048-cosine,ivf_faiss,9.527934544440928,13.911247253417969,5.861520767211914,0.5510200000000004,100,1000,1,9.63095235824585,16.983747482299805,5.861520767211914,0,0,0,4
celeba-resnet-2048-cosine,ivf_faiss,6.902256272846442,9.356021881103516,4.92548942565918,0.3780200000000002,100,1000,1,6.943392992019653,11.05499267578125,4.92548942565918,0,0,0,2
simplewiki-openai-3072-normalized,ivf_faiss,503.75691270828247,565.2928352355957,442.38948822021484,0.9907600000000029,100,1000,1,503.75691270828247,565.2928352355957,442.38948822021484,0,0,0,512
simplewiki-openai-3072-normalized,ivf_faiss,262.6881492137909,298.3548641204834,223.97661209106445,0.9802300000000048,100,1000,1,262.6881492137909,298.3548641204834,223.97661209106445,0,0,0,256
simplewiki-openai-3072-normalized,ivf_faiss,232.24373364448547,268.60809326171875,197.19886779785156,0.9775000000000045,100,1000,1,232.24373364448547,268.60809326171875,197.19886779785156,0,0,0,224
simplewiki-openai-3072-normalized,ivf_faiss,201.82297468185425,235.6555461883545,172.62768745422363,0.9741700000000042,100,1000,1,201.82297468185425,235.6555461883545,172.62768745422363,0,0,0,192
simplewiki-openai-3072-normalized,ivf_faiss,170.4108328819275,203.87601852416992,144.2127227783203,0.9695800000000048,100,1000,1,170.4108328819275,203.87601852416992,144.2127227783203,0,0,0,160
simplewiki-openai-3072-normalized,ivf_faiss,155.08701276779175,186.5100860595703,129.23550605773926,0.9665300000000052,100,1000,1,155.08701276779175,186.5100860595703,129.23550605773926,0,0,0,144
simplewiki-openai-3072-normalized,ivf_faiss,139.80937004089355,169.07644271850586,115.81659317016602,0.963390000000005,100,1000,1,139.84016466140747,170.60399055480957,115.81659317016602,0,0,0,128
simplewiki-openai-3072-normalized,ivf_faiss,124.28667252102206,149.6119499206543,101.37104988098145,0.9589900000000047,100,1000,1,124.5099925994873,156.10218048095703,101.37104988098145,0,0,0,112
simplewiki-openai-3072-normalized,ivf_faiss,108.84256114511616,130.76448440551758,87.2795581817627,0.9531900000000044,100,1000,1,109.3117139339447,137.45427131652832,85.9677791595459,0,0,0,96
simplewiki-openai-3072-normalized,ivf_faiss,93.08718309097998,112.49732971191406,74.87916946411133,0.945810000000004,100,1000,1,93.646311044693,120.47243118286133,71.68459892272949,0,0,0,80
simplewiki-openai-3072-normalized,ivf_faiss,77.52708659684363,94.41661834716797,60.87517738342285,0.9359000000000048,100,1000,1,78.14348983764648,103.23834419250488,60.36710739135742,0,0,0,64
simplewiki-openai-3072-normalized,ivf_faiss,69.68700232402246,85.23774147033691,54.42094802856445,0.9293900000000038,100,1000,1,70.3132095336914,96.11010551452637,54.42094802856445,0,0,0,56
simplewiki-openai-3072-normalized,ivf_faiss,62.03032969935357,76.31182670593262,49.146413803100586,0.921770000000004,100,1000,1,62.57711601257324,85.17694473266602,47.05476760864258,0,0,0,48
simplewiki-openai-3072-normalized,ivf_faiss,54.19105783966947,67.06571578979492,42.87600517272949,0.9110800000000043,100,1000,1,54.63593149185181,76.98559761047363,40.909528732299805,0,0,0,40
simplewiki-openai-3072-normalized,ivf_faiss,46.39741514146942,57.39092826843262,35.59756278991699,0.8974300000000037,100,1000,1,46.80796837806702,65.70196151733398,35.59756278991699,0,0,0,32
simplewiki-openai-3072-normalized,ivf_faiss,42.36347443801312,52.060842514038086,32.35816955566406,0.8888600000000038,100,1000,1,42.762962102890015,59.929609298706055,32.35816955566406,0,0,0,28
simplewiki-openai-3072-normalized,ivf_faiss,40.566781218291794,49.912452697753906,31.050443649291992,0.8834700000000035,100,1000,1,40.88829183578491,56.272029876708984,31.050443649291992,0,0,0,26
simplewiki-openai-3072-normalized,ivf_faiss,38.50797489515189,47.716617584228516,29.58536148071289,0.8782600000000034,100,1000,1,38.805197954177856,54.749250411987305,27.91452407836914,0,0,0,24
simplewiki-openai-3072-normalized,ivf_faiss,36.610429028548104,45.55988311767578,28.395414352416992,0.8721200000000033,100,1000,1,36.839951276779175,53.035736083984375,26.28469467163086,0,0,0,22
simplewiki-openai-3072-normalized,ivf_faiss,34.739729566652265,43.02811622619629,26.610136032104492,0.8652100000000036,100,1000,1,34.96406817436218,49.94606971740723,25.87747573852539,0,0,0,20
simplewiki-openai-3072-normalized,ivf_faiss,32.65647036688669,40.35592079162598,25.239944458007812,0.8571600000000025,100,1000,1,32.858534812927246,51.50461196899414,24.721145629882812,0,0,0,18
simplewiki-openai-3072-normalized,ivf_faiss,30.65032900476748,37.86420822143555,24.075031280517578,0.8470600000000028,100,1000,1,30.816139936447144,44.516563415527344,22.47476577758789,0,0,0,16
simplewiki-openai-3072-normalized,ivf_faiss,28.662025256034656,34.88349914550781,22.790908813476562,0.835470000000002,100,1000,1,28.83925986289978,43.38479042053223,21.03900909423828,0,0,0,14
simplewiki-openai-3072-normalized,ivf_faiss,26.73659485049933,32.43112564086914,21.320104598999023,0.8211600000000021,100,1000,1,26.87146282196045,38.246870040893555,20.527124404907227,0,0,0,12
simplewiki-openai-3072-normalized,ivf_faiss,24.72236631362419,29.742002487182617,19.611120223999023,0.8025400000000018,100,1000,1,24.844238758087158,35.26926040649414,19.611120223999023,0,0,0,10
simplewiki-openai-3072-normalized,ivf_faiss,22.763811241717637,27.431488037109375,18.924713134765625,0.7766500000000008,100,1000,1,22.88381576538086,31.595230102539062,18.924713134765625,0,0,0,8
simplewiki-openai-3072-normalized,ivf_faiss,20.843590021375963,24.80030059814453,17.7764892578125,0.7404900000000004,100,1000,1,20.932868003845215,27.570486068725586,17.7764892578125,0,0,0,6
simplewiki-openai-3072-normalized,ivf_faiss,19.505323870765274,22.56608009338379,16.349077224731445,0.6806800000000012,100,1000,1,19.60057020187378,25.775671005249023,16.349077224731445,0,0,0,4
simplewiki-openai-3072-normalized,ivf_faiss,17.749794372698155,19.92321014404297,15.671730041503906,0.5587100000000002,100,1000,1,17.792343854904175,21.340608596801758,15.671730041503906,0,0,0,2
