dataset,algorithm,avg,max,min,recall,knn,n_queries,num_measure_runs,avg_all,max_all,min_all,ef_search,M,ef_construction,ivf_nprobe
sift-128-euclidean_PCA_0.9,ivf_faiss,40.24922827455844,49.81732368469238,30.521869659423828,0.9689919999998942,100,10000,1,40.25095579624176,53.392648696899414,29.6783447265625,0,0,0,512
sift-128-euclidean_PCA_0.9,ivf_faiss,20.557639049897077,27.382612228393555,14.786481857299805,0.9675749999998988,100,10000,1,20.559215021133422,28.918981552124023,14.786481857299805,0,0,0,256
sift-128-euclidean_PCA_0.9,ivf_faiss,13.506937012669562,18.93758773803711,9.455442428588867,0.9632379999999084,100,10000,1,13.508144521713257,19.879579544067383,9.455442428588867,0,0,0,160
sift-128-euclidean_PCA_0.9,ivf_faiss,11.171991923162437,15.905141830444336,7.748842239379883,0.9588559999999132,100,10000,1,11.175665259361267,17.23647117614746,7.748842239379883,0,0,0,128
sift-128-euclidean_PCA_0.9,ivf_faiss,8.758641865233152,12.606382369995117,6.118297576904297,0.9497459999999291,100,10000,1,8.76480598449707,13.971805572509766,6.118297576904297,0,0,0,96
sift-128-euclidean_PCA_0.9,ivf_faiss,6.314917575431098,9.080648422241211,4.366636276245117,0.9277009999999498,100,10000,1,6.334283113479614,9.93490219116211,4.366636276245117,0,0,0,64
sift-128-euclidean_PCA_0.9,ivf_faiss,5.062259574573603,7.228612899780273,3.512859344482422,0.903410999999958,100,10000,1,5.1025111198425295,9.150505065917969,3.512859344482422,0,0,0,48
sift-128-euclidean_PCA_0.9,ivf_faiss,3.801025903997815,5.364179611206055,2.7489662170410156,0.8563129999999736,100,10000,1,3.8612425327301025,7.691383361816406,2.7489662170410156,0,0,0,32
sift-128-euclidean_PCA_0.9,ivf_faiss,2.536490553309048,3.4008026123046875,1.9657611846923828,0.7421399999999854,100,10000,1,2.592523288726807,5.754947662353516,1.9657611846923828,0,0,0,16
sift-128-euclidean_PCA_0.9,ivf_faiss,1.9074107536655662,2.371549606323242,1.5778541564941406,0.5989699999999956,100,10000,1,1.9429312467575073,5.386829376220703,1.5778541564941406,0,0,0,8
sift-128-euclidean_PCA_0.9,ivf_faiss,1.5884062335212112,1.840829849243164,1.4121532440185547,0.4474029999999989,100,10000,1,1.6077730655670166,4.95147705078125,1.4121532440185547,0,0,0,4
sift-128-euclidean_PCA_0.9,ivf_faiss,1.4257698485416486,1.5721321105957031,1.30462646484375,0.30847499999999994,100,10000,1,1.4364971399307251,4.747629165649414,1.30462646484375,0,0,0,2
sift-128-euclidean_PCA_0.8,ivf_faiss,34.802399550352966,42.632102966308594,26.983976364135742,0.9383789999999682,100,10000,1,34.80461840629577,45.76444625854492,26.71051025390625,0,0,0,512
sift-128-euclidean_PCA_0.8,ivf_faiss,18.433195897449753,24.912357330322266,13.377189636230469,0.9371929999999696,100,10000,1,18.434755063056947,26.30162239074707,13.377189636230469,0,0,0,256
sift-128-euclidean_PCA_0.8,ivf_faiss,12.141884607693862,17.052888870239258,8.611917495727539,0.9335559999999711,100,10000,1,12.144754195213318,18.809080123901367,8.611917495727539,0,0,0,160
sift-128-euclidean_PCA_0.8,ivf_faiss,10.010718917655849,14.251470565795898,6.98089599609375,0.9300459999999726,100,10000,1,10.012987160682679,15.158414840698242,6.98089599609375,0,0,0,128
sift-128-euclidean_PCA_0.8,ivf_faiss,8.242817696697985,11.828422546386719,5.66554069519043,0.922782999999971,100,10000,1,8.248095893859864,12.22681999206543,5.66554069519043,0,0,0,96
sift-128-euclidean_PCA_0.8,ivf_faiss,5.916545911535127,8.554220199584961,3.977537155151367,0.9051599999999773,100,10000,1,5.937359571456909,9.707927703857422,3.977537155151367,0,0,0,64
sift-128-euclidean_PCA_0.8,ivf_faiss,4.545386309058883,6.480216979980469,3.2186508178710938,0.8850429999999826,100,10000,1,4.580539202690124,7.076501846313477,3.2186508178710938,0,0,0,48
sift-128-euclidean_PCA_0.8,ivf_faiss,3.4168501380607155,4.807710647583008,2.4862289428710938,0.8438009999999855,100,10000,1,3.470602202415466,6.092071533203125,2.4862289428710938,0,0,0,32
sift-128-euclidean_PCA_0.8,ivf_faiss,2.2847746320598508,3.0655860900878906,1.7762184143066406,0.7368739999999921,100,10000,1,2.3335327386856077,4.564762115478516,1.7762184143066406,0,0,0,16
sift-128-euclidean_PCA_0.8,ivf_faiss,1.7151507270209292,2.132892608642578,1.4314651489257812,0.5961499999999964,100,10000,1,1.7468189239501952,2.760171890258789,1.4314651489257812,0,0,0,8
sift-128-euclidean_PCA_0.8,ivf_faiss,1.430881101059598,1.6531944274902344,1.2598037719726562,0.4469609999999998,100,10000,1,1.4487642049789429,3.086090087890625,1.2598037719726562,0,0,0,4
sift-128-euclidean_PCA_0.8,ivf_faiss,1.2873413420769861,1.4197826385498047,1.163482666015625,0.307712,100,10000,1,1.2967893362045289,2.5115013122558594,1.163482666015625,0,0,0,2
sift-128-euclidean_PCA_0.65,ivf_faiss,28.202061347209252,34.37471389770508,21.95262908935547,0.8801019999999912,100,10000,1,28.203416562080385,39.20769691467285,21.663188934326172,0,0,0,512
sift-128-euclidean_PCA_0.65,ivf_faiss,14.938535535781472,19.557952880859375,10.921716690063477,0.8791999999999931,100,10000,1,14.939924144744873,21.94809913635254,10.921716690063477,0,0,0,256
sift-128-euclidean_PCA_0.65,ivf_faiss,9.849129402296475,13.742685317993164,7.042407989501953,0.8764389999999921,100,10000,1,9.850213241577148,16.359329223632812,7.042407989501953,0,0,0,160
sift-128-euclidean_PCA_0.65,ivf_faiss,8.117985262778264,11.45172119140625,5.786657333374023,0.8737329999999942,100,10000,1,8.118868160247803,13.565301895141602,5.786657333374023,0,0,0,128
sift-128-euclidean_PCA_0.65,ivf_faiss,6.374114980490332,9.106159210205078,4.529714584350586,0.8683929999999939,100,10000,1,6.378967046737671,9.866952896118164,4.529714584350586,0,0,0,96
sift-128-euclidean_PCA_0.65,ivf_faiss,4.600809924191939,6.549596786499023,3.2367706298828125,0.855226999999997,100,10000,1,4.615613794326782,7.563352584838867,3.2367706298828125,0,0,0,64
sift-128-euclidean_PCA_0.65,ivf_faiss,3.699852069510063,5.23686408996582,2.6252269744873047,0.8402890000000022,100,10000,1,3.7291884422302246,6.522417068481445,2.6252269744873047,0,0,0,48
sift-128-euclidean_PCA_0.65,ivf_faiss,2.7894512823786997,3.8993358612060547,2.0427703857421875,0.808570000000001,100,10000,1,2.830701994895935,6.0939788818359375,2.0427703857421875,0,0,0,32
sift-128-euclidean_PCA_0.65,ivf_faiss,1.8655890731827538,2.477884292602539,1.4767646789550781,0.7180759999999984,100,10000,1,1.903671431541443,3.7763118743896484,1.4767646789550781,0,0,0,16
sift-128-euclidean_PCA_0.65,ivf_faiss,1.4043401569256753,1.7321109771728516,1.1529922485351562,0.5886020000000026,100,10000,1,1.4293280363082885,2.256631851196289,1.1529922485351562,0,0,0,8
sift-128-euclidean_PCA_0.65,ivf_faiss,1.162334162250571,1.3594627380371094,0.9939670562744141,0.4434759999999998,100,10000,1,1.1763038873672484,2.9556751251220703,0.9939670562744141,0,0,0,4
sift-128-euclidean_PCA_0.65,ivf_faiss,1.0264180943556909,1.1341571807861328,0.9396076202392578,0.30693199999999893,100,10000,1,1.0347426891326905,2.3317337036132812,0.9396076202392578,0,0,0,2
sift-128-euclidean_PCA_0.5,ivf_faiss,22.678184327952295,27.66561508178711,17.773866653442383,0.7967930000000109,100,10000,1,22.68201348781586,47.77860641479492,17.629384994506836,0,0,0,512
sift-128-euclidean_PCA_0.5,ivf_faiss,12.015098118782044,15.831470489501953,8.92949104309082,0.7961090000000111,100,10000,1,12.015098118782044,15.831470489501953,8.92949104309082,0,0,0,256
sift-128-euclidean_PCA_0.5,ivf_faiss,7.922042452200542,10.89167594909668,5.7163238525390625,0.7941220000000115,100,10000,1,7.922443699836731,11.934518814086914,5.7163238525390625,0,0,0,160
sift-128-euclidean_PCA_0.5,ivf_faiss,6.535343114073138,9.10806655883789,4.7168731689453125,0.7921920000000101,100,10000,1,6.536207962036133,9.866714477539062,4.7168731689453125,0,0,0,128
sift-128-euclidean_PCA_0.5,ivf_faiss,5.107609284557801,7.256031036376953,3.6230087280273438,0.7883090000000093,100,10000,1,5.110195565223694,8.140087127685547,3.6230087280273438,0,0,0,96
sift-128-euclidean_PCA_0.5,ivf_faiss,3.7052534010497578,5.230903625488281,2.6557445526123047,0.7786510000000081,100,10000,1,3.718779706954956,5.536079406738281,2.6557445526123047,0,0,0,64
sift-128-euclidean_PCA_0.5,ivf_faiss,2.984516234744996,4.198789596557617,2.172231674194336,0.7676800000000068,100,10000,1,3.0067337274551393,4.563331604003906,2.172231674194336,0,0,0,48
sift-128-euclidean_PCA_0.5,ivf_faiss,2.2443147984225322,3.1290054321289062,1.6417503356933594,0.7440560000000015,100,10000,1,2.278187465667725,3.776073455810547,1.6417503356933594,0,0,0,32
sift-128-euclidean_PCA_0.5,ivf_faiss,1.5037686542819637,1.9900798797607422,1.1668205261230469,0.6751180000000031,100,10000,1,1.534265112876892,3.4470558166503906,1.1668205261230469,0,0,0,16
sift-128-euclidean_PCA_0.5,ivf_faiss,1.1422240555205092,1.4319419860839844,0.946044921875,0.5672889999999999,100,10000,1,1.1628209352493286,1.8353462219238281,0.946044921875,0,0,0,8
sift-128-euclidean_PCA_0.5,ivf_faiss,0.9336570418984755,1.085042953491211,0.8165836334228516,0.4350800000000014,100,10000,1,0.9457240581512452,1.4154911041259766,0.8165836334228516,0,0,0,4
sift-128-euclidean_PCA_0.5,ivf_faiss,0.8290664883223838,0.9150505065917969,0.7495880126953125,0.30312,100,10000,1,0.8358774423599243,1.6715526580810547,0.7495880126953125,0,0,0,2
sift-128-euclidean_PCA_0.3,ivf_faiss,14.880380198871265,17.719268798828125,11.825084686279297,0.6135940000000016,100,10000,1,14.880183029174805,21.82602882385254,11.21664047241211,0,0,0,512
sift-128-euclidean_PCA_0.3,ivf_faiss,7.458514131338841,9.683370590209961,5.640983581542969,0.613387000000002,100,10000,1,7.458996200561524,9.895086288452148,5.640983581542969,0,0,0,256
sift-128-euclidean_PCA_0.3,ivf_faiss,4.947154107207809,6.586790084838867,3.660440444946289,0.6125979999999999,100,10000,1,4.947727608680725,6.966829299926758,3.660440444946289,0,0,0,160
sift-128-euclidean_PCA_0.3,ivf_faiss,4.101405119895935,5.5522918701171875,2.9768943786621094,0.6118180000000001,100,10000,1,4.101405119895935,5.5522918701171875,2.9768943786621094,0,0,0,128
sift-128-euclidean_PCA_0.3,ivf_faiss,3.23666498175418,4.44793701171875,2.350330352783203,0.6101029999999995,100,10000,1,3.2384573936462404,4.623174667358398,2.350330352783203,0,0,0,96
sift-128-euclidean_PCA_0.3,ivf_faiss,2.3494655262058797,3.2262802124023438,1.6722679138183594,0.6055619999999998,100,10000,1,2.3630849838256838,4.301548004150391,1.6722679138183594,0,0,0,64
sift-128-euclidean_PCA_0.3,ivf_faiss,1.9003131022126052,2.600431442260742,1.3730525970458984,0.6001389999999998,100,10000,1,1.918158769607544,3.5631656646728516,1.3730525970458984,0,0,0,48
sift-128-euclidean_PCA_0.3,ivf_faiss,1.4484725387183939,1.951456069946289,1.0437965393066406,0.5882140000000003,100,10000,1,1.4708890438079834,3.0679702758789062,1.0437965393066406,0,0,0,32
sift-128-euclidean_PCA_0.3,ivf_faiss,0.9591031905486858,1.2447834014892578,0.7517337799072266,0.5510289999999992,100,10000,1,0.9792128801345825,1.56402587890625,0.7517337799072266,0,0,0,16
sift-128-euclidean_PCA_0.3,ivf_faiss,0.7192171246985106,0.8761882781982422,0.6008148193359375,0.4866739999999986,100,10000,1,0.7317908525466919,1.695394515991211,0.6008148193359375,0,0,0,8
sift-128-euclidean_PCA_0.3,ivf_faiss,0.5928801256905167,0.6809234619140625,0.5178451538085938,0.3935919999999988,100,10000,1,0.600036358833313,0.8924007415771484,0.5178451538085938,0,0,0,4
sift-128-euclidean_PCA_0.3,ivf_faiss,0.5264870806875209,0.5805492401123047,0.4787445068359375,0.2856999999999998,100,10000,1,0.5303618431091308,0.7338523864746094,0.4787445068359375,0,0,0,2
yi-128-ip_PCA_0.9,ivf_faiss,29.86677093264168,31.952619552612305,27.781963348388672,0.49075000000000013,100,1000,1,29.91233205795288,47.11008071899414,25.954246520996094,0,0,0,512
yi-128-ip_PCA_0.9,ivf_faiss,13.566098314650516,16.02005958557129,11.457204818725586,0.49014000000000035,100,1000,1,13.602592468261719,16.863346099853516,11.457204818725586,0,0,0,256
yi-128-ip_PCA_0.9,ivf_faiss,8.236646411151327,10.199546813964844,6.912469863891602,0.48795000000000005,100,1000,1,8.261229515075684,10.976791381835938,6.912469863891602,0,0,0,160
yi-128-ip_PCA_0.9,ivf_faiss,6.567429086605465,8.156538009643555,5.525350570678711,0.4847099999999996,100,1000,1,6.600818634033203,8.618831634521484,5.525350570678711,0,0,0,128
yi-128-ip_PCA_0.9,ivf_faiss,4.943705309292435,5.993127822875977,3.923177719116211,0.47897999999999996,100,1000,1,5.009459495544434,6.626367568969727,3.923177719116211,0,0,0,96
yi-128-ip_PCA_0.9,ivf_faiss,3.407152852381639,4.247426986694336,2.5873184204101562,0.46561000000000013,100,1000,1,3.4539923667907715,4.941701889038086,2.5873184204101562,0,0,0,64
yi-128-ip_PCA_0.9,ivf_faiss,2.646738419694832,3.4384727478027344,1.9500255584716797,0.4538700000000003,100,1000,1,2.6729915142059326,3.740549087524414,1.9500255584716797,0,0,0,48
yi-128-ip_PCA_0.9,ivf_faiss,1.8807986905309348,2.5682449340820312,1.2848377227783203,0.4318099999999996,100,1000,1,1.8971705436706543,2.8874874114990234,1.2848377227783203,0,0,0,32
yi-128-ip_PCA_0.9,ivf_faiss,1.0791325035017523,1.5363693237304688,0.7405281066894531,0.38555,100,1000,1,1.0906970500946045,1.9724369049072266,0.7405281066894531,0,0,0,16
yi-128-ip_PCA_0.9,ivf_faiss,0.6769071195171851,0.9520053863525391,0.46753883361816406,0.32723999999999953,100,1000,1,0.6851582527160645,1.2965202331542969,0.46753883361816406,0,0,0,8
yi-128-ip_PCA_0.9,ivf_faiss,0.4804743097183552,0.6558895111083984,0.3399848937988281,0.25511000000000045,100,1000,1,0.48352909088134766,0.8416175842285156,0.3399848937988281,0,0,0,4
yi-128-ip_PCA_0.9,ivf_faiss,0.3796550562494591,0.51116943359375,0.2942085266113281,0.16816000000000017,100,1000,1,0.38074350357055664,0.5650520324707031,0.2942085266113281,0,0,0,2
yi-128-ip_PCA_0.8,ivf_faiss,26.76579185628742,28.60426902770996,24.930715560913086,0.3104500000000004,100,1000,1,26.791316747665405,29.567718505859375,23.568391799926758,0,0,0,512
yi-128-ip_PCA_0.8,ivf_faiss,12.36883999721554,14.52946662902832,10.442018508911133,0.31065000000000015,100,1000,1,12.390624046325684,15.347003936767578,10.442018508911133,0,0,0,256
yi-128-ip_PCA_0.8,ivf_faiss,7.569745815161503,9.186029434204102,6.375789642333984,0.3106200000000002,100,1000,1,7.587608098983765,9.635448455810547,6.375789642333984,0,0,0,160
yi-128-ip_PCA_0.8,ivf_faiss,6.072279409313878,7.437229156494141,5.104780197143555,0.30972000000000016,100,1000,1,6.091306924819946,7.760763168334961,5.104780197143555,0,0,0,128
yi-128-ip_PCA_0.8,ivf_faiss,4.606655067648769,5.577564239501953,3.76129150390625,0.30816000000000004,100,1000,1,4.642591714859009,5.957603454589844,3.76129150390625,0,0,0,96
yi-128-ip_PCA_0.8,ivf_faiss,3.2021764159078785,3.9360523223876953,2.457141876220703,0.3026800000000002,100,1000,1,3.232897996902466,4.239082336425781,2.457141876220703,0,0,0,64
yi-128-ip_PCA_0.8,ivf_faiss,2.5074554726648186,3.170490264892578,1.9121170043945312,0.29637,100,1000,1,2.519169807434082,3.59344482421875,1.804351806640625,0,0,0,48
yi-128-ip_PCA_0.8,ivf_faiss,1.7800253025706982,2.299070358276367,1.2774467468261719,0.2866200000000003,100,1000,1,1.7948100566864014,2.6416778564453125,1.2774467468261719,0,0,0,32
yi-128-ip_PCA_0.8,ivf_faiss,1.0297890836012582,1.4231204986572266,0.7219314575195312,0.2633199999999995,100,1000,1,1.0399751663208008,1.7426013946533203,0.7219314575195312,0,0,0,16
yi-128-ip_PCA_0.8,ivf_faiss,0.6493832192294193,0.9014606475830078,0.4394054412841797,0.23274000000000017,100,1000,1,0.65696120262146,1.161336898803711,0.4394054412841797,0,0,0,8
yi-128-ip_PCA_0.8,ivf_faiss,0.4618309965037336,0.6327629089355469,0.3132820129394531,0.19430000000000006,100,1000,1,0.463869571685791,0.7033348083496094,0.3132820129394531,0,0,0,4
yi-128-ip_PCA_0.8,ivf_faiss,0.3597409823629911,0.4889965057373047,0.2713203430175781,0.14008000000000026,100,1000,1,0.3609018325805664,0.5981922149658203,0.2713203430175781,0,0,0,2
yi-128-ip_PCA_0.65,ivf_faiss,21.57740691782897,22.97830581665039,20.180940628051758,0.24170999999999968,100,1000,1,21.61912441253662,33.25343132019043,19.335269927978516,0,0,0,512
yi-128-ip_PCA_0.65,ivf_faiss,9.937381454807545,11.456727981567383,8.636474609375,0.2423099999999997,100,1000,1,9.958176851272583,12.010812759399414,8.636474609375,0,0,0,256
yi-128-ip_PCA_0.65,ivf_faiss,6.068250270393806,7.234334945678711,5.274057388305664,0.24279999999999977,100,1000,1,6.089442014694214,7.705211639404297,5.274057388305664,0,0,0,160
yi-128-ip_PCA_0.65,ivf_faiss,4.853679422746625,5.821466445922852,4.1675567626953125,0.24296999999999958,100,1000,1,4.887591600418091,6.27899169921875,4.1675567626953125,0,0,0,128
yi-128-ip_PCA_0.65,ivf_faiss,3.685098591913811,4.42194938659668,3.0934810638427734,0.24152999999999958,100,1000,1,3.7274086475372314,4.825592041015625,3.0934810638427734,0,0,0,96
yi-128-ip_PCA_0.65,ivf_faiss,2.551025349246569,3.1909942626953125,2.025604248046875,0.23817999999999975,100,1000,1,2.5734190940856934,3.4453868865966797,2.025604248046875,0,0,0,64
yi-128-ip_PCA_0.65,ivf_faiss,1.990397609505018,2.5789737701416016,1.4925003051757812,0.2346399999999998,100,1000,1,2.0016403198242188,2.7785301208496094,1.4925003051757812,0,0,0,48
yi-128-ip_PCA_0.65,ivf_faiss,1.4217216141369877,1.871347427368164,0.9729862213134766,0.2281899999999998,100,1000,1,1.4324045181274414,2.1505355834960938,0.9729862213134766,0,0,0,32
yi-128-ip_PCA_0.65,ivf_faiss,0.8173163521690019,1.1336803436279297,0.5671977996826172,0.2144700000000002,100,1000,1,0.8245599269866943,1.4178752899169922,0.5671977996826172,0,0,0,16
yi-128-ip_PCA_0.65,ivf_faiss,0.5193220852104288,0.7164478302001953,0.32806396484375,0.1972999999999999,100,1000,1,0.5247726440429688,0.9024143218994141,0.32806396484375,0,0,0,8
yi-128-ip_PCA_0.65,ivf_faiss,0.36792290863594224,0.49495697021484375,0.2548694610595703,0.17096000000000025,100,1000,1,0.37016749382019043,0.6201267242431641,0.2548694610595703,0,0,0,4
yi-128-ip_PCA_0.65,ivf_faiss,0.2883061600888583,0.3726482391357422,0.2262592315673828,0.12973000000000023,100,1000,1,0.28937840461730957,0.4291534423828125,0.2262592315673828,0,0,0,2
yi-128-ip_PCA_0.5,ivf_faiss,17.5399271289954,18.590211868286133,16.48092269897461,0.18664000000000017,100,1000,1,17.537112951278687,19.336462020874023,15.856266021728516,0,0,0,512
yi-128-ip_PCA_0.5,ivf_faiss,8.11784773161917,9.331226348876953,7.038593292236328,0.18682000000000004,100,1000,1,8.13241958618164,10.636568069458008,7.038593292236328,0,0,0,256
yi-128-ip_PCA_0.5,ivf_faiss,4.965617199136753,5.913496017456055,4.32586669921875,0.18687,100,1000,1,4.976008892059326,6.128787994384766,4.32586669921875,0,0,0,160
yi-128-ip_PCA_0.5,ivf_faiss,3.9770712434881332,4.752874374389648,3.277301788330078,0.18675000000000003,100,1000,1,3.992528200149536,4.953861236572266,3.277301788330078,0,0,0,128
yi-128-ip_PCA_0.5,ivf_faiss,3.005030773118811,3.57818603515625,2.4526119232177734,0.18658,100,1000,1,3.0372729301452637,3.954648971557617,2.4526119232177734,0,0,0,96
yi-128-ip_PCA_0.5,ivf_faiss,2.0690107345581055,2.542734146118164,1.6779899597167969,0.1845899999999999,100,1000,1,2.09596848487854,2.7132034301757812,1.6779899597167969,0,0,0,64
yi-128-ip_PCA_0.5,ivf_faiss,1.6077241718395767,2.018451690673828,1.2729167938232422,0.18339999999999992,100,1000,1,1.6273620128631592,2.17437744140625,1.2729167938232422,0,0,0,48
yi-128-ip_PCA_0.5,ivf_faiss,1.139332440273821,1.474142074584961,0.8149147033691406,0.1813399999999997,100,1000,1,1.1533238887786865,2.0020008087158203,0.8149147033691406,0,0,0,32
yi-128-ip_PCA_0.5,ivf_faiss,0.6538585829880476,0.8924007415771484,0.4456043243408203,0.17550000000000002,100,1000,1,0.6599795818328857,1.1246204376220703,0.4456043243408203,0,0,0,16
yi-128-ip_PCA_0.5,ivf_faiss,0.41389318763232624,0.5719661712646484,0.29349327087402344,0.1653500000000001,100,1000,1,0.4187910556793213,0.6804466247558594,0.29349327087402344,0,0,0,8
yi-128-ip_PCA_0.5,ivf_faiss,0.2937731640991335,0.39649009704589844,0.21696090698242188,0.14947000000000019,100,1000,1,0.2959139347076416,0.5147457122802734,0.21696090698242188,0,0,0,4
yi-128-ip_PCA_0.5,ivf_faiss,0.23419756284901794,0.3085136413574219,0.18310546875,0.11942000000000012,100,1000,1,0.23477602005004883,0.37288665771484375,0.18310546875,0,0,0,2
yi-128-ip_PCA_0.3,ivf_faiss,10.841535431431634,11.434793472290039,10.226726531982422,0.11515000000000002,100,1000,1,10.857255935668945,23.195505142211914,9.73200798034668,0,0,0,512
yi-128-ip_PCA_0.3,ivf_faiss,5.083786942011489,5.701303482055664,4.56547737121582,0.11517999999999996,100,1000,1,5.098484754562378,5.960702896118164,4.56547737121582,0,0,0,256
yi-128-ip_PCA_0.3,ivf_faiss,3.156131567414274,3.637075424194336,2.8257369995117188,0.11515999999999998,100,1000,1,3.1732187271118164,3.9043426513671875,2.8257369995117188,0,0,0,160
yi-128-ip_PCA_0.3,ivf_faiss,2.541248095373292,2.9060840606689453,2.2101402282714844,0.11524999999999998,100,1000,1,2.56290340423584,3.1981468200683594,2.2101402282714844,0,0,0,128
yi-128-ip_PCA_0.3,ivf_faiss,1.945059910208977,2.2263526916503906,1.6748905181884766,0.11540999999999997,100,1000,1,1.9675273895263672,2.4406909942626953,1.6536712646484375,0,0,0,96
yi-128-ip_PCA_0.3,ivf_faiss,1.3611905214165438,1.6109943389892578,1.1513233184814453,0.11541999999999988,100,1000,1,1.375335693359375,1.7261505126953125,1.1513233184814453,0,0,0,64
yi-128-ip_PCA_0.3,ivf_faiss,1.0454862558541178,1.2671947479248047,0.8394718170166016,0.11563999999999987,100,1000,1,1.0580992698669434,1.3895034790039062,0.8394718170166016,0,0,0,48
yi-128-ip_PCA_0.3,ivf_faiss,0.7404205550906786,0.904083251953125,0.5943775177001953,0.11614000000000002,100,1000,1,0.7498142719268799,1.008749008178711,0.579833984375,0,0,0,32
yi-128-ip_PCA_0.3,ivf_faiss,0.43912118256029786,0.5431175231933594,0.33855438232421875,0.11664000000000013,100,1000,1,0.4442012310028076,0.6854534149169922,0.2989768981933594,0,0,0,16
yi-128-ip_PCA_0.3,ivf_faiss,0.2898644467951954,0.35953521728515625,0.22029876708984375,0.11683000000000002,100,1000,1,0.2914853096008301,0.5447864532470703,0.20933151245117188,0,0,0,8
yi-128-ip_PCA_0.3,ivf_faiss,0.21288239177147947,0.2713203430175781,0.1590251922607422,0.11062000000000011,100,1000,1,0.21334552764892578,0.3666877746582031,0.1590251922607422,0,0,0,4
yi-128-ip_PCA_0.3,ivf_faiss,0.16880735212009446,0.2124309539794922,0.1239776611328125,0.09850000000000012,100,1000,1,0.16956424713134766,0.2906322479248047,0.1239776611328125,0,0,0,2
llama-128-ip_PCA_0.9,ivf_faiss,33.30923100901089,35.264015197753906,31.74591064453125,0.6300500000000001,100,1000,1,33.36016392707825,37.08028793334961,31.74591064453125,0,0,0,512
llama-128-ip_PCA_0.9,ivf_faiss,15.537274016408274,17.155885696411133,14.195442199707031,0.6201299999999998,100,1000,1,15.557729721069336,18.193721771240234,14.195442199707031,0,0,0,256
llama-128-ip_PCA_0.9,ivf_faiss,9.526819502981898,10.609626770019531,8.454084396362305,0.6030799999999998,100,1000,1,9.541375160217285,11.192798614501953,8.454084396362305,0,0,0,160
llama-128-ip_PCA_0.9,ivf_faiss,7.612399862270163,8.590936660766602,6.651878356933594,0.5909400000000004,100,1000,1,7.6156675815582275,9.040355682373047,6.552696228027344,0,0,0,128
llama-128-ip_PCA_0.9,ivf_faiss,5.726040792994494,6.539821624755859,4.934787750244141,0.5730600000000003,100,1000,1,5.727771997451782,6.9675445556640625,4.847526550292969,0,0,0,96
llama-128-ip_PCA_0.9,ivf_faiss,3.8939842369515776,4.549980163574219,3.2761096954345703,0.5414600000000003,100,1000,1,3.894768238067627,4.660606384277344,3.200054168701172,0,0,0,64
llama-128-ip_PCA_0.9,ivf_faiss,2.980711228151618,3.4842491149902344,2.446413040161133,0.5147699999999996,100,1000,1,2.981326103210449,3.573179244995117,2.4383068084716797,0,0,0,48
llama-128-ip_PCA_0.9,ivf_faiss,2.087263182210778,2.4602413177490234,1.726388931274414,0.47108999999999995,100,1000,1,2.086108446121216,2.503633499145508,1.6872882843017578,0,0,0,32
llama-128-ip_PCA_0.9,ivf_faiss,1.2100758106727911,1.4083385467529297,1.0251998901367188,0.3836699999999998,100,1000,1,1.2119011878967285,1.4827251434326172,0.9696483612060547,0,0,0,16
llama-128-ip_PCA_0.9,ivf_faiss,0.7619662961872167,0.8645057678222656,0.659942626953125,0.29375000000000034,100,1000,1,0.7633998394012451,0.965118408203125,0.6439685821533203,0,0,0,8
llama-128-ip_PCA_0.9,ivf_faiss,0.5498689239945155,0.6010532379150391,0.5004405975341797,0.20168000000000025,100,1000,1,0.5521585941314697,1.28936767578125,0.45371055603027344,0,0,0,4
llama-128-ip_PCA_0.9,ivf_faiss,0.44334244901754355,0.4763603210449219,0.4107952117919922,0.13127,100,1000,1,0.44414281845092773,0.5235671997070312,0.37550926208496094,0,0,0,2
llama-128-ip_PCA_0.8,ivf_faiss,29.82604808047551,31.62240982055664,28.43761444091797,0.3379399999999995,100,1000,1,29.874062061309814,32.88078308105469,28.43761444091797,0,0,0,512
llama-128-ip_PCA_0.8,ivf_faiss,13.87362291173237,15.321731567382812,12.649774551391602,0.33339,100,1000,1,13.902235507965088,16.565322875976562,12.649774551391602,0,0,0,256
llama-128-ip_PCA_0.8,ivf_faiss,8.49836702771515,9.590387344360352,7.515192031860352,0.3292399999999999,100,1000,1,8.515101671218872,10.54835319519043,7.515192031860352,0,0,0,160
llama-128-ip_PCA_0.8,ivf_faiss,6.785570373458247,7.767677307128906,5.87010383605957,0.3266499999999999,100,1000,1,6.7953667640686035,8.407115936279297,5.87010383605957,0,0,0,128
llama-128-ip_PCA_0.8,ivf_faiss,5.1052778809513875,5.932331085205078,4.38237190246582,0.3209800000000002,100,1000,1,5.110514879226685,6.369113922119141,4.38237190246582,0,0,0,96
llama-128-ip_PCA_0.8,ivf_faiss,3.4710693741992578,4.035472869873047,2.9098987579345703,0.30944999999999995,100,1000,1,3.47310209274292,4.204750061035156,2.9098987579345703,0,0,0,64
llama-128-ip_PCA_0.8,ivf_faiss,2.666319794391268,3.1404495239257812,2.206087112426758,0.30089000000000005,100,1000,1,2.6694624423980713,3.4067630767822266,2.206087112426758,0,0,0,48
llama-128-ip_PCA_0.8,ivf_faiss,1.8758122700763993,2.204418182373047,1.5468597412109375,0.2828700000000002,100,1000,1,1.876774549484253,2.417325973510742,1.5435218811035156,0,0,0,32
llama-128-ip_PCA_0.8,ivf_faiss,1.083345732389067,1.2607574462890625,0.9000301361083984,0.24746000000000004,100,1000,1,1.085465431213379,1.3759136199951172,0.8866786956787109,0,0,0,16
llama-128-ip_PCA_0.8,ivf_faiss,0.6887442187259072,0.7886886596679688,0.5905628204345703,0.2067299999999999,100,1000,1,0.6903562545776367,0.9388923645019531,0.5905628204345703,0,0,0,8
llama-128-ip_PCA_0.8,ivf_faiss,0.4959121269265605,0.5488395690917969,0.4456043243408203,0.1608600000000002,100,1000,1,0.4977412223815918,0.5850791931152344,0.4203319549560547,0,0,0,4
llama-128-ip_PCA_0.8,ivf_faiss,0.398860967573803,0.42819976806640625,0.36978721618652344,0.11489999999999992,100,1000,1,0.40000081062316895,0.5297660827636719,0.34356117248535156,0,0,0,2
llama-128-ip_PCA_0.65,ivf_faiss,24.162025228748476,25.725841522216797,22.92037010192871,0.12211999999999977,100,1000,1,24.194542169570923,27.03547477722168,22.92037010192871,0,0,0,512
llama-128-ip_PCA_0.65,ivf_faiss,11.296932996525939,12.546777725219727,10.207891464233398,0.12242999999999973,100,1000,1,11.314758539199829,13.30709457397461,10.207891464233398,0,0,0,256
llama-128-ip_PCA_0.65,ivf_faiss,6.946233306268249,7.83085823059082,6.048679351806641,0.12202999999999976,100,1000,1,6.958412408828735,8.88824462890625,6.048679351806641,0,0,0,160
llama-128-ip_PCA_0.65,ivf_faiss,5.543765407692739,6.328821182250977,4.77290153503418,0.12174999999999973,100,1000,1,5.549128770828247,6.618976593017578,4.77290153503418,0,0,0,128
llama-128-ip_PCA_0.65,ivf_faiss,4.174302957339851,4.814863204956055,3.5483837127685547,0.12221999999999993,100,1000,1,4.175832986831665,4.998207092285156,3.5483837127685547,0,0,0,96
llama-128-ip_PCA_0.65,ivf_faiss,2.832147410028771,3.278493881225586,2.405405044555664,0.12159999999999985,100,1000,1,2.834927558898926,3.424406051635742,2.3567676544189453,0,0,0,64
llama-128-ip_PCA_0.65,ivf_faiss,2.1719082771056146,2.542257308959961,1.8215179443359375,0.12003999999999986,100,1000,1,2.1736209392547607,2.632617950439453,1.8215179443359375,0,0,0,48
llama-128-ip_PCA_0.65,ivf_faiss,1.5291373739358385,1.7840862274169922,1.2753009796142578,0.11612999999999982,100,1000,1,1.532031774520874,1.863718032836914,1.2459754943847656,0,0,0,32
llama-128-ip_PCA_0.65,ivf_faiss,0.8771480284213534,1.0242462158203125,0.7348060607910156,0.10689999999999987,100,1000,1,0.8802566528320312,1.21307373046875,0.7176399230957031,0,0,0,16
llama-128-ip_PCA_0.65,ivf_faiss,0.5637527989947106,0.6351470947265625,0.4971027374267578,0.09565999999999984,100,1000,1,0.5657191276550293,0.67901611328125,0.4742145538330078,0,0,0,8
llama-128-ip_PCA_0.65,ivf_faiss,0.4092213018379648,0.4532337188720703,0.3693103790283203,0.0801,100,1000,1,0.41060495376586914,0.5075931549072266,0.33736228942871094,0,0,0,4
llama-128-ip_PCA_0.65,ivf_faiss,0.32879836191006795,0.3643035888671875,0.2925395965576172,0.06706000000000005,100,1000,1,0.32925963401794434,0.4515647888183594,0.27489662170410156,0,0,0,2
llama-128-ip_PCA_0.5,ivf_faiss,19.496093810150363,20.6146240234375,18.512964248657227,0.06774999999999998,100,1000,1,19.519911289215088,21.3623046875,18.512964248657227,0,0,0,512
llama-128-ip_PCA_0.5,ivf_faiss,9.154949507090096,10.11967658996582,8.311748504638672,0.06795999999999998,100,1000,1,9.169994592666626,10.641813278198242,8.311748504638672,0,0,0,256
llama-128-ip_PCA_0.5,ivf_faiss,5.655884742736816,6.397485733032227,4.911661148071289,0.06873999999999994,100,1000,1,5.661339521408081,6.766557693481445,4.911661148071289,0,0,0,160
llama-128-ip_PCA_0.5,ivf_faiss,4.521414112348451,5.174160003662109,3.8743019104003906,0.06910999999999995,100,1000,1,4.5268824100494385,5.446434020996094,3.8743019104003906,0,0,0,128
llama-128-ip_PCA_0.5,ivf_faiss,3.4189880792819074,3.9675235748291016,2.926349639892578,0.06971000000000002,100,1000,1,3.4208638668060303,4.093647003173828,2.8526782989501953,0,0,0,96
llama-128-ip_PCA_0.5,ivf_faiss,2.3239310662351063,2.716064453125,1.956939697265625,0.07060000000000007,100,1000,1,2.326024293899536,2.759695053100586,1.956939697265625,0,0,0,64
llama-128-ip_PCA_0.5,ivf_faiss,1.7925814199303571,2.115488052368164,1.5537738800048828,0.07150000000000009,100,1000,1,1.795030117034912,2.1746158599853516,1.5537738800048828,0,0,0,48
llama-128-ip_PCA_0.5,ivf_faiss,1.2705321283167756,1.512289047241211,1.0488033294677734,0.07209999999999994,100,1000,1,1.27207612991333,1.5327930450439453,1.0488033294677734,0,0,0,32
llama-128-ip_PCA_0.5,ivf_faiss,0.7242740417013362,0.8401870727539062,0.6155967712402344,0.07124000000000007,100,1000,1,0.7269973754882812,0.9009838104248047,0.6155967712402344,0,0,0,16
llama-128-ip_PCA_0.5,ivf_faiss,0.4652898666287257,0.5278587341308594,0.40841102600097656,0.06753000000000012,100,1000,1,0.4670834541320801,0.5643367767333984,0.3933906555175781,0,0,0,8
llama-128-ip_PCA_0.5,ivf_faiss,0.3348953920721136,0.3681182861328125,0.30303001403808594,0.05977000000000009,100,1000,1,0.3358762264251709,0.4012584686279297,0.2765655517578125,0,0,0,4
llama-128-ip_PCA_0.5,ivf_faiss,0.2681840968050832,0.2846717834472656,0.25153160095214844,0.052210000000000034,100,1000,1,0.2686328887939453,0.3151893615722656,0.22649765014648438,0,0,0,2
llama-128-ip_PCA_0.3,ivf_faiss,12.109176025312614,12.685298919677734,11.57236099243164,0.032090000000000014,100,1000,1,12.147679567337036,24.055957794189453,11.57236099243164,0,0,0,512
llama-128-ip_PCA_0.3,ivf_faiss,5.791755785975759,6.358146667480469,5.223512649536133,0.03234000000000002,100,1000,1,5.79780387878418,6.592512130737305,5.223512649536133,0,0,0,256
llama-128-ip_PCA_0.3,ivf_faiss,3.6281005133314794,4.114389419555664,3.1943321228027344,0.03276000000000004,100,1000,1,3.631817102432251,4.227161407470703,3.1943321228027344,0,0,0,160
llama-128-ip_PCA_0.3,ivf_faiss,2.923789043580332,3.3321380615234375,2.5670528411865234,0.03313000000000006,100,1000,1,2.9275400638580322,3.4232139587402344,2.5670528411865234,0,0,0,128
llama-128-ip_PCA_0.3,ivf_faiss,2.2316096534191723,2.576112747192383,1.9474029541015625,0.03357000000000007,100,1000,1,2.2338438034057617,2.6483535766601562,1.9474029541015625,0,0,0,96
llama-128-ip_PCA_0.3,ivf_faiss,1.5460717881335657,1.7974376678466797,1.3301372528076172,0.034360000000000085,100,1000,1,1.5468978881835938,1.8422603607177734,1.3301372528076172,0,0,0,64
llama-128-ip_PCA_0.3,ivf_faiss,1.201781988143921,1.4290809631347656,0.9977817535400391,0.03522000000000011,100,1000,1,1.201781988143921,1.4290809631347656,0.9977817535400391,0,0,0,48
llama-128-ip_PCA_0.3,ivf_faiss,0.8414728043662817,0.9837150573730469,0.7066726684570312,0.03602000000000003,100,1000,1,0.8426897525787354,1.0750293731689453,0.7066726684570312,0,0,0,32
llama-128-ip_PCA_0.3,ivf_faiss,0.49861968464001427,0.5891323089599609,0.4172325134277344,0.0365800000000001,100,1000,1,0.49930787086486816,0.6072521209716797,0.4172325134277344,0,0,0,16
llama-128-ip_PCA_0.3,ivf_faiss,0.3272636972292505,0.3840923309326172,0.2741813659667969,0.034990000000000056,100,1000,1,0.3278038501739502,0.4100799560546875,0.26345252990722656,0,0,0,8
llama-128-ip_PCA_0.3,ivf_faiss,0.23875125055390645,0.2741813659667969,0.20384788513183594,0.03569000000000013,100,1000,1,0.2389991283416748,0.29397010803222656,0.18978118896484375,0,0,0,4
llama-128-ip_PCA_0.3,ivf_faiss,0.19085077814826457,0.21767616271972656,0.16617774963378906,0.034520000000000085,100,1000,1,0.19166302680969238,0.44083595275878906,0.1590251922607422,0,0,0,2
glove-200-angular_PCA_0.9,ivf_faiss,53.64858706382964,63.26889991760254,44.547319412231445,0.6702970000000023,100,10000,1,53.990489315986636,90.10648727416992,44.547319412231445,0,0,0,512
glove-200-angular_PCA_0.9,ivf_faiss,28.44123389075947,35.50910949707031,22.04275131225586,0.6461389999999991,100,10000,1,28.76079616546631,41.41521453857422,22.04275131225586,0,0,0,256
glove-200-angular_PCA_0.9,ivf_faiss,19.009517407283827,24.549007415771484,14.26553726196289,0.627899999999997,100,10000,1,19.25518419742584,29.415130615234375,14.26553726196289,0,0,0,160
glove-200-angular_PCA_0.9,ivf_faiss,15.815227018355136,20.594120025634766,11.769771575927734,0.6182730000000005,100,10000,1,16.02906541824341,27.071475982666016,11.769771575927734,0,0,0,128
glove-200-angular_PCA_0.9,ivf_faiss,12.578985514592363,16.506433486938477,9.101390838623047,0.6049759999999993,100,10000,1,12.75139286518097,21.49033546447754,9.101390838623047,0,0,0,96
glove-200-angular_PCA_0.9,ivf_faiss,9.255851304900576,12.158393859863281,6.763696670532227,0.5846929999999974,100,10000,1,9.380946135520935,14.227628707885742,6.763696670532227,0,0,0,64
glove-200-angular_PCA_0.9,ivf_faiss,7.567984745393069,9.963512420654297,5.484342575073242,0.5688720000000003,100,10000,1,7.662065529823304,12.820720672607422,5.484342575073242,0,0,0,48
glove-200-angular_PCA_0.9,ivf_faiss,5.82990349412762,7.614850997924805,4.241466522216797,0.5445380000000021,100,10000,1,5.891336464881897,9.562969207763672,4.241466522216797,0,0,0,32
glove-200-angular_PCA_0.9,ivf_faiss,4.020587284190624,5.092144012451172,3.032684326171875,0.4958060000000026,100,10000,1,4.048565220832825,6.887912750244141,3.032684326171875,0,0,0,16
glove-200-angular_PCA_0.9,ivf_faiss,3.067290196653272,3.7021636962890625,2.474546432495117,0.4357740000000036,100,10000,1,3.081678605079651,6.615877151489258,2.410411834716797,0,0,0,8
glove-200-angular_PCA_0.9,ivf_faiss,2.5574192541343517,2.948284149169922,2.172231674194336,0.36320600000000386,100,10000,1,2.56643660068512,5.979061126708984,2.1560192108154297,0,0,0,4
glove-200-angular_PCA_0.9,ivf_faiss,2.288009887351129,2.5348663330078125,2.0563602447509766,0.27943000000000123,100,10000,1,2.2935282468795775,5.599737167358398,2.0563602447509766,0,0,0,2
glove-200-angular_PCA_0.8,ivf_faiss,48.51766961895961,56.290626525878906,41.33868217468262,0.5512250000000015,100,10000,1,48.73679473400116,64.30625915527344,41.33868217468262,0,0,0,512
glove-200-angular_PCA_0.8,ivf_faiss,25.698674770522683,31.576156616210938,20.618677139282227,0.5384580000000003,100,10000,1,25.889938163757325,35.96043586730957,20.618677139282227,0,0,0,256
glove-200-angular_PCA_0.8,ivf_faiss,17.150006986622735,21.79861068725586,13.373136520385742,0.5281969999999986,100,10000,1,17.287596535682678,25.243282318115234,13.373136520385742,0,0,0,160
glove-200-angular_PCA_0.8,ivf_faiss,15.114726895217254,19.44708824157715,11.248588562011719,0.5228590000000004,100,10000,1,15.236731266975402,21.787166595458984,11.248588562011719,0,0,0,128
glove-200-angular_PCA_0.8,ivf_faiss,11.32010378673665,14.63627815246582,8.591175079345703,0.5151859999999996,100,10000,1,11.41848645210266,17.152786254882812,8.591175079345703,0,0,0,96
glove-200-angular_PCA_0.8,ivf_faiss,8.334073720929862,10.82754135131836,6.154537200927734,0.5022330000000009,100,10000,1,8.398311495780945,12.765884399414062,6.154537200927734,0,0,0,64
glove-200-angular_PCA_0.8,ivf_faiss,6.799015875474138,8.800745010375977,4.964590072631836,0.4922080000000019,100,10000,1,6.849240469932556,10.18524169921875,4.964590072631836,0,0,0,48
glove-200-angular_PCA_0.8,ivf_faiss,5.223893904800517,6.707191467285156,3.927469253540039,0.4761569999999992,100,10000,1,5.260222005844116,7.798433303833008,3.927469253540039,0,0,0,32
glove-200-angular_PCA_0.8,ivf_faiss,3.6091681530855912,4.515647888183594,2.8209686279296875,0.4411770000000005,100,10000,1,3.6255644083023073,5.465984344482422,2.8209686279296875,0,0,0,16
glove-200-angular_PCA_0.8,ivf_faiss,2.744120940929506,3.2873153686523438,2.2270679473876953,0.39600700000000433,100,10000,1,2.754785442352295,4.157781600952148,2.2270679473876953,0,0,0,8
glove-200-angular_PCA_0.8,ivf_faiss,2.2958008286916667,2.6366710662841797,1.9779205322265625,0.336946000000003,100,10000,1,2.302283692359924,3.975391387939453,1.9779205322265625,0,0,0,4
glove-200-angular_PCA_0.8,ivf_faiss,2.0489694140579138,2.2618770599365234,1.8496513366699219,0.2659069999999999,100,10000,1,2.0531330585479735,3.637552261352539,1.8496513366699219,0,0,0,2
glove-200-angular_PCA_0.65,ivf_faiss,40.873199477231594,46.709299087524414,35.36391258239746,0.4113529999999994,100,10000,1,40.98524925708771,59.51189994812012,35.36391258239746,0,0,0,512
glove-200-angular_PCA_0.65,ivf_faiss,21.65367220034349,26.09992027282715,17.659425735473633,0.4074169999999995,100,10000,1,21.72132804393768,28.764963150024414,17.659425735473633,0,0,0,256
glove-200-angular_PCA_0.65,ivf_faiss,14.40611373990934,17.930984497070312,11.478424072265625,0.40394099999999866,100,10000,1,14.45203881263733,20.086288452148438,11.478424072265625,0,0,0,160
glove-200-angular_PCA_0.65,ivf_faiss,11.963980359550291,15.011072158813477,9.384393692016602,0.4016579999999993,100,10000,1,11.998593926429749,17.823457717895508,9.384393692016602,0,0,0,128
glove-200-angular_PCA_0.65,ivf_faiss,9.481413979738408,11.973381042480469,7.323980331420898,0.39834399999999964,100,10000,1,9.50224986076355,13.730049133300781,7.323980331420898,0,0,0,96
glove-200-angular_PCA_0.65,ivf_faiss,6.955918664304909,8.825302124023438,5.32221794128418,0.39270499999999964,100,10000,1,6.967659616470337,9.563207626342773,5.32221794128418,0,0,0,64
glove-200-angular_PCA_0.65,ivf_faiss,5.662574957976408,7.172822952270508,4.316091537475586,0.38789499999999993,100,10000,1,5.671936511993408,9.079933166503906,4.316091537475586,0,0,0,48
glove-200-angular_PCA_0.65,ivf_faiss,4.561232259236842,5.745172500610352,3.4024715423583984,0.37946600000000186,100,10000,1,4.568718528747558,7.745027542114258,3.4024715423583984,0,0,0,32
glove-200-angular_PCA_0.65,ivf_faiss,3.1135659681807577,3.824949264526367,2.436399459838867,0.36053000000000196,100,10000,1,3.122024726867676,4.928112030029297,2.436399459838867,0,0,0,16
glove-200-angular_PCA_0.65,ivf_faiss,2.351836363071481,2.7768611907958984,1.9376277923583984,0.33207000000000225,100,10000,1,2.3589210748672484,3.8330554962158203,1.9199848175048828,0,0,0,8
glove-200-angular_PCA_0.65,ivf_faiss,1.9024609674038875,2.1533966064453125,1.65557861328125,0.2914580000000019,100,10000,1,1.906667947769165,3.877401351928711,1.65557861328125,0,0,0,4
glove-200-angular_PCA_0.65,ivf_faiss,1.7027788671902233,1.8610954284667969,1.5544891357421875,0.23708999999999905,100,10000,1,1.7056569814682008,4.781484603881836,1.5320777893066406,0,0,0,2
glove-200-angular_PCA_0.5,ivf_faiss,33.052316299288925,37.02902793884277,29.2816162109375,0.2978819999999993,100,10000,1,33.102527141571045,65.6576156616211,29.2816162109375,0,0,0,512
glove-200-angular_PCA_0.5,ivf_faiss,17.447447932467036,20.494937896728516,14.514684677124023,0.29735400000000006,100,10000,1,17.462827563285828,22.09305763244629,14.514684677124023,0,0,0,256
glove-200-angular_PCA_0.5,ivf_faiss,11.570959957554647,13.984918594360352,9.436368942260742,0.29651500000000114,100,10000,1,11.577997374534608,15.051126480102539,9.436368942260742,0,0,0,160
glove-200-angular_PCA_0.5,ivf_faiss,9.58679913757367,11.696338653564453,7.846832275390625,0.29613700000000087,100,10000,1,9.592782926559448,13.351678848266602,7.846832275390625,0,0,0,128
glove-200-angular_PCA_0.5,ivf_faiss,7.5819896309881445,9.32168960571289,6.01506233215332,0.2954000000000019,100,10000,1,7.584618330001831,10.051965713500977,6.01506233215332,0,0,0,96
glove-200-angular_PCA_0.5,ivf_faiss,5.537946198894705,6.8569183349609375,4.401922225952148,0.2937250000000013,100,10000,1,5.540523433685303,7.236719131469727,4.401922225952148,0,0,0,64
glove-200-angular_PCA_0.5,ivf_faiss,4.504494376497007,5.565404891967773,3.4668445587158203,0.29210500000000045,100,10000,1,4.5070412158966064,6.09278678894043,3.4668445587158203,0,0,0,48
glove-200-angular_PCA_0.5,ivf_faiss,3.455883504540246,4.237890243530273,2.6848316192626953,0.2885970000000003,100,10000,1,3.459560990333557,5.132198333740234,2.6848316192626953,0,0,0,32
glove-200-angular_PCA_0.5,ivf_faiss,2.3683254739261144,2.835988998413086,1.9202232360839844,0.2793080000000009,100,10000,1,2.3740909337997436,4.337072372436523,1.9202232360839844,0,0,0,16
glove-200-angular_PCA_0.5,ivf_faiss,1.806116997441159,2.088308334350586,1.535177230834961,0.26369199999999976,100,10000,1,1.8103523015975953,3.3392906188964844,1.535177230834961,0,0,0,8
glove-200-angular_PCA_0.5,ivf_faiss,1.5080025566603907,1.6813278198242188,1.3380050659179688,0.23882399999999793,100,10000,1,1.5113650798797607,2.359628677368164,1.2943744659423828,0,0,0,4
glove-200-angular_PCA_0.5,ivf_faiss,1.358786757806476,1.4743804931640625,1.2483596801757812,0.20105599999999343,100,10000,1,1.3613203525543214,2.7115345001220703,1.2323856353759766,0,0,0,2
glove-200-angular_PCA_0.3,ivf_faiss,21.815125374749837,24.111270904541016,19.544601440429688,0.1718299999999921,100,10000,1,21.827880907058717,35.195350646972656,18.902301788330078,0,0,0,512
glove-200-angular_PCA_0.3,ivf_faiss,11.479204876981829,13.209819793701172,9.715080261230469,0.17222399999999244,100,10000,1,11.481681084632873,13.802528381347656,9.370088577270508,0,0,0,256
glove-200-angular_PCA_0.3,ivf_faiss,7.582585462692277,9.00411605834961,6.195306777954102,0.17263699999999252,100,10000,1,7.5840818881988525,10.587453842163086,5.9299468994140625,0,0,0,160
glove-200-angular_PCA_0.3,ivf_faiss,6.270005068319292,7.525920867919922,4.997491836547852,0.17279599999999257,100,10000,1,6.271305418014526,8.034944534301758,4.969596862792969,0,0,0,128
glove-200-angular_PCA_0.3,ivf_faiss,4.937022166382973,5.985736846923828,3.8814544677734375,0.1729699999999926,100,10000,1,4.937782883644104,6.520271301269531,3.8161277770996094,0,0,0,96
glove-200-angular_PCA_0.3,ivf_faiss,3.5986376476956083,4.4002532958984375,2.7854442596435547,0.17306299999999267,100,10000,1,3.5992889404296875,5.459785461425781,2.727031707763672,0,0,0,64
glove-200-angular_PCA_0.3,ivf_faiss,2.9168230416920835,3.5467147827148438,2.2711753845214844,0.17327699999999244,100,10000,1,2.9167380332946777,3.9801597595214844,2.177715301513672,0,0,0,48
glove-200-angular_PCA_0.3,ivf_faiss,2.220796956430309,2.696514129638672,1.7423629760742188,0.17296199999999293,100,10000,1,2.2232415199279787,3.1723976135253906,1.6980171203613281,0,0,0,32
glove-200-angular_PCA_0.3,ivf_faiss,1.5164057542009526,1.79290771484375,1.2395381927490234,0.17124399999999285,100,10000,1,1.5190891981124879,2.4423599243164062,1.2142658233642578,0,0,0,16
glove-200-angular_PCA_0.3,ivf_faiss,1.1343753984769507,1.3134479522705078,0.9567737579345703,0.1663489999999932,100,10000,1,1.1361612796783447,2.496957778930664,0.9448528289794922,0,0,0,8
glove-200-angular_PCA_0.3,ivf_faiss,0.932917785683267,1.0366439819335938,0.8299350738525391,0.1564569999999929,100,10000,1,0.9347832202911377,2.0627975463867188,0.8161067962646484,0,0,0,4
glove-200-angular_PCA_0.3,ivf_faiss,0.8276317883345627,0.8912086486816406,0.7646083831787109,0.13827799999999427,100,10000,1,0.8289939403533936,1.1081695556640625,0.74005126953125,0,0,0,2
yandex-200-cosine_PCA_0.9,ivf_faiss,50.65267519064885,54.762840270996094,46.564340591430664,0.7032999999999998,100,1000,1,50.89910292625427,71.58303260803223,46.564340591430664,0,0,0,512
yandex-200-cosine_PCA_0.9,ivf_faiss,27.262822137188863,30.03668785095215,24.602651596069336,0.6940099999999995,100,1000,1,27.426400184631348,33.73908996582031,24.428367614746094,0,0,0,256
yandex-200-cosine_PCA_0.9,ivf_faiss,18.05635215087258,20.04718780517578,16.086816787719727,0.6841799999999993,100,1000,1,18.134660720825195,22.251605987548828,15.874624252319336,0,0,0,160
yandex-200-cosine_PCA_0.9,ivf_faiss,14.84061570888227,16.57390594482422,13.165950775146484,0.6770599999999992,100,1000,1,14.907814979553223,18.933773040771484,12.826681137084961,0,0,0,128
yandex-200-cosine_PCA_0.9,ivf_faiss,11.65070376282998,13.010025024414062,10.336875915527344,0.6648999999999999,100,1000,1,11.696343421936035,15.389680862426758,10.066509246826172,0,0,0,96
yandex-200-cosine_PCA_0.9,ivf_faiss,8.449875024648813,9.413719177246094,7.491350173950195,0.6456999999999999,100,1000,1,8.47568130493164,11.788129806518555,7.2498321533203125,0,0,0,64
yandex-200-cosine_PCA_0.9,ivf_faiss,6.814038582862277,7.645845413208008,6.003141403198242,0.6295199999999993,100,1000,1,6.829689264297485,8.966207504272461,5.741119384765625,0,0,0,48
yandex-200-cosine_PCA_0.9,ivf_faiss,5.17837231203636,5.751848220825195,4.617214202880859,0.5975999999999992,100,1000,1,5.196784496307373,7.238626480102539,4.4040679931640625,0,0,0,32
yandex-200-cosine_PCA_0.9,ivf_faiss,3.5926797860964537,3.993988037109375,3.215312957763672,0.53761,100,1000,1,3.6040472984313965,4.942893981933594,3.1511783599853516,0,0,0,16
yandex-200-cosine_PCA_0.9,ivf_faiss,2.736559504185922,3.0164718627929688,2.4611949920654297,0.4550099999999993,100,1000,1,2.74167537689209,3.346681594848633,2.4611949920654297,0,0,0,8
yandex-200-cosine_PCA_0.9,ivf_faiss,2.333638611933104,2.5069713592529297,2.1660327911376953,0.3607499999999995,100,1000,1,2.3376262187957764,2.7282238006591797,2.133607864379883,0,0,0,4
yandex-200-cosine_PCA_0.9,ivf_faiss,2.1264064507406264,2.2618770599365234,2.00653076171875,0.2631300000000006,100,1000,1,2.131068706512451,3.1905174255371094,1.9803047180175781,0,0,0,2
yandex-200-cosine_PCA_0.8,ivf_faiss,47.55418521297769,53.56740951538086,42.156219482421875,0.5654399999999999,100,1000,1,47.605753660202026,66.44606590270996,42.156219482421875,0,0,0,512
yandex-200-cosine_PCA_0.8,ivf_faiss,23.78688769672271,26.254892349243164,21.4231014251709,0.5613400000000005,100,1000,1,23.891051530838013,28.653621673583984,21.26598358154297,0,0,0,256
yandex-200-cosine_PCA_0.8,ivf_faiss,15.51366871663751,17.25935935974121,13.874053955078125,0.5560400000000002,100,1000,1,15.5911386013031,18.801212310791016,13.72218132019043,0,0,0,160
yandex-200-cosine_PCA_0.8,ivf_faiss,12.748380028522076,14.226436614990234,11.31892204284668,0.5518399999999998,100,1000,1,12.799685001373291,15.594244003295898,11.193513870239258,0,0,0,128
yandex-200-cosine_PCA_0.8,ivf_faiss,9.997277806048793,11.195898056030273,8.823871612548828,0.5456199999999994,100,1000,1,10.034959316253662,12.890338897705078,8.568525314331055,0,0,0,96
yandex-200-cosine_PCA_0.8,ivf_faiss,7.248346793219215,8.109569549560547,6.400108337402344,0.5342499999999991,100,1000,1,7.271917343139648,9.274482727050781,6.096839904785156,0,0,0,64
yandex-200-cosine_PCA_0.8,ivf_faiss,5.851669057990388,6.592750549316406,5.125522613525391,0.5234399999999991,100,1000,1,5.8653481006622314,7.160663604736328,4.886150360107422,0,0,0,48
yandex-200-cosine_PCA_0.8,ivf_faiss,4.466220429895346,4.997968673706055,3.9441585540771484,0.5050899999999996,100,1000,1,4.475923299789429,5.468845367431641,3.683328628540039,0,0,0,32
yandex-200-cosine_PCA_0.8,ivf_faiss,3.0834883846395726,3.442525863647461,2.740144729614258,0.4653299999999998,100,1000,1,3.0901966094970703,3.7331581115722656,2.6645660400390625,0,0,0,16
yandex-200-cosine_PCA_0.8,ivf_faiss,2.3928938606972636,2.6483535766601562,2.169370651245117,0.4044299999999999,100,1000,1,2.3987953662872314,4.5795440673828125,2.169370651245117,0,0,0,8
yandex-200-cosine_PCA_0.8,ivf_faiss,2.0220016127425806,2.1774768829345703,1.8799304962158203,0.32787999999999956,100,1000,1,2.025170087814331,2.337932586669922,1.8799304962158203,0,0,0,4
yandex-200-cosine_PCA_0.8,ivf_faiss,1.847114699366631,1.9617080688476562,1.741647720336914,0.24256000000000028,100,1000,1,1.8515450954437256,3.541231155395508,1.7311573028564453,0,0,0,2
yandex-200-cosine_PCA_0.65,ivf_faiss,38.42927398103656,41.91136360168457,35.20631790161133,0.4014899999999997,100,1000,1,38.48340106010437,57.958364486694336,35.20631790161133,0,0,0,512
yandex-200-cosine_PCA_0.65,ivf_faiss,19.93145801294557,22.063255310058594,17.833948135375977,0.4005600000000001,100,1000,1,19.972440004348755,23.080825805664062,17.4710750579834,0,0,0,256
yandex-200-cosine_PCA_0.65,ivf_faiss,13.002462554396244,14.541864395141602,11.497735977172852,0.3991299999999999,100,1000,1,13.03774905204773,15.720844268798828,11.353492736816406,0,0,0,160
yandex-200-cosine_PCA_0.65,ivf_faiss,10.67163676054239,11.985063552856445,9.379386901855469,0.39799999999999996,100,1000,1,10.713216304779053,12.824296951293945,9.155511856079102,0,0,0,128
yandex-200-cosine_PCA_0.65,ivf_faiss,8.364068137274849,9.45734977722168,7.320165634155273,0.39502999999999944,100,1000,1,8.395676612854004,10.197877883911133,7.22813606262207,0,0,0,96
yandex-200-cosine_PCA_0.65,ivf_faiss,6.058289040285459,6.90770149230957,5.231618881225586,0.3904400000000002,100,1000,1,6.080935478210449,7.90095329284668,5.103588104248047,0,0,0,64
yandex-200-cosine_PCA_0.65,ivf_faiss,4.903710143127131,5.614757537841797,4.205942153930664,0.3856699999999996,100,1000,1,4.916079759597778,5.910158157348633,4.06193733215332,0,0,0,48
yandex-200-cosine_PCA_0.65,ivf_faiss,3.743344381648672,4.270792007446289,3.258228302001953,0.37898999999999977,100,1000,1,3.7492430210113525,4.527091979980469,3.162384033203125,0,0,0,32
yandex-200-cosine_PCA_0.65,ivf_faiss,2.5800043380768254,2.9249191284179688,2.2537708282470703,0.35507999999999984,100,1000,1,2.5844149589538574,3.1681060791015625,2.2144317626953125,0,0,0,16
yandex-200-cosine_PCA_0.65,ivf_faiss,1.9884220389432685,2.2079944610595703,1.7876625061035156,0.3198499999999999,100,1000,1,1.9911551475524902,2.354145050048828,1.7647743225097656,0,0,0,8
yandex-200-cosine_PCA_0.65,ivf_faiss,1.6877927150823138,1.825571060180664,1.5583038330078125,0.27138999999999996,100,1000,1,1.690248966217041,1.9431114196777344,1.5439987182617188,0,0,0,4
yandex-200-cosine_PCA_0.65,ivf_faiss,1.5354166117493968,1.6350746154785156,1.4412403106689453,0.2096300000000002,100,1000,1,1.536679744720459,1.7654895782470703,1.4412403106689453,0,0,0,2
yandex-200-cosine_PCA_0.5,ivf_faiss,30.60953417007554,33.4320068359375,27.770519256591797,0.26701000000000036,100,1000,1,30.61337971687317,34.108638763427734,27.531862258911133,0,0,0,512
yandex-200-cosine_PCA_0.5,ivf_faiss,15.889028140476771,17.672061920166016,14.114141464233398,0.2667000000000001,100,1000,1,15.906476497650146,18.366098403930664,13.793706893920898,0,0,0,256
yandex-200-cosine_PCA_0.5,ivf_faiss,10.361743046387467,11.73090934753418,9.066343307495117,0.26674,100,1000,1,10.374169826507568,12.524127960205078,8.811712265014648,0,0,0,160
yandex-200-cosine_PCA_0.5,ivf_faiss,8.533061886027971,9.696006774902344,7.369518280029297,0.26661000000000007,100,1000,1,8.546157121658325,10.121822357177734,7.20977783203125,0,0,0,128
yandex-200-cosine_PCA_0.5,ivf_faiss,6.674730995363928,7.596731185913086,5.755424499511719,0.26605000000000056,100,1000,1,6.685130834579468,7.866621017456055,5.527257919311523,0,0,0,96
yandex-200-cosine_PCA_0.5,ivf_faiss,4.834843692336867,5.573511123657227,4.097461700439453,0.26516000000000034,100,1000,1,4.838790416717529,5.751848220825195,3.9505958557128906,0,0,0,64
yandex-200-cosine_PCA_0.5,ivf_faiss,3.928388248790394,4.552602767944336,3.301382064819336,0.26347000000000026,100,1000,1,3.930492877960205,5.188465118408203,3.248453140258789,0,0,0,48
yandex-200-cosine_PCA_0.5,ivf_faiss,3.001612514706712,3.4723281860351562,2.55584716796875,0.26083000000000034,100,1000,1,3.0033857822418213,3.742218017578125,2.51007080078125,0,0,0,32
yandex-200-cosine_PCA_0.5,ivf_faiss,2.0616365723820573,2.350330352783203,1.786947250366211,0.2523700000000001,100,1000,1,2.0631730556488037,2.5980472564697266,1.786947250366211,0,0,0,16
yandex-200-cosine_PCA_0.5,ivf_faiss,1.5946745752205642,1.7845630645751953,1.4290809631347656,0.23348000000000052,100,1000,1,1.5966849327087402,1.916646957397461,1.4290809631347656,0,0,0,8
yandex-200-cosine_PCA_0.5,ivf_faiss,1.3505870315629214,1.4653205871582031,1.2583732604980469,0.20354000000000047,100,1000,1,1.352586030960083,1.5506744384765625,1.234292984008789,0,0,0,4
yandex-200-cosine_PCA_0.5,ivf_faiss,1.2293526620575876,1.3217926025390625,1.1444091796875,0.16292000000000006,100,1000,1,1.2306103706359863,1.4061927795410156,1.1444091796875,0,0,0,2
yandex-200-cosine_PCA_0.3,ivf_faiss,19.831419472256535,22.205352783203125,17.5478458404541,0.1237800000000002,100,1000,1,19.86394476890564,47.81055450439453,17.065763473510742,0,0,0,512
yandex-200-cosine_PCA_0.3,ivf_faiss,10.338147400352959,11.746883392333984,8.922100067138672,0.12389000000000015,100,1000,1,10.342257738113403,12.81595230102539,8.514165878295898,0,0,0,256
yandex-200-cosine_PCA_0.3,ivf_faiss,6.7549728165984275,7.8277587890625,5.706071853637695,0.1243500000000002,100,1000,1,6.755799055099487,8.049726486206055,5.2433013916015625,0,0,0,160
yandex-200-cosine_PCA_0.3,ivf_faiss,5.561647760556258,6.501674652099609,4.633903503417969,0.12442000000000017,100,1000,1,5.561607837677002,6.763458251953125,4.358530044555664,0,0,0,128
yandex-200-cosine_PCA_0.3,ivf_faiss,4.358797159453213,5.145549774169922,3.5681724548339844,0.12459000000000024,100,1000,1,4.359679698944092,5.319356918334961,3.4356117248535156,0,0,0,96
yandex-200-cosine_PCA_0.3,ivf_faiss,3.1666259669778336,3.7708282470703125,2.5730133056640625,0.12491000000000009,100,1000,1,3.167511224746704,4.051446914672852,2.494335174560547,0,0,0,64
yandex-200-cosine_PCA_0.3,ivf_faiss,2.5611304375062507,3.0481815338134766,2.0759105682373047,0.12545000000000012,100,1000,1,2.561275005340576,3.168821334838867,2.0461082458496094,0,0,0,48
yandex-200-cosine_PCA_0.3,ivf_faiss,1.949246883392334,2.331256866455078,1.6062259674072266,0.12558999999999998,100,1000,1,1.949246883392334,2.331256866455078,1.6062259674072266,0,0,0,32
yandex-200-cosine_PCA_0.3,ivf_faiss,1.3382072659805266,1.550912857055664,1.1267662048339844,0.1239100000000001,100,1000,1,1.339540958404541,1.926422119140625,1.1208057403564453,0,0,0,16
yandex-200-cosine_PCA_0.3,ivf_faiss,0.9970446926864547,1.1229515075683594,0.8776187896728516,0.12068000000000008,100,1000,1,0.9975957870483398,1.1970996856689453,0.8521080017089844,0,0,0,8
yandex-200-cosine_PCA_0.3,ivf_faiss,0.8338909494912876,0.9138584136962891,0.7619857788085938,0.11393000000000013,100,1000,1,0.8344452381134033,0.9775161743164062,0.7410049438476562,0,0,0,4
yandex-200-cosine_PCA_0.3,ivf_faiss,0.749533640748918,0.8063316345214844,0.6940364837646484,0.09709000000000027,100,1000,1,0.7501058578491211,0.8234977722167969,0.6940364837646484,0,0,0,2
yahoo-minilm-384-normalized_PCA_0.9,ivf_faiss,84.83211199442546,90.42000770568848,79.30278778076172,0.9828700000000086,100,1000,1,84.91009449958801,119.66061592102051,79.30278778076172,0,0,0,512
yahoo-minilm-384-normalized_PCA_0.9,ivf_faiss,44.26029396633948,48.88772964477539,40.11702537536621,0.973760000000009,100,1000,1,44.30678653717041,51.67746543884277,40.11702537536621,0,0,0,256
yahoo-minilm-384-normalized_PCA_0.9,ivf_faiss,29.017291470376666,32.80138969421387,25.75850486755371,0.9632100000000073,100,1000,1,29.025514364242554,33.322811126708984,25.75850486755371,0,0,0,160
yahoo-minilm-384-normalized_PCA_0.9,ivf_faiss,23.88551571705678,27.32086181640625,20.784854888916016,0.9573400000000075,100,1000,1,23.88935947418213,27.729272842407227,20.784854888916016,0,0,0,128
yahoo-minilm-384-normalized_PCA_0.9,ivf_faiss,18.74309718489408,21.37303352355957,16.243934631347656,0.9472100000000078,100,1000,1,18.74890112876892,21.67963981628418,16.243934631347656,0,0,0,96
yahoo-minilm-384-normalized_PCA_0.9,ivf_faiss,13.565955276718599,15.809059143066406,11.521339416503906,0.9285100000000062,100,1000,1,13.572237730026245,17.42386817932129,11.521339416503906,0,0,0,64
yahoo-minilm-384-normalized_PCA_0.9,ivf_faiss,10.901128446256315,12.78376579284668,9.309530258178711,0.9107000000000046,100,1000,1,10.90330195426941,13.074636459350586,9.309530258178711,0,0,0,48
yahoo-minilm-384-normalized_PCA_0.9,ivf_faiss,8.266767823552511,9.664297103881836,6.923913955688477,0.880820000000004,100,1000,1,8.274183750152588,10.904312133789062,6.923913955688477,0,0,0,32
yahoo-minilm-384-normalized_PCA_0.9,ivf_faiss,5.585082629431597,6.45136833190918,4.768133163452148,0.8093100000000019,100,1000,1,5.595589876174927,7.4481964111328125,4.687309265136719,0,0,0,16
yahoo-minilm-384-normalized_PCA_0.9,ivf_faiss,4.2206859395375975,4.781007766723633,3.7043094635009766,0.7130600000000005,100,1000,1,4.229579448699951,5.248785018920898,3.7043094635009766,0,0,0,8
yahoo-minilm-384-normalized_PCA_0.9,ivf_faiss,3.5227569633968905,3.8831233978271484,3.194570541381836,0.5959699999999992,100,1000,1,3.5268263816833496,4.199504852294922,3.194570541381836,0,0,0,4
yahoo-minilm-384-normalized_PCA_0.9,ivf_faiss,3.1664229402638444,3.4401416778564453,2.9449462890625,0.4597299999999998,100,1000,1,3.169398307800293,3.5009384155273438,2.9449462890625,0,0,0,2
yahoo-minilm-384-normalized_PCA_0.8,ivf_faiss,75.90202029369674,80.83057403564453,70.94717025756836,0.9677300000000116,100,1000,1,75.95859384536743,83.64319801330566,70.94717025756836,0,0,0,512
yahoo-minilm-384-normalized_PCA_0.8,ivf_faiss,39.539052400464136,43.75100135803223,35.96806526184082,0.9605100000000107,100,1000,1,39.572850942611694,45.44782638549805,35.96806526184082,0,0,0,256
yahoo-minilm-384-normalized_PCA_0.8,ivf_faiss,25.941926318484622,29.365062713623047,23.1168270111084,0.9518200000000109,100,1000,1,25.94571018218994,29.72579002380371,23.1168270111084,0,0,0,160
yahoo-minilm-384-normalized_PCA_0.8,ivf_faiss,21.334025382995605,24.271011352539062,18.758535385131836,0.9465300000000092,100,1000,1,21.334025382995605,24.271011352539062,18.758535385131836,0,0,0,128
yahoo-minilm-384-normalized_PCA_0.8,ivf_faiss,16.703316688537598,19.22297477722168,14.48678970336914,0.9378100000000077,100,1000,1,16.703316688537598,19.22297477722168,14.48678970336914,0,0,0,96
yahoo-minilm-384-normalized_PCA_0.8,ivf_faiss,12.085287897913783,14.056682586669922,10.314464569091797,0.9208000000000051,100,1000,1,12.087540864944458,14.338254928588867,10.314464569091797,0,0,0,64
yahoo-minilm-384-normalized_PCA_0.8,ivf_faiss,9.751103489274481,11.340141296386719,8.113622665405273,0.9052000000000044,100,1000,1,9.75866174697876,11.749982833862305,8.113622665405273,0,0,0,48
yahoo-minilm-384-normalized_PCA_0.8,ivf_faiss,7.367571552952489,8.641481399536133,6.273984909057617,0.8765300000000036,100,1000,1,7.368903875350952,8.699893951416016,6.273984909057617,0,0,0,32
yahoo-minilm-384-normalized_PCA_0.8,ivf_faiss,4.993859020660431,5.725383758544922,4.307746887207031,0.8084400000000014,100,1000,1,5.000290870666504,6.032705307006836,4.194021224975586,0,0,0,16
yahoo-minilm-384-normalized_PCA_0.8,ivf_faiss,3.7824485090471085,4.299402236938477,3.359556198120117,0.7152400000000012,100,1000,1,3.787327766418457,4.512786865234375,3.359556198120117,0,0,0,8
yahoo-minilm-384-normalized_PCA_0.8,ivf_faiss,3.172802876749097,3.492593765258789,2.8831958770751953,0.5961399999999997,100,1000,1,3.1778833866119385,3.6377906799316406,2.8831958770751953,0,0,0,4
yahoo-minilm-384-normalized_PCA_0.8,ivf_faiss,2.8524060278345074,3.0808448791503906,2.6586055755615234,0.4612499999999995,100,1000,1,2.8562140464782715,3.1757354736328125,2.6586055755615234,0,0,0,2
yahoo-minilm-384-normalized_PCA_0.65,ivf_faiss,62.27678456296863,66.7269229888916,58.38584899902344,0.9129300000000007,100,1000,1,62.31132411956787,71.85077667236328,58.38584899902344,0,0,0,512
yahoo-minilm-384-normalized_PCA_0.65,ivf_faiss,32.42661840578498,35.99190711975098,29.519319534301758,0.9084400000000001,100,1000,1,32.43944025039673,37.361860275268555,29.519319534301758,0,0,0,256
yahoo-minilm-384-normalized_PCA_0.65,ivf_faiss,21.210157524499156,23.916959762573242,18.651962280273438,0.9022599999999995,100,1000,1,21.221776485443115,26.245832443237305,18.651962280273438,0,0,0,160
yahoo-minilm-384-normalized_PCA_0.65,ivf_faiss,17.49018406867981,19.861936569213867,15.176057815551758,0.8987099999999991,100,1000,1,17.49018406867981,19.861936569213867,15.176057815551758,0,0,0,128
yahoo-minilm-384-normalized_PCA_0.65,ivf_faiss,13.692674160003662,15.646934509277344,11.937141418457031,0.8926999999999994,100,1000,1,13.692674160003662,15.646934509277344,11.937141418457031,0,0,0,96
yahoo-minilm-384-normalized_PCA_0.65,ivf_faiss,9.880687952041626,11.565923690795898,8.430004119873047,0.8811699999999998,100,1000,1,9.880687952041626,11.565923690795898,8.430004119873047,0,0,0,64
yahoo-minilm-384-normalized_PCA_0.65,ivf_faiss,7.962756686740452,9.296894073486328,6.8073272705078125,0.8689599999999996,100,1000,1,7.9642274379730225,9.433507919311523,6.8073272705078125,0,0,0,48
yahoo-minilm-384-normalized_PCA_0.65,ivf_faiss,6.068781048119187,7.097721099853516,5.176305770874023,0.8471399999999989,100,1000,1,6.071125507354736,7.249355316162109,5.176305770874023,0,0,0,32
yahoo-minilm-384-normalized_PCA_0.65,ivf_faiss,4.102685453918272,4.71186637878418,3.5300254821777344,0.7881899999999994,100,1000,1,4.109180450439453,4.879951477050781,3.4644603729248047,0,0,0,16
yahoo-minilm-384-normalized_PCA_0.65,ivf_faiss,3.115712929354073,3.537893295288086,2.741098403930664,0.7046699999999995,100,1000,1,3.1241846084594727,3.70025634765625,2.741098403930664,0,0,0,8
yahoo-minilm-384-normalized_PCA_0.65,ivf_faiss,2.6038917859718733,2.874135971069336,2.355813980102539,0.5906200000000001,100,1000,1,2.609647274017334,3.2460689544677734,2.355813980102539,0,0,0,4
yahoo-minilm-384-normalized_PCA_0.65,ivf_faiss,2.339952717234863,2.522706985473633,2.1619796752929688,0.45669999999999966,100,1000,1,2.3437843322753906,2.666950225830078,2.1619796752929688,0,0,0,2
yahoo-minilm-384-normalized_PCA_0.5,ivf_faiss,48.41656445258826,51.947593688964844,44.77643966674805,0.8099299999999993,100,1000,1,48.43827772140503,53.540706634521484,44.77643966674805,0,0,0,512
yahoo-minilm-384-normalized_PCA_0.5,ivf_faiss,25.29882143686961,28.45907211303711,22.369861602783203,0.8067999999999992,100,1000,1,25.302669525146484,29.146909713745117,22.369861602783203,0,0,0,256
yahoo-minilm-384-normalized_PCA_0.5,ivf_faiss,16.534156799316406,18.76044273376465,14.297246932983398,0.8032499999999999,100,1000,1,16.534156799316406,18.76044273376465,14.297246932983398,0,0,0,160
yahoo-minilm-384-normalized_PCA_0.5,ivf_faiss,13.591074251436496,15.625953674316406,11.542797088623047,0.8011400000000003,100,1000,1,13.593351125717163,15.867948532104492,11.542797088623047,0,0,0,128
yahoo-minilm-384-normalized_PCA_0.5,ivf_faiss,10.652927307037261,12.502193450927734,9.040355682373047,0.7972699999999997,100,1000,1,10.654820442199707,12.546062469482422,9.040355682373047,0,0,0,96
yahoo-minilm-384-normalized_PCA_0.5,ivf_faiss,7.7293990729926705,9.137630462646484,6.560802459716797,0.7899800000000001,100,1000,1,7.731259822845459,9.59014892578125,6.560802459716797,0,0,0,64
yahoo-minilm-384-normalized_PCA_0.5,ivf_faiss,6.202858847540778,7.25102424621582,5.190610885620117,0.7818500000000005,100,1000,1,6.204023599624634,7.367610931396484,5.190610885620117,0,0,0,48
yahoo-minilm-384-normalized_PCA_0.5,ivf_faiss,4.716967915868139,5.574703216552734,4.008293151855469,0.7673499999999996,100,1000,1,4.717994213104248,5.743265151977539,4.008293151855469,0,0,0,32
yahoo-minilm-384-normalized_PCA_0.5,ivf_faiss,3.2251798745357627,3.7424564361572266,2.774953842163086,0.7279700000000001,100,1000,1,3.2313029766082764,3.9899349212646484,2.774953842163086,0,0,0,16
yahoo-minilm-384-normalized_PCA_0.5,ivf_faiss,2.4414887888177397,2.7670860290527344,2.122640609741211,0.6642699999999986,100,1000,1,2.4474616050720215,2.913951873779297,2.122640609741211,0,0,0,8
yahoo-minilm-384-normalized_PCA_0.5,ivf_faiss,2.0449926222430066,2.2487640380859375,1.8436908721923828,0.5708999999999991,100,1000,1,2.049832582473755,2.3822784423828125,1.8355846405029297,0,0,0,4
yahoo-minilm-384-normalized_PCA_0.5,ivf_faiss,1.8450021743774414,1.9824504852294922,1.7178058624267578,0.4460100000000004,100,1000,1,1.847989797592163,2.0971298217773438,1.7178058624267578,0,0,0,2
yahoo-minilm-384-normalized_PCA_0.3,ivf_faiss,29.951445086446697,32.691240310668945,27.513504028320312,0.6148600000000003,100,1000,1,29.957913398742676,33.47134590148926,27.513504028320312,0,0,0,512
yahoo-minilm-384-normalized_PCA_0.3,ivf_faiss,15.665263296609902,17.66681671142578,13.747692108154297,0.6133199999999998,100,1000,1,15.673768520355225,17.888307571411133,13.747692108154297,0,0,0,256
yahoo-minilm-384-normalized_PCA_0.3,ivf_faiss,10.285068592799059,11.86370849609375,8.84699821472168,0.6114,100,1000,1,10.30096435546875,12.231588363647461,8.84699821472168,0,0,0,160
yahoo-minilm-384-normalized_PCA_0.3,ivf_faiss,8.476691140282538,9.908199310302734,7.343292236328125,0.61023,100,1000,1,8.489198207855225,10.354757308959961,7.343292236328125,0,0,0,128
yahoo-minilm-384-normalized_PCA_0.3,ivf_faiss,6.646972918800015,7.836818695068359,5.6285858154296875,0.6085499999999998,100,1000,1,6.662597179412842,8.098363876342773,5.6285858154296875,0,0,0,96
yahoo-minilm-384-normalized_PCA_0.3,ivf_faiss,4.824133409607795,5.7163238525390625,4.109859466552734,0.604469999999999,100,1000,1,4.83216667175293,5.996465682983398,4.109859466552734,0,0,0,64
yahoo-minilm-384-normalized_PCA_0.3,ivf_faiss,3.9181302292178377,4.657268524169922,3.323793411254883,0.6011899999999998,100,1000,1,3.926347017288208,4.97746467590332,3.323793411254883,0,0,0,48
yahoo-minilm-384-normalized_PCA_0.3,ivf_faiss,2.9846312668789725,3.5181045532226562,2.5396347045898438,0.5939400000000001,100,1000,1,2.992865800857544,3.857851028442383,2.5396347045898438,0,0,0,32
yahoo-minilm-384-normalized_PCA_0.3,ivf_faiss,2.063655418905652,2.428293228149414,1.7087459564208984,0.5725699999999997,100,1000,1,2.0693209171295166,2.9044151306152344,1.7087459564208984,0,0,0,16
yahoo-minilm-384-normalized_PCA_0.3,ivf_faiss,1.5597974337064302,1.7764568328857422,1.355886459350586,0.5366800000000003,100,1000,1,1.5662508010864258,1.9080638885498047,1.355886459350586,0,0,0,8
yahoo-minilm-384-normalized_PCA_0.3,ivf_faiss,1.3171974720993662,1.4598369598388672,1.188516616821289,0.47701000000000054,100,1000,1,1.3202235698699951,1.5821456909179688,1.188516616821289,0,0,0,4
yahoo-minilm-384-normalized_PCA_0.3,ivf_faiss,1.1761456119770906,1.2793540954589844,1.0874271392822266,0.3870100000000003,100,1000,1,1.1788299083709717,1.3973712921142578,1.0874271392822266,0,0,0,2
msong-420_PCA_0.9,ivf_faiss,148.36193402288424,182.37066268920898,99.53951835632324,0.9991100000000007,100,1000,1,147.99486708641052,182.37066268920898,77.06332206726074,0,0,0,512
msong-420_PCA_0.9,ivf_faiss,78.1588858130969,101.3188362121582,49.70073699951172,0.9984000000000012,100,1000,1,77.78720021247864,101.3188362121582,36.301612854003906,0,0,0,256
msong-420_PCA_0.9,ivf_faiss,51.008480931482005,66.95985794067383,29.576778411865234,0.9964800000000021,100,1000,1,50.81274056434631,66.95985794067383,22.706031799316406,0,0,0,160
msong-420_PCA_0.9,ivf_faiss,41.550078224297145,55.34934997558594,22.217988967895508,0.9945600000000024,100,1000,1,41.44477391242981,55.34934997558594,18.442392349243164,0,0,0,128
msong-420_PCA_0.9,ivf_faiss,32.28061847246757,45.00293731689453,16.32833480834961,0.9904800000000035,100,1000,1,32.22947120666504,45.00293731689453,14.596223831176758,0,0,0,96
msong-420_PCA_0.9,ivf_faiss,22.95483160018921,32.12380409240723,10.710954666137695,0.9799800000000048,100,1000,1,22.95483160018921,32.12380409240723,10.710954666137695,0,0,0,64
msong-420_PCA_0.9,ivf_faiss,18.21237874031067,25.79665184020996,8.786439895629883,0.9682100000000049,100,1000,1,18.21237874031067,25.79665184020996,8.786439895629883,0,0,0,48
msong-420_PCA_0.9,ivf_faiss,13.419015884399414,18.907546997070312,6.9980621337890625,0.9415800000000043,100,1000,1,13.419015884399414,18.907546997070312,6.9980621337890625,0,0,0,32
msong-420_PCA_0.9,ivf_faiss,8.583304405212402,12.317180633544922,5.2089691162109375,0.8608900000000023,100,1000,1,8.583304405212402,12.317180633544922,5.2089691162109375,0,0,0,16
msong-420_PCA_0.9,ivf_faiss,6.157839501106942,8.441686630249023,4.29844856262207,0.726370000000001,100,1000,1,6.160272121429443,8.590459823608398,4.29844856262207,0,0,0,8
msong-420_PCA_0.9,ivf_faiss,4.862023704320102,6.020784378051758,3.8149356842041016,0.5530599999999999,100,1000,1,4.879175901412964,6.346702575683594,3.8149356842041016,0,0,0,4
msong-420_PCA_0.9,ivf_faiss,4.262779603451942,4.922628402709961,3.7474632263183594,0.3769499999999995,100,1000,1,4.269432306289673,5.164861679077148,3.7474632263183594,0,0,0,2
msong-420_PCA_0.8,ivf_faiss,132.73809369533294,162.09769248962402,91.53485298156738,0.9944900000000039,100,1000,1,132.32112765312195,162.09769248962402,68.52030754089355,0,0,0,512
msong-420_PCA_0.8,ivf_faiss,69.98177003812259,94.15936470031738,44.62623596191406,0.9939500000000041,100,1000,1,69.6476309299469,94.15936470031738,32.61256217956543,0,0,0,256
msong-420_PCA_0.8,ivf_faiss,45.510058441469745,59.62419509887695,26.58367156982422,0.9925400000000046,100,1000,1,45.336182594299316,59.62419509887695,20.354509353637695,0,0,0,160
msong-420_PCA_0.8,ivf_faiss,37.11025296680389,49.228668212890625,20.74599266052246,0.9908900000000053,100,1000,1,36.96335029602051,49.228668212890625,16.27182960510254,0,0,0,128
msong-420_PCA_0.8,ivf_faiss,28.730440522388086,39.20483589172363,14.92929458618164,0.9873700000000059,100,1000,1,28.684796571731567,39.20483589172363,12.961864471435547,0,0,0,96
msong-420_PCA_0.8,ivf_faiss,20.272257089614868,28.96428108215332,9.382486343383789,0.9775500000000061,100,1000,1,20.272257089614868,28.96428108215332,9.382486343383789,0,0,0,64
msong-420_PCA_0.8,ivf_faiss,16.05267882347107,22.452831268310547,7.724285125732422,0.9662100000000056,100,1000,1,16.05267882347107,22.452831268310547,7.724285125732422,0,0,0,48
msong-420_PCA_0.8,ivf_faiss,11.833852767944336,17.127037048339844,6.076335906982422,0.9398000000000055,100,1000,1,11.833852767944336,17.127037048339844,6.076335906982422,0,0,0,32
msong-420_PCA_0.8,ivf_faiss,7.557095050811768,10.964155197143555,4.523038864135742,0.8591600000000017,100,1000,1,7.557095050811768,10.964155197143555,4.523038864135742,0,0,0,16
msong-420_PCA_0.8,ivf_faiss,5.406779851129872,7.397174835205078,3.7620067596435547,0.7255400000000004,100,1000,1,5.411234140396118,7.701396942138672,3.7620067596435547,0,0,0,8
msong-420_PCA_0.8,ivf_faiss,4.30047016858813,5.324125289916992,3.4258365631103516,0.55235,100,1000,1,4.3153393268585205,5.5561065673828125,3.4258365631103516,0,0,0,4
msong-420_PCA_0.8,ivf_faiss,3.774945487628933,4.37617301940918,3.3152103424072266,0.37709999999999955,100,1000,1,3.783459186553955,5.693197250366211,3.3152103424072266,0,0,0,2
msong-420_PCA_0.65,ivf_faiss,107.69590813389246,132.04431533813477,72.31569290161133,0.98204000000001,100,1000,1,107.42819547653198,132.04431533813477,55.15789985656738,0,0,0,512
msong-420_PCA_0.65,ivf_faiss,56.887267694193625,74.20682907104492,36.414384841918945,0.98161000000001,100,1000,1,56.61967420578003,74.20682907104492,26.7031192779541,0,0,0,256
msong-420_PCA_0.65,ivf_faiss,36.982859660590336,48.361778259277344,21.911144256591797,0.9804700000000105,100,1000,1,36.82488822937012,48.361778259277344,16.471385955810547,0,0,0,160
msong-420_PCA_0.65,ivf_faiss,30.134903086769967,39.81375694274902,16.785383224487305,0.9792800000000101,100,1000,1,30.016337156295776,39.81375694274902,13.431549072265625,0,0,0,128
msong-420_PCA_0.65,ivf_faiss,23.334793828839633,31.672000885009766,12.20846176147461,0.9762200000000105,100,1000,1,23.275161504745483,31.672000885009766,10.43391227722168,0,0,0,96
msong-420_PCA_0.65,ivf_faiss,16.473592042922974,23.02718162536621,7.719516754150391,0.9682400000000098,100,1000,1,16.473592042922974,23.02718162536621,7.719516754150391,0,0,0,64
msong-420_PCA_0.65,ivf_faiss,13.101847171783447,20.064115524291992,6.465435028076172,0.9581600000000077,100,1000,1,13.101847171783447,20.064115524291992,6.465435028076172,0,0,0,48
msong-420_PCA_0.65,ivf_faiss,9.621747970581055,13.372421264648438,4.970788955688477,0.9341800000000068,100,1000,1,9.621747970581055,13.372421264648438,4.970788955688477,0,0,0,32
msong-420_PCA_0.65,ivf_faiss,6.198817664557868,8.86082649230957,3.7927627563476562,0.8566300000000023,100,1000,1,6.203141212463379,10.52236557006836,3.7927627563476562,0,0,0,16
msong-420_PCA_0.65,ivf_faiss,4.437368635906499,6.037473678588867,3.148317337036133,0.7263800000000002,100,1000,1,4.442510366439819,6.211519241333008,3.148317337036133,0,0,0,8
msong-420_PCA_0.65,ivf_faiss,3.5563629974458086,4.39453125,2.8111934661865234,0.5552000000000007,100,1000,1,3.56927490234375,4.584074020385742,2.8111934661865234,0,0,0,4
msong-420_PCA_0.65,ivf_faiss,3.105956219857739,3.582000732421875,2.744436264038086,0.3768500000000004,100,1000,1,3.110103130340576,3.6458969116210938,2.744436264038086,0,0,0,2
msong-420_PCA_0.5,ivf_faiss,83.51487930743924,106.58645629882812,57.958364486694336,0.9190900000000055,100,1000,1,83.25236487388611,106.58645629882812,42.30332374572754,0,0,0,512
msong-420_PCA_0.5,ivf_faiss,44.12537204484004,56.09893798828125,28.25474739074707,0.9188200000000054,100,1000,1,43.916539907455444,56.09893798828125,20.80512046813965,0,0,0,256
msong-420_PCA_0.5,ivf_faiss,28.66421722619974,37.378549575805664,16.939878463745117,0.9180400000000052,100,1000,1,28.541515588760376,37.378549575805664,12.90130615234375,0,0,0,160
msong-420_PCA_0.5,ivf_faiss,23.446774050112694,30.944347381591797,13.530492782592773,0.917350000000005,100,1000,1,23.35459589958191,30.944347381591797,10.761499404907227,0,0,0,128
msong-420_PCA_0.5,ivf_faiss,18.15190602786577,24.561405181884766,9.546756744384766,0.9153700000000047,100,1000,1,18.105581283569336,24.561405181884766,8.172988891601562,0,0,0,96
msong-420_PCA_0.5,ivf_faiss,12.832233975002834,17.696380615234375,6.389379501342773,0.9095700000000041,100,1000,1,12.825364112854004,17.696380615234375,5.962371826171875,0,0,0,64
msong-420_PCA_0.5,ivf_faiss,10.16691517829895,14.104366302490234,4.922628402709961,0.9030700000000038,100,1000,1,10.16691517829895,14.104366302490234,4.922628402709961,0,0,0,48
msong-420_PCA_0.5,ivf_faiss,7.540172576904297,10.598182678222656,3.9551258087158203,0.8866500000000033,100,1000,1,7.540172576904297,10.598182678222656,3.9551258087158203,0,0,0,32
msong-420_PCA_0.5,ivf_faiss,4.835193937605208,6.870508193969727,2.9478073120117188,0.830000000000002,100,1000,1,4.837899446487427,7.540702819824219,2.9478073120117188,0,0,0,16
msong-420_PCA_0.5,ivf_faiss,3.4805456319967427,4.770517349243164,2.417325973510742,0.7158900000000015,100,1000,1,3.481865644454956,4.800558090209961,2.417325973510742,0,0,0,8
msong-420_PCA_0.5,ivf_faiss,2.7855138183839365,3.458261489868164,2.2172927856445312,0.5526399999999995,100,1000,1,2.789942979812622,3.588438034057617,2.2172927856445312,0,0,0,4
msong-420_PCA_0.5,ivf_faiss,2.4394400177463407,2.814769744873047,2.143383026123047,0.37891000000000047,100,1000,1,2.4426846504211426,2.9213428497314453,2.143383026123047,0,0,0,2
msong-420_PCA_0.3,ivf_faiss,51.193904109164265,65.58609008789062,33.69331359863281,0.8356899999999992,100,1000,1,51.063114166259766,65.58609008789062,26.058435440063477,0,0,0,512
msong-420_PCA_0.3,ivf_faiss,27.055905248566752,34.19899940490723,17.266511917114258,0.8353799999999995,100,1000,1,26.92634081840515,34.19899940490723,12.583732604980469,0,0,0,256
msong-420_PCA_0.3,ivf_faiss,17.61483351389567,22.899389266967773,10.744810104370117,0.8349199999999998,100,1000,1,17.53192687034607,22.899389266967773,7.647991180419922,0,0,0,160
msong-420_PCA_0.3,ivf_faiss,14.431135926309194,19.066810607910156,8.400440216064453,0.8343899999999995,100,1000,1,14.368028163909912,19.066810607910156,6.3266754150390625,0,0,0,128
msong-420_PCA_0.3,ivf_faiss,11.218019791187778,15.048027038574219,6.173133850097656,0.8328599999999996,100,1000,1,11.173023700714111,15.048027038574219,5.039691925048828,0,0,0,96
msong-420_PCA_0.3,ivf_faiss,7.979523550879371,11.122941970825195,3.9911270141601562,0.8294899999999994,100,1000,1,7.975269794464111,11.122941970825195,3.725767135620117,0,0,0,64
msong-420_PCA_0.3,ivf_faiss,6.3006815910339355,8.510112762451172,3.1120777130126953,0.8249900000000001,100,1000,1,6.3006815910339355,8.510112762451172,3.1120777130126953,0,0,0,48
msong-420_PCA_0.3,ivf_faiss,4.673490762710571,6.373882293701172,2.446413040161133,0.8129199999999992,100,1000,1,4.673490762710571,6.373882293701172,2.446413040161133,0,0,0,32
msong-420_PCA_0.3,ivf_faiss,3.0343613624572754,4.182577133178711,1.8475055694580078,0.7705299999999994,100,1000,1,3.0343613624572754,4.182577133178711,1.8475055694580078,0,0,0,16
msong-420_PCA_0.3,ivf_faiss,2.187841514885844,2.9435157775878906,1.554250717163086,0.6832099999999994,100,1000,1,2.1904661655426025,3.1435489654541016,1.554250717163086,0,0,0,8
msong-420_PCA_0.3,ivf_faiss,1.7631673908616645,2.1762847900390625,1.4362335205078125,0.54034,100,1000,1,1.7650063037872314,2.2559165954589844,1.4362335205078125,0,0,0,4
msong-420_PCA_0.3,ivf_faiss,1.557893369665098,1.802682876586914,1.3706684112548828,0.3779799999999996,100,1000,1,1.5593128204345703,1.8723011016845703,1.3706684112548828,0,0,0,2
imagenet-clip-512-normalized_PCA_0.9,ivf_faiss,156.0845444202423,187.85429000854492,132.49635696411133,0.9891300000000062,100,1000,1,156.0845444202423,187.85429000854492,132.49635696411133,0,0,0,512
imagenet-clip-512-normalized_PCA_0.9,ivf_faiss,81.22935715141716,97.65124320983887,65.70887565612793,0.9884300000000062,100,1000,1,81.24793577194214,99.8079776763916,65.70887565612793,0,0,0,256
imagenet-clip-512-normalized_PCA_0.9,ivf_faiss,52.9814743565653,65.00411033630371,42.5715446472168,0.9870500000000062,100,1000,1,53.00882530212402,67.00515747070312,42.5715446472168,0,0,0,160
imagenet-clip-512-normalized_PCA_0.9,ivf_faiss,43.468804095857706,53.98893356323242,34.81101989746094,0.9856500000000067,100,1000,1,43.52859711647034,56.78963661193848,34.81101989746094,0,0,0,128
imagenet-clip-512-normalized_PCA_0.9,ivf_faiss,33.98385527145923,42.356252670288086,27.031421661376953,0.9825300000000065,100,1000,1,34.03055667877197,44.17753219604492,27.031421661376953,0,0,0,96
imagenet-clip-512-normalized_PCA_0.9,ivf_faiss,24.46950324858078,30.35449981689453,19.185304641723633,0.9761300000000069,100,1000,1,24.534300804138184,31.843900680541992,19.185304641723633,0,0,0,64
imagenet-clip-512-normalized_PCA_0.9,ivf_faiss,19.71859060568253,24.480104446411133,15.409469604492188,0.9694900000000066,100,1000,1,19.797651290893555,26.13997459411621,15.409469604492188,0,0,0,48
imagenet-clip-512-normalized_PCA_0.9,ivf_faiss,14.876950383795172,18.259048461914062,11.588573455810547,0.9542100000000051,100,1000,1,14.960622310638428,19.621849060058594,11.588573455810547,0,0,0,32
imagenet-clip-512-normalized_PCA_0.9,ivf_faiss,10.062150672413333,12.170076370239258,7.988452911376953,0.9114100000000037,100,1000,1,10.121727466583252,13.578414916992188,7.988452911376953,0,0,0,16
imagenet-clip-512-normalized_PCA_0.9,ivf_faiss,7.5524949002534365,8.907556533813477,6.313085556030273,0.8399900000000031,100,1000,1,7.591548442840576,10.124444961547852,6.313085556030273,0,0,0,8
imagenet-clip-512-normalized_PCA_0.9,ivf_faiss,6.3229890782366995,7.16710090637207,5.509853363037109,0.7365500000000026,100,1000,1,6.349330902099609,7.989406585693359,5.509853363037109,0,0,0,4
imagenet-clip-512-normalized_PCA_0.9,ivf_faiss,5.662130052129347,6.23774528503418,5.186557769775391,0.5922900000000008,100,1000,1,5.672181129455566,6.662845611572266,5.186557769775391,0,0,0,2
imagenet-clip-512-normalized_PCA_0.8,ivf_faiss,138.6000669002533,167.39821434020996,118.67642402648926,0.9726900000000093,100,1000,1,138.6000669002533,167.39821434020996,118.67642402648926,0,0,0,512
imagenet-clip-512-normalized_PCA_0.8,ivf_faiss,75.71217268406748,92.16165542602539,60.88542938232422,0.9721900000000093,100,1000,1,75.75213146209717,96.77338600158691,60.88542938232422,0,0,0,256
imagenet-clip-512-normalized_PCA_0.8,ivf_faiss,50.19988903558877,61.79618835449219,40.35162925720215,0.9711100000000089,100,1000,1,50.25195837020874,63.81702423095703,40.35162925720215,0,0,0,160
imagenet-clip-512-normalized_PCA_0.8,ivf_faiss,38.709995375206724,47.74880409240723,31.396865844726562,0.9700500000000093,100,1000,1,38.76169157028198,50.53424835205078,31.396865844726562,0,0,0,128
imagenet-clip-512-normalized_PCA_0.8,ivf_faiss,30.310817835674307,37.49346733093262,23.943185806274414,0.9677900000000089,100,1000,1,30.368342876434326,39.463043212890625,23.943185806274414,0,0,0,96
imagenet-clip-512-normalized_PCA_0.8,ivf_faiss,21.92292942607427,27.365446090698242,17.249584197998047,0.9623900000000092,100,1000,1,21.958974838256836,28.370380401611328,17.249584197998047,0,0,0,64
imagenet-clip-512-normalized_PCA_0.8,ivf_faiss,17.441423507426276,21.6672420501709,13.628959655761719,0.9561400000000092,100,1000,1,17.52495241165161,23.338794708251953,13.628959655761719,0,0,0,48
imagenet-clip-512-normalized_PCA_0.8,ivf_faiss,13.215910014792234,16.153573989868164,10.418891906738281,0.9433700000000077,100,1000,1,13.311959505081177,17.78244972229004,10.418891906738281,0,0,0,32
imagenet-clip-512-normalized_PCA_0.8,ivf_faiss,8.926973098363632,10.747194290161133,7.154703140258789,0.9031000000000053,100,1000,1,8.984607934951782,11.979341506958008,7.154703140258789,0,0,0,16
imagenet-clip-512-normalized_PCA_0.8,ivf_faiss,6.7951760008105015,7.9364776611328125,5.656242370605469,0.8342200000000037,100,1000,1,6.835395097732544,9.78541374206543,5.656242370605469,0,0,0,8
imagenet-clip-512-normalized_PCA_0.8,ivf_faiss,5.664185435340889,6.413698196411133,4.996538162231445,0.7306400000000032,100,1000,1,5.685883283615112,7.377862930297852,4.996538162231445,0,0,0,4
imagenet-clip-512-normalized_PCA_0.8,ivf_faiss,5.077620671719921,5.576848983764648,4.647254943847656,0.5887200000000004,100,1000,1,5.090642690658569,6.300926208496094,4.647254943847656,0,0,0,2
imagenet-clip-512-normalized_PCA_0.65,ivf_faiss,112.20511627197266,130.89442253112793,96.94576263427734,0.9405500000000083,100,1000,1,112.20511627197266,130.89442253112793,96.94576263427734,0,0,0,512
imagenet-clip-512-normalized_PCA_0.65,ivf_faiss,58.451563596725464,70.92428207397461,48.461198806762695,0.9401400000000082,100,1000,1,58.451563596725464,70.92428207397461,48.461198806762695,0,0,0,256
imagenet-clip-512-normalized_PCA_0.65,ivf_faiss,38.084554240497305,46.69356346130371,30.64250946044922,0.9393300000000083,100,1000,1,38.141796350479126,48.52485656738281,30.64250946044922,0,0,0,160
imagenet-clip-512-normalized_PCA_0.65,ivf_faiss,31.34260172810319,38.341522216796875,25.551557540893555,0.9386200000000082,100,1000,1,31.400104999542236,40.73691368103027,25.551557540893555,0,0,0,128
imagenet-clip-512-normalized_PCA_0.65,ivf_faiss,24.50572521842305,30.06291389465332,19.588947296142578,0.9369100000000076,100,1000,1,24.53941798210144,32.16147422790527,19.588947296142578,0,0,0,96
imagenet-clip-512-normalized_PCA_0.65,ivf_faiss,17.698833195850103,21.76523208618164,13.688087463378906,0.9332400000000066,100,1000,1,17.744208574295044,23.052692413330078,13.688087463378906,0,0,0,64
imagenet-clip-512-normalized_PCA_0.65,ivf_faiss,14.229083716081094,17.488718032836914,11.034488677978516,0.9287300000000053,100,1000,1,14.291319131851196,19.04773712158203,11.034488677978516,0,0,0,48
imagenet-clip-512-normalized_PCA_0.65,ivf_faiss,10.81160091404043,13.16380500793457,8.531332015991211,0.9183200000000059,100,1000,1,10.870776653289795,14.046430587768555,8.531332015991211,0,0,0,32
imagenet-clip-512-normalized_PCA_0.65,ivf_faiss,7.292861321623565,8.771896362304688,5.996465682983398,0.8848500000000044,100,1000,1,7.342363595962524,10.265350341796875,5.996465682983398,0,0,0,16
imagenet-clip-512-normalized_PCA_0.65,ivf_faiss,5.5399843362661505,6.453275680541992,4.637956619262695,0.8214700000000036,100,1000,1,5.570673227310181,7.315397262573242,4.637956619262695,0,0,0,8
imagenet-clip-512-normalized_PCA_0.65,ivf_faiss,4.634181536160982,5.231380462646484,4.108428955078125,0.7231300000000016,100,1000,1,4.653344631195068,5.701303482055664,4.108428955078125,0,0,0,4
imagenet-clip-512-normalized_PCA_0.65,ivf_faiss,4.161378664848132,4.546880722045898,3.8521289825439453,0.5846300000000012,100,1000,1,4.173755407333374,4.926919937133789,3.8521289825439453,0,0,0,2
imagenet-clip-512-normalized_PCA_0.5,ivf_faiss,86.47695150938597,101.16314888000488,74.89657402038574,0.8956299999999996,100,1000,1,86.5033233165741,112.84875869750977,74.89657402038574,0,0,0,512
imagenet-clip-512-normalized_PCA_0.5,ivf_faiss,45.10054898262024,54.445743560791016,37.7504825592041,0.8953799999999993,100,1000,1,45.10054898262024,54.445743560791016,37.7504825592041,0,0,0,256
imagenet-clip-512-normalized_PCA_0.5,ivf_faiss,29.392382649616653,35.81953048706055,24.159908294677734,0.8947999999999993,100,1000,1,29.44163489341736,37.367820739746094,24.159908294677734,0,0,0,160
imagenet-clip-512-normalized_PCA_0.5,ivf_faiss,24.135885575805048,29.36267852783203,19.565820693969727,0.894229999999999,100,1000,1,24.198223114013672,31.55684471130371,19.565820693969727,0,0,0,128
imagenet-clip-512-normalized_PCA_0.5,ivf_faiss,18.977151282372013,23.27275276184082,15.376806259155273,0.8929799999999989,100,1000,1,19.017590761184692,24.582862854003906,15.376806259155273,0,0,0,96
imagenet-clip-512-normalized_PCA_0.5,ivf_faiss,13.630973773403612,16.74795150756836,10.86115837097168,0.8897099999999992,100,1000,1,13.67614197731018,17.937660217285156,10.86115837097168,0,0,0,64
imagenet-clip-512-normalized_PCA_0.5,ivf_faiss,10.99666454354111,13.479232788085938,8.881330490112305,0.8861699999999998,100,1000,1,11.056004762649536,15.039443969726562,8.881330490112305,0,0,0,48
imagenet-clip-512-normalized_PCA_0.5,ivf_faiss,8.33072823910253,10.13803482055664,6.6585540771484375,0.8787599999999999,100,1000,1,8.388610363006592,10.998725891113281,6.6585540771484375,0,0,0,32
imagenet-clip-512-normalized_PCA_0.5,ivf_faiss,5.668886364299419,6.845712661743164,4.581928253173828,0.8513599999999995,100,1000,1,5.703157901763916,7.671833038330078,4.581928253173828,0,0,0,16
imagenet-clip-512-normalized_PCA_0.5,ivf_faiss,4.31822071055917,5.089521408081055,3.6377906799316406,0.7986299999999998,100,1000,1,4.341414451599121,6.375789642333984,3.6377906799316406,0,0,0,8
imagenet-clip-512-normalized_PCA_0.5,ivf_faiss,3.6110741052872095,4.086971282958984,3.172159194946289,0.7082100000000019,100,1000,1,3.626072883605957,4.4536590576171875,3.172159194946289,0,0,0,4
imagenet-clip-512-normalized_PCA_0.5,ivf_faiss,3.2451485706305845,3.5276412963867188,2.970457077026367,0.5749799999999997,100,1000,1,3.2551591396331787,3.833293914794922,2.970457077026367,0,0,0,2
imagenet-clip-512-normalized_PCA_0.3,ivf_faiss,53.11984891767378,61.598777770996094,46.30613327026367,0.7918299999999991,100,1000,1,53.142720460891724,75.99139213562012,46.30613327026367,0,0,0,512
imagenet-clip-512-normalized_PCA_0.3,ivf_faiss,27.768075824500563,33.27536582946777,23.272037506103516,0.7917199999999988,100,1000,1,27.779735326766968,33.710479736328125,23.272037506103516,0,0,0,256
imagenet-clip-512-normalized_PCA_0.3,ivf_faiss,18.125792685238313,21.7745304107666,14.720678329467773,0.7912099999999985,100,1000,1,18.162368535995483,22.69721031188965,14.720678329467773,0,0,0,160
imagenet-clip-512-normalized_PCA_0.3,ivf_faiss,14.906907033535742,18.13650131225586,11.971235275268555,0.7907899999999985,100,1000,1,14.93565559387207,19.073009490966797,11.971235275268555,0,0,0,128
imagenet-clip-512-normalized_PCA_0.3,ivf_faiss,11.706880607990303,14.175176620483398,9.370088577270508,0.7900199999999986,100,1000,1,11.735828638076782,15.010833740234375,9.370088577270508,0,0,0,96
imagenet-clip-512-normalized_PCA_0.3,ivf_faiss,8.447385681462167,10.300397872924805,6.766557693481445,0.7879599999999983,100,1000,1,8.478527545928955,10.793447494506836,6.766557693481445,0,0,0,64
imagenet-clip-512-normalized_PCA_0.3,ivf_faiss,6.819268878625364,8.283853530883789,5.528926849365234,0.7856099999999983,100,1000,1,6.854323863983154,8.984565734863281,5.528926849365234,0,0,0,48
imagenet-clip-512-normalized_PCA_0.3,ivf_faiss,5.180130770177017,6.26373291015625,4.131793975830078,0.7806499999999988,100,1000,1,5.217617034912109,7.017374038696289,4.131793975830078,0,0,0,32
imagenet-clip-512-normalized_PCA_0.3,ivf_faiss,3.543888590463395,4.228115081787109,2.9048919677734375,0.763479999999998,100,1000,1,3.5681912899017334,4.714012145996094,2.9048919677734375,0,0,0,16
imagenet-clip-512-normalized_PCA_0.3,ivf_faiss,2.7073257566712297,3.162860870361328,2.3152828216552734,0.7268599999999992,100,1000,1,2.7176356315612793,3.5996437072753906,2.2306442260742188,0,0,0,8
imagenet-clip-512-normalized_PCA_0.3,ivf_faiss,2.2646066691291122,2.5413036346435547,1.9993782043457031,0.65908,100,1000,1,2.2765305042266846,2.8557777404785156,1.9993782043457031,0,0,0,4
imagenet-clip-512-normalized_PCA_0.3,ivf_faiss,2.0420134006527575,2.2246837615966797,1.8711090087890625,0.5437099999999999,100,1000,1,2.0477888584136963,2.424955368041992,1.8711090087890625,0,0,0,2
laion-clip-512-normalized_PCA_0.9,ivf_faiss,109.78423805543834,115.7829761505127,103.9741039276123,0.6432299999999986,100,1000,1,109.83052945137024,119.30704116821289,103.9741039276123,0,0,0,512
laion-clip-512-normalized_PCA_0.9,ivf_faiss,53.10003219889919,57.26194381713867,49.57103729248047,0.4510600000000002,100,1000,1,53.153884410858154,60.315608978271484,49.57103729248047,0,0,0,256
laion-clip-512-normalized_PCA_0.9,ivf_faiss,33.2422156621292,36.28969192504883,30.811071395874023,0.33362999999999976,100,1000,1,33.32028269767761,38.08927536010742,30.811071395874023,0,0,0,160
laion-clip-512-normalized_PCA_0.9,ivf_faiss,26.884406437108545,29.41727638244629,24.8568058013916,0.2828499999999996,100,1000,1,26.970324993133545,31.177282333374023,24.8568058013916,0,0,0,128
laion-clip-512-normalized_PCA_0.9,ivf_faiss,20.721609634179412,22.82571792602539,18.9511775970459,0.22593999999999975,100,1000,1,20.797120094299316,24.966716766357422,18.9511775970459,0,0,0,96
laion-clip-512-normalized_PCA_0.9,ivf_faiss,14.818329766899133,16.387224197387695,13.4429931640625,0.1659800000000001,100,1000,1,14.879987478256226,17.965316772460938,13.4429931640625,0,0,0,64
laion-clip-512-normalized_PCA_0.9,ivf_faiss,11.99936372115899,13.267040252685547,10.799169540405273,0.13087000000000026,100,1000,1,12.059522867202759,14.84990119934082,10.799169540405273,0,0,0,48
laion-clip-512-normalized_PCA_0.9,ivf_faiss,9.288008254784879,10.267019271850586,8.36491584777832,0.09058000000000017,100,1000,1,9.32396149635315,11.701107025146484,8.265972137451172,0,0,0,32
laion-clip-512-normalized_PCA_0.9,ivf_faiss,6.7150048402714315,7.380962371826172,6.064176559448242,0.04993000000000005,100,1000,1,6.730254173278809,8.18014144897461,5.985498428344727,0,0,0,16
laion-clip-512-normalized_PCA_0.9,ivf_faiss,5.500438232575694,5.979061126708984,5.067110061645508,0.027640000000000033,100,1000,1,5.505533218383789,6.407499313354492,5.067110061645508,0,0,0,8
laion-clip-512-normalized_PCA_0.9,ivf_faiss,4.9420250089544995,5.283832550048828,4.624605178833008,0.016169999999999973,100,1000,1,4.947303533554077,6.06536865234375,4.624605178833008,0,0,0,4
laion-clip-512-normalized_PCA_0.9,ivf_faiss,4.654278398042749,4.878759384155273,4.501819610595703,0.008529999999999984,100,1000,1,4.657769441604614,5.052804946899414,4.501819610595703,0,0,0,2
laion-clip-512-normalized_PCA_0.8,ivf_faiss,97.71735149045145,103.0282974243164,92.91315078735352,0.6007399999999994,100,1000,1,97.75961804389954,106.69088363647461,91.85647964477539,0,0,0,512
laion-clip-512-normalized_PCA_0.8,ivf_faiss,47.60661979076608,51.33414268493652,44.44408416748047,0.4295299999999995,100,1000,1,47.63515305519104,55.001020431518555,44.44408416748047,0,0,0,256
laion-clip-512-normalized_PCA_0.8,ivf_faiss,29.984950777237792,32.55653381347656,27.843952178955078,0.31999999999999995,100,1000,1,30.03028416633606,34.538984298706055,27.843952178955078,0,0,0,160
laion-clip-512-normalized_PCA_0.8,ivf_faiss,24.267386412009216,26.233673095703125,22.613525390625,0.27466,100,1000,1,24.328645944595337,27.689456939697266,22.613525390625,0,0,0,128
laion-clip-512-normalized_PCA_0.8,ivf_faiss,18.74661766470836,20.282268524169922,17.453432083129883,0.22183000000000014,100,1000,1,18.81236481666565,21.950721740722656,17.453432083129883,0,0,0,96
laion-clip-512-normalized_PCA_0.8,ivf_faiss,13.432568618931722,14.725208282470703,12.30168342590332,0.15953000000000014,100,1000,1,13.483980655670166,15.93637466430664,12.30168342590332,0,0,0,64
laion-clip-512-normalized_PCA_0.8,ivf_faiss,10.876460442176231,11.95979118347168,9.92131233215332,0.12867000000000006,100,1000,1,10.9107186794281,12.67242431640625,9.92131233215332,0,0,0,48
laion-clip-512-normalized_PCA_0.8,ivf_faiss,8.424067934273216,9.257316589355469,7.684469223022461,0.08739000000000012,100,1000,1,8.443424224853516,9.923696517944336,7.684469223022461,0,0,0,32
laion-clip-512-normalized_PCA_0.8,ivf_faiss,6.097429702358861,6.6661834716796875,5.621433258056641,0.044460000000000055,100,1000,1,6.102775573730469,6.950616836547852,5.621433258056641,0,0,0,16
laion-clip-512-normalized_PCA_0.8,ivf_faiss,4.977950729649526,5.315303802490234,4.6405792236328125,0.02399000000000001,100,1000,1,4.984263896942139,5.570888519287109,4.636049270629883,0,0,0,8
laion-clip-512-normalized_PCA_0.8,ivf_faiss,4.436630366904153,4.6482086181640625,4.230499267578125,0.013179999999999978,100,1000,1,4.4404685497283936,4.952907562255859,4.230499267578125,0,0,0,4
laion-clip-512-normalized_PCA_0.8,ivf_faiss,4.176365947821807,4.324674606323242,4.038810729980469,0.008759999999999987,100,1000,1,4.182824611663818,5.046367645263672,4.015684127807617,0,0,0,2
laion-clip-512-normalized_PCA_0.65,ivf_faiss,79.68156347390611,84.07330513000488,75.38318634033203,0.47049999999999975,100,1000,1,79.73920202255249,87.87417411804199,74.89013671875,0,0,0,512
laion-clip-512-normalized_PCA_0.65,ivf_faiss,38.73916959234355,41.71633720397949,36.39054298400879,0.3537299999999998,100,1000,1,38.764912128448486,43.10417175292969,36.39054298400879,0,0,0,256
laion-clip-512-normalized_PCA_0.65,ivf_faiss,24.344577730858777,26.316404342651367,22.600650787353516,0.26694999999999963,100,1000,1,24.39477038383484,27.725696563720703,22.600650787353516,0,0,0,160
laion-clip-512-normalized_PCA_0.65,ivf_faiss,19.734603774790862,21.381139755249023,18.192768096923828,0.22643000000000016,100,1000,1,19.776932954788208,22.382259368896484,18.192768096923828,0,0,0,128
laion-clip-512-normalized_PCA_0.65,ivf_faiss,15.249719444943057,16.60323143005371,14.046907424926758,0.18388000000000018,100,1000,1,15.28156852722168,17.92430877685547,14.046907424926758,0,0,0,96
laion-clip-512-normalized_PCA_0.65,ivf_faiss,10.875003608231692,11.872053146362305,9.998798370361328,0.13428000000000012,100,1000,1,10.914165258407593,13.018369674682617,9.998798370361328,0,0,0,64
laion-clip-512-normalized_PCA_0.65,ivf_faiss,8.787278613791432,9.580850601196289,8.046388626098633,0.10625000000000025,100,1000,1,8.807837963104248,10.558366775512695,8.046388626098633,0,0,0,48
laion-clip-512-normalized_PCA_0.65,ivf_faiss,6.7773303007468195,7.401466369628906,6.197690963745117,0.07667000000000011,100,1000,1,6.79857611656189,8.019447326660156,6.197690963745117,0,0,0,32
laion-clip-512-normalized_PCA_0.65,ivf_faiss,4.874094619828987,5.2661895751953125,4.512786865234375,0.038410000000000014,100,1000,1,4.886212587356567,5.679130554199219,4.512786865234375,0,0,0,16
laion-clip-512-normalized_PCA_0.65,ivf_faiss,4.008740943095406,4.317760467529297,3.7238597869873047,0.02189,100,1000,1,4.014952659606934,4.642724990844727,3.7238597869873047,0,0,0,8
laion-clip-512-normalized_PCA_0.65,ivf_faiss,3.6046168496531825,3.839254379272461,3.3903121948242188,0.012779999999999979,100,1000,1,3.60736083984375,4.175662994384766,3.3903121948242188,0,0,0,4
laion-clip-512-normalized_PCA_0.65,ivf_faiss,3.410480272248463,3.572225570678711,3.284454345703125,0.0075999999999999904,100,1000,1,3.413921356201172,3.655672073364258,3.284454345703125,0,0,0,2
laion-clip-512-normalized_PCA_0.5,ivf_faiss,63.00513173492862,67.11125373840332,58.992862701416016,0.2865100000000003,100,1000,1,63.04823565483093,82.83424377441406,58.992862701416016,0,0,0,512
laion-clip-512-normalized_PCA_0.5,ivf_faiss,31.068143767772725,33.7216854095459,28.66840362548828,0.22259000000000026,100,1000,1,31.08985710144043,34.534454345703125,28.66840362548828,0,0,0,256
laion-clip-512-normalized_PCA_0.5,ivf_faiss,19.73453705685998,21.518945693969727,18.33486557006836,0.17172999999999997,100,1000,1,19.766581773757935,22.507667541503906,18.33486557006836,0,0,0,160
laion-clip-512-normalized_PCA_0.5,ivf_faiss,16.024743294229314,17.475128173828125,14.898538589477539,0.14869000000000002,100,1000,1,16.060287952423096,18.502235412597656,14.898538589477539,0,0,0,128
laion-clip-512-normalized_PCA_0.5,ivf_faiss,12.352003046303741,13.401269912719727,11.513233184814453,0.12498000000000002,100,1000,1,12.391955137252808,14.15395736694336,11.320114135742188,0,0,0,96
laion-clip-512-normalized_PCA_0.5,ivf_faiss,8.888281064155775,9.708642959594727,8.214712142944336,0.09288000000000016,100,1000,1,8.914419651031494,10.445594787597656,8.214712142944336,0,0,0,64
laion-clip-512-normalized_PCA_0.5,ivf_faiss,7.227017159824253,7.859230041503906,6.596088409423828,0.07435000000000014,100,1000,1,7.248798608779907,8.388042449951172,6.596088409423828,0,0,0,48
laion-clip-512-normalized_PCA_0.5,ivf_faiss,5.597855328532403,6.029367446899414,5.180597305297852,0.052219999999999996,100,1000,1,5.612647294998169,6.4678192138671875,5.142450332641602,0,0,0,32
laion-clip-512-normalized_PCA_0.5,ivf_faiss,3.973155026538136,4.245519638061523,3.7064552307128906,0.030450000000000043,100,1000,1,3.9796109199523926,4.428863525390625,3.6983489990234375,0,0,0,16
laion-clip-512-normalized_PCA_0.5,ivf_faiss,3.2322048535806878,3.426074981689453,3.0426979064941406,0.01658999999999997,100,1000,1,3.235719919204712,3.6051273345947266,3.0426979064941406,0,0,0,8
laion-clip-512-normalized_PCA_0.5,ivf_faiss,2.864694643648683,3.0031204223632812,2.7313232421875,0.010219999999999974,100,1000,1,2.867048740386963,3.198385238647461,2.7313232421875,0,0,0,4
laion-clip-512-normalized_PCA_0.5,ivf_faiss,2.692249885582899,2.788543701171875,2.6044845581054688,0.005049999999999992,100,1000,1,2.693782329559326,3.292083740234375,2.5954246520996094,0,0,0,2
laion-clip-512-normalized_PCA_0.3,ivf_faiss,41.43003594622723,44.10839080810547,38.72847557067871,0.028690000000000077,100,1000,1,41.46676588058472,58.7770938873291,38.625240325927734,0,0,0,512
laion-clip-512-normalized_PCA_0.3,ivf_faiss,20.39710656706109,22.083759307861328,18.971681594848633,0.026630000000000046,100,1000,1,20.405782222747803,22.808074951171875,18.971681594848633,0,0,0,256
laion-clip-512-normalized_PCA_0.3,ivf_faiss,13.065757780422565,14.296770095825195,12.047529220581055,0.024910000000000005,100,1000,1,13.083981037139893,15.360832214355469,12.047529220581055,0,0,0,160
laion-clip-512-normalized_PCA_0.3,ivf_faiss,10.649424445009377,11.580228805541992,9.811878204345703,0.023599999999999996,100,1000,1,10.6699538230896,11.838197708129883,9.811878204345703,0,0,0,128
laion-clip-512-normalized_PCA_0.3,ivf_faiss,8.322690714277273,9.006977081298828,7.67970085144043,0.02163999999999999,100,1000,1,8.346662044525146,9.608268737792969,7.67970085144043,0,0,0,96
laion-clip-512-normalized_PCA_0.3,ivf_faiss,6.04824980630904,6.530046463012695,5.654096603393555,0.01920999999999997,100,1000,1,6.063144683837891,6.819248199462891,5.509376525878906,0,0,0,64
laion-clip-512-normalized_PCA_0.3,ivf_faiss,4.914664244040464,5.262136459350586,4.586458206176758,0.01754999999999995,100,1000,1,4.923590183258057,5.469083786010742,4.5566558837890625,0,0,0,48
laion-clip-512-normalized_PCA_0.3,ivf_faiss,3.7894541248603675,4.047870635986328,3.543376922607422,0.014469999999999938,100,1000,1,3.79280686378479,4.440546035766602,3.506183624267578,0,0,0,32
laion-clip-512-normalized_PCA_0.3,ivf_faiss,2.6707845689806544,2.839326858520508,2.5141239166259766,0.010499999999999964,100,1000,1,2.6737818717956543,3.0510425567626953,2.485513687133789,0,0,0,16
laion-clip-512-normalized_PCA_0.3,ivf_faiss,2.121175379471478,2.238035202026367,2.0029544830322266,0.0072099999999999794,100,1000,1,2.1227097511291504,2.323627471923828,1.9619464874267578,0,0,0,8
laion-clip-512-normalized_PCA_0.3,ivf_faiss,1.855851433670448,1.9435882568359375,1.768350601196289,0.004429999999999994,100,1000,1,1.8577203750610352,2.0630359649658203,1.7635822296142578,0,0,0,4
laion-clip-512-normalized_PCA_0.3,ivf_faiss,1.723379822251219,1.7867088317871094,1.6622543334960938,0.0031099999999999977,100,1000,1,1.7257702350616455,2.186298370361328,1.6484260559082031,0,0,0,2
imagenet-align-640-normalized_PCA_0.9,ivf_faiss,147.24049723245264,153.7644863128662,140.77043533325195,0.8063100000000005,100,1000,1,147.3156316280365,162.67943382263184,138.73934745788574,0,0,0,512
imagenet-align-640-normalized_PCA_0.9,ivf_faiss,74.48936517144978,78.84812355041504,70.25527954101562,0.6536399999999998,100,1000,1,74.51597714424133,80.57975769042969,69.68092918395996,0,0,0,256
imagenet-align-640-normalized_PCA_0.9,ivf_faiss,48.35489731494004,51.340579986572266,45.33743858337402,0.5289500000000004,100,1000,1,48.406031370162964,52.63781547546387,45.27163505554199,0,0,0,160
imagenet-align-640-normalized_PCA_0.9,ivf_faiss,39.90292380384054,42.57845878601074,37.58573532104492,0.46543999999999947,100,1000,1,39.9333381652832,43.70403289794922,37.19377517700195,0,0,0,128
imagenet-align-640-normalized_PCA_0.9,ivf_faiss,31.403287897255215,33.41174125671387,29.53362464904785,0.38278999999999963,100,1000,1,31.442779064178467,35.71462631225586,29.53362464904785,0,0,0,96
imagenet-align-640-normalized_PCA_0.9,ivf_faiss,22.961973530133893,24.322509765625,21.598339080810547,0.29349999999999943,100,1000,1,22.99531388282776,25.454044342041016,21.281957626342773,0,0,0,64
imagenet-align-640-normalized_PCA_0.9,ivf_faiss,18.80867936746861,20.037174224853516,17.667770385742188,0.24192999999999992,100,1000,1,18.82475781440735,20.33233642578125,17.305374145507812,0,0,0,48
imagenet-align-640-normalized_PCA_0.9,ivf_faiss,14.525769939345698,15.484809875488281,13.596773147583008,0.1705200000000002,100,1000,1,14.530994892120361,15.991926193237305,13.408422470092773,0,0,0,32
imagenet-align-640-normalized_PCA_0.9,ivf_faiss,10.411010357578105,10.84446907043457,9.98997688293457,0.06671000000000003,100,1000,1,10.417945623397827,11.467933654785156,9.879350662231445,0,0,0,16
imagenet-align-640-normalized_PCA_0.9,ivf_faiss,8.388484296528434,8.70203971862793,8.07952880859375,0.021740000000000016,100,1000,1,8.394465684890747,9.147405624389648,8.07952880859375,0,0,0,8
imagenet-align-640-normalized_PCA_0.9,ivf_faiss,7.469169636990162,7.717132568359375,7.263422012329102,0.0076699999999999945,100,1000,1,7.488942861557007,8.086919784545898,7.216453552246094,0,0,0,4
imagenet-align-640-normalized_PCA_0.9,ivf_faiss,7.109808921813965,7.128000259399414,7.091999053955078,0.0037999999999999965,100,1000,1,7.097060203552246,7.503032684326172,6.751298904418945,0,0,0,2
imagenet-align-640-normalized_PCA_0.8,ivf_faiss,133.42749719356735,139.21642303466797,127.61187553405762,0.5944499999999998,100,1000,1,133.5431673526764,152.68564224243164,125.85258483886719,0,0,0,512
imagenet-align-640-normalized_PCA_0.8,ivf_faiss,68.73456645108428,72.39437103271484,65.18959999084473,0.50939,100,1000,1,68.7689139842987,73.7161636352539,63.304901123046875,0,0,0,256
imagenet-align-640-normalized_PCA_0.8,ivf_faiss,45.246216770102194,47.78909683227539,42.76776313781738,0.42883999999999967,100,1000,1,45.253994941711426,48.97308349609375,42.113542556762695,0,0,0,160
imagenet-align-640-normalized_PCA_0.8,ivf_faiss,37.377496821574184,39.56890106201172,35.259246826171875,0.38985999999999965,100,1000,1,37.38620948791504,40.772438049316406,34.623146057128906,0,0,0,128
imagenet-align-640-normalized_PCA_0.8,ivf_faiss,29.672967976537244,31.572818756103516,27.880430221557617,0.3303399999999995,100,1000,1,29.700364589691162,32.69195556640625,27.67491340637207,0,0,0,96
imagenet-align-640-normalized_PCA_0.8,ivf_faiss,22.201450234669867,23.458480834960938,20.93648910522461,0.2535999999999999,100,1000,1,22.23058772087097,24.531126022338867,20.483732223510742,0,0,0,64
imagenet-align-640-normalized_PCA_0.8,ivf_faiss,18.332864504967592,19.39225196838379,17.21668243408203,0.20508999999999977,100,1000,1,18.337241649627686,19.852161407470703,16.69621467590332,0,0,0,48
imagenet-align-640-normalized_PCA_0.8,ivf_faiss,14.209625360605356,15.411376953125,13.077974319458008,0.1512000000000001,100,1000,1,14.211035251617432,15.619516372680664,13.077974319458008,0,0,0,32
imagenet-align-640-normalized_PCA_0.8,ivf_faiss,9.895642763866222,10.275840759277344,9.518146514892578,0.07088000000000005,100,1000,1,9.906371593475342,10.72549819946289,9.394645690917969,0,0,0,16
imagenet-align-640-normalized_PCA_0.8,ivf_faiss,8.047885231433376,8.406400680541992,7.728099822998047,0.021040000000000007,100,1000,1,8.051591873168945,8.93712043762207,7.65681266784668,0,0,0,8
imagenet-align-640-normalized_PCA_0.8,ivf_faiss,6.898324757336296,6.916284561157227,6.882905960083008,0.0030199999999999984,100,1000,1,6.9116785526275635,7.859230041503906,6.647348403930664,0,0,0,4
imagenet-align-640-normalized_PCA_0.8,ivf_faiss,6.240247758393435,6.251811981201172,6.231069564819336,0.00020000000000000006,100,1000,1,6.240253210067749,6.497383117675781,5.968809127807617,0,0,0,2
imagenet-align-640-normalized_PCA_0.65,ivf_faiss,111.19773014774168,115.75460433959961,106.64653778076172,0.06926000000000006,100,1000,1,111.26091051101685,126.81055068969727,105.55672645568848,0,0,0,512
imagenet-align-640-normalized_PCA_0.65,ivf_faiss,58.043177487760815,60.863494873046875,55.242061614990234,0.06772000000000007,100,1000,1,58.057852029800415,61.5847110748291,52.78897285461426,0,0,0,256
imagenet-align-640-normalized_PCA_0.65,ivf_faiss,38.62202360172464,40.96698760986328,36.327362060546875,0.06518,100,1000,1,38.63849067687988,41.83244705200195,35.69674491882324,0,0,0,160
imagenet-align-640-normalized_PCA_0.65,ivf_faiss,32.2284952638113,34.088850021362305,30.352115631103516,0.06303,100,1000,1,32.23404884338379,34.646034240722656,29.596805572509766,0,0,0,128
imagenet-align-640-normalized_PCA_0.65,ivf_faiss,25.837278317825998,27.505159378051758,24.157285690307617,0.058739999999999994,100,1000,1,25.829955101013184,27.97555923461914,23.722171783447266,0,0,0,96
imagenet-align-640-normalized_PCA_0.65,ivf_faiss,19.346592279247133,20.589828491210938,18.149614334106445,0.050130000000000015,100,1000,1,19.356694221496582,20.99752426147461,18.006563186645508,0,0,0,64
imagenet-align-640-normalized_PCA_0.65,ivf_faiss,16.05189415404034,16.992807388305664,15.12455940246582,0.04294000000000001,100,1000,1,16.051866054534912,17.78101921081543,14.847517013549805,0,0,0,48
imagenet-align-640-normalized_PCA_0.65,ivf_faiss,12.557501690623953,13.247489929199219,11.87276840209961,0.032450000000000055,100,1000,1,12.557425737380981,13.707876205444336,11.436223983764648,0,0,0,32
imagenet-align-640-normalized_PCA_0.65,ivf_faiss,8.996252606554728,9.525537490844727,8.420228958129883,0.02324000000000004,100,1000,1,8.990700960159302,9.853601455688477,8.145332336425781,0,0,0,16
imagenet-align-640-normalized_PCA_0.65,ivf_faiss,6.994999270828617,7.2307586669921875,6.769418716430664,0.012129999999999985,100,1000,1,6.995893716812134,7.509469985961914,6.579399108886719,0,0,0,8
imagenet-align-640-normalized_PCA_0.65,ivf_faiss,5.981187127385681,6.169557571411133,5.882501602172852,0.0038899999999999963,100,1000,1,5.988018989562988,6.931066513061523,5.882501602172852,0,0,0,4
imagenet-align-640-normalized_PCA_0.65,ivf_faiss,5.381772487327971,5.45191764831543,5.320549011230469,0.0010000000000000002,100,1000,1,5.38577127456665,5.558967590332031,5.128383636474609,0,0,0,2
imagenet-align-640-normalized_PCA_0.5,ivf_faiss,90.75853101104923,94.38657760620117,87.15271949768066,0.008889999999999947,100,1000,1,90.78180456161499,107.58614540100098,84.51128005981445,0,0,0,512
imagenet-align-640-normalized_PCA_0.5,ivf_faiss,47.92734096538766,50.04477500915527,45.81427574157715,0.008649999999999955,100,1000,1,47.929014444351196,51.91636085510254,44.6469783782959,0,0,0,256
imagenet-align-640-normalized_PCA_0.5,ivf_faiss,31.970020470759877,33.570051193237305,30.27486801147461,0.00831999999999996,100,1000,1,31.955896854400635,34.71875190734863,28.982877731323242,0,0,0,160
imagenet-align-640-normalized_PCA_0.5,ivf_faiss,26.452842357818636,27.88066864013672,24.989843368530273,0.008129999999999965,100,1000,1,26.44462299346924,29.401779174804688,24.258136749267578,0,0,0,128
imagenet-align-640-normalized_PCA_0.5,ivf_faiss,20.913323049012778,22.129058837890625,19.70052719116211,0.007889999999999966,100,1000,1,20.905768156051636,22.774934768676758,18.771886825561523,0,0,0,96
imagenet-align-640-normalized_PCA_0.5,ivf_faiss,15.27658375826749,16.123533248901367,14.40572738647461,0.007489999999999972,100,1000,1,15.281929016113281,16.844511032104492,14.265060424804688,0,0,0,64
imagenet-align-640-normalized_PCA_0.5,ivf_faiss,12.496247111350694,13.162851333618164,11.851072311401367,0.006879999999999976,100,1000,1,12.505022525787354,14.112234115600586,11.671781539916992,0,0,0,48
imagenet-align-640-normalized_PCA_0.5,ivf_faiss,9.774041883533052,10.263442993164062,9.289026260375977,0.006099999999999983,100,1000,1,9.774118900299072,10.814189910888672,9.053707122802734,0,0,0,32
imagenet-align-640-normalized_PCA_0.5,ivf_faiss,7.105965552143491,7.573127746582031,6.635189056396484,0.005069999999999987,100,1000,1,7.106666803359985,7.775068283081055,6.626129150390625,0,0,0,16
imagenet-align-640-normalized_PCA_0.5,ivf_faiss,5.670232055461512,5.805492401123047,5.553960800170898,0.002989999999999996,100,1000,1,5.671672582626343,6.488800048828125,5.292177200317383,0,0,0,8
imagenet-align-640-normalized_PCA_0.5,ivf_faiss,4.783840740428252,4.805088043212891,4.766702651977539,0.0009800000000000002,100,1000,1,4.791400194168091,5.476951599121094,4.494667053222656,0,0,0,4
imagenet-align-640-normalized_PCA_0.5,ivf_faiss,4.208463451221187,4.313230514526367,4.099845886230469,0.00047000000000000015,100,1000,1,4.200510025024414,4.970550537109375,4.03285026550293,0,0,0,2
imagenet-align-640-normalized_PCA_0.3,ivf_faiss,60.34542937747768,62.421560287475586,58.287858963012695,0.0023899999999999976,100,1000,1,60.3746063709259,78.88436317443848,57.521820068359375,0,0,0,512
imagenet-align-640-normalized_PCA_0.3,ivf_faiss,32.735964064656,34.38997268676758,31.064510345458984,0.002339999999999998,100,1000,1,32.73866248130798,34.928321838378906,30.150890350341797,0,0,0,256
imagenet-align-640-normalized_PCA_0.3,ivf_faiss,21.64810329976708,22.931575775146484,20.288705825805664,0.002289999999999999,100,1000,1,21.645549058914185,23.25892448425293,20.115375518798828,0,0,0,160
imagenet-align-640-normalized_PCA_0.3,ivf_faiss,17.817067274493745,18.8448429107666,16.75891876220703,0.0022399999999999994,100,1000,1,17.819823265075684,19.31309700012207,16.395092010498047,0,0,0,128
imagenet-align-640-normalized_PCA_0.3,ivf_faiss,14.137615275576833,14.966487884521484,13.32545280456543,0.0021000000000000007,100,1000,1,14.13317584991455,15.305042266845703,12.786626815795898,0,0,0,96
imagenet-align-640-normalized_PCA_0.3,ivf_faiss,10.397559819380282,11.19375228881836,9.562253952026367,0.0019500000000000012,100,1000,1,10.4008309841156,11.70659065246582,9.512662887573242,0,0,0,64
imagenet-align-640-normalized_PCA_0.3,ivf_faiss,8.418874654597891,9.127140045166016,7.75599479675293,0.0018500000000000012,100,1000,1,8.418929815292358,9.225606918334961,7.667303085327148,0,0,0,48
imagenet-align-640-normalized_PCA_0.3,ivf_faiss,6.604119249941239,7.014751434326172,6.195545196533203,0.0016000000000000007,100,1000,1,6.602526426315308,7.704973220825195,6.094455718994141,0,0,0,32
imagenet-align-640-normalized_PCA_0.3,ivf_faiss,4.747764041046832,4.956960678100586,4.526853561401367,0.0012600000000000005,100,1000,1,4.743110656738281,5.146026611328125,4.346132278442383,0,0,0,16
imagenet-align-640-normalized_PCA_0.3,ivf_faiss,3.6206147927777033,3.6933422088623047,3.543376922607422,0.0008800000000000004,100,1000,1,3.614940881729126,4.057884216308594,3.4017562866210938,0,0,0,8
imagenet-align-640-normalized_PCA_0.3,ivf_faiss,3.019820257674816,3.0755996704101562,2.9649734497070312,0.0005400000000000001,100,1000,1,3.024980068206787,3.3125877380371094,2.8221607208251953,0,0,0,4
imagenet-align-640-normalized_PCA_0.3,ivf_faiss,2.6320957239701657,2.701282501220703,2.5701522827148438,0.0002600000000000001,100,1000,1,2.6359736919403076,3.4503936767578125,2.473115921020508,0,0,0,2
codesearchnet-jina-768-cosine_PCA_0.9,ivf_faiss,253.5036007563273,276.6406536102295,230.34334182739258,0.9825500000000048,100,1000,1,253.56843423843384,287.40739822387695,229.26878929138184,0,0,0,512
codesearchnet-jina-768-cosine_PCA_0.9,ivf_faiss,131.10848059577327,145.69640159606934,116.0275936126709,0.9674400000000066,100,1000,1,131.14396333694458,149.64842796325684,114.21823501586914,0,0,0,256
codesearchnet-jina-768-cosine_PCA_0.9,ivf_faiss,85.30769386444705,97.20373153686523,73.36163520812988,0.9527900000000042,100,1000,1,85.3371934890747,102.48208045959473,72.48330116271973,0,0,0,160
codesearchnet-jina-768-cosine_PCA_0.9,ivf_faiss,69.9463426827427,80.3842544555664,59.37814712524414,0.9442600000000043,100,1000,1,69.9493727684021,82.58581161499023,59.19623374938965,0,0,0,128
codesearchnet-jina-768-cosine_PCA_0.9,ivf_faiss,54.645735013412995,63.30537796020508,46.42462730407715,0.931660000000004,100,1000,1,54.68571662902832,66.33257865905762,43.34616661071777,0,0,0,96
codesearchnet-jina-768-cosine_PCA_0.9,ivf_faiss,39.32187396353945,45.94850540161133,32.601356506347656,0.9105300000000021,100,1000,1,39.34838104248047,48.079490661621094,32.42635726928711,0,0,0,64
codesearchnet-jina-768-cosine_PCA_0.9,ivf_faiss,31.591298962697973,37.12654113769531,26.25441551208496,0.8939800000000024,100,1000,1,31.609630346298218,38.066864013671875,25.443315505981445,0,0,0,48
codesearchnet-jina-768-cosine_PCA_0.9,ivf_faiss,23.885024664500648,27.996301651000977,19.763469696044922,0.8675500000000009,100,1000,1,23.899491786956787,30.17139434814453,18.509387969970703,0,0,0,32
codesearchnet-jina-768-cosine_PCA_0.9,ivf_faiss,15.91382976489554,18.739938735961914,13.120651245117188,0.8110800000000021,100,1000,1,15.949136972427368,20.01333236694336,13.120651245117188,0,0,0,16
codesearchnet-jina-768-cosine_PCA_0.9,ivf_faiss,11.983687968800965,13.997554779052734,10.004281997680664,0.7386400000000013,100,1000,1,11.997582197189331,14.760017395019531,10.004281997680664,0,0,0,8
codesearchnet-jina-768-cosine_PCA_0.9,ivf_faiss,9.827989177106003,11.122703552246094,8.586406707763672,0.6440400000000001,100,1000,1,9.846726894378662,11.910676956176758,8.586406707763672,0,0,0,4
codesearchnet-jina-768-cosine_PCA_0.9,ivf_faiss,8.751980884497618,9.640216827392578,7.936000823974609,0.5259900000000003,100,1000,1,8.776055812835693,11.408805847167969,7.936000823974609,0,0,0,2
codesearchnet-jina-768-cosine_PCA_0.8,ivf_faiss,225.74921273129806,246.20723724365234,205.08146286010742,0.9809600000000062,100,1000,1,225.8549497127533,251.68132781982422,204.22983169555664,0,0,0,512
codesearchnet-jina-768-cosine_PCA_0.8,ivf_faiss,116.83222294333959,130.0218105316162,103.67345809936523,0.9662200000000069,100,1000,1,116.90469574928284,132.69352912902832,102.48827934265137,0,0,0,256
codesearchnet-jina-768-cosine_PCA_0.8,ivf_faiss,75.84176226805104,86.05599403381348,65.59252738952637,0.9517000000000057,100,1000,1,75.87926411628723,89.8432731628418,64.74995613098145,0,0,0,160
codesearchnet-jina-768-cosine_PCA_0.8,ivf_faiss,62.545861191486,72.01814651489258,53.29751968383789,0.9435400000000049,100,1000,1,62.596524238586426,73.21548461914062,53.29751968383789,0,0,0,128
codesearchnet-jina-768-cosine_PCA_0.8,ivf_faiss,48.73850890636924,56.252479553222656,41.30864143371582,0.9312000000000041,100,1000,1,48.78641366958618,60.6837272644043,39.93368148803711,0,0,0,96
codesearchnet-jina-768-cosine_PCA_0.8,ivf_faiss,35.08632499687149,40.754079818725586,29.05416488647461,0.9105000000000035,100,1000,1,35.10625147819519,45.330047607421875,28.32937240600586,0,0,0,64
codesearchnet-jina-768-cosine_PCA_0.8,ivf_faiss,28.238926184551058,33.20503234863281,23.403167724609375,0.8932700000000026,100,1000,1,28.25816822052002,34.72781181335449,22.332429885864258,0,0,0,48
codesearchnet-jina-768-cosine_PCA_0.8,ivf_faiss,21.371713106780945,25.101900100708008,17.589330673217773,0.8662900000000016,100,1000,1,21.380393505096436,26.198148727416992,16.819000244140625,0,0,0,32
codesearchnet-jina-768-cosine_PCA_0.8,ivf_faiss,14.28496007601741,16.937971115112305,11.745452880859375,0.8109100000000021,100,1000,1,14.3154296875,19.51122283935547,11.745452880859375,0,0,0,16
codesearchnet-jina-768-cosine_PCA_0.8,ivf_faiss,10.606566258908286,12.223243713378906,9.12928581237793,0.738610000000002,100,1000,1,10.629621267318726,12.776851654052734,8.945703506469727,0,0,0,8
codesearchnet-jina-768-cosine_PCA_0.8,ivf_faiss,8.784581243208374,9.974241256713867,7.645368576049805,0.6430199999999998,100,1000,1,8.803666591644287,11.32512092590332,7.645368576049805,0,0,0,4
codesearchnet-jina-768-cosine_PCA_0.8,ivf_faiss,7.797054401258143,8.664369583129883,7.056474685668945,0.5266599999999999,100,1000,1,7.818034887313843,10.495424270629883,7.056474685668945,0,0,0,2
codesearchnet-jina-768-cosine_PCA_0.65,ivf_faiss,183.32369754491918,200.12903213500977,166.95594787597656,0.9759100000000092,100,1000,1,183.44515347480774,208.98771286010742,166.95594787597656,0,0,0,512
codesearchnet-jina-768-cosine_PCA_0.65,ivf_faiss,94.92968067978367,105.96847534179688,84.18893814086914,0.9626900000000083,100,1000,1,94.98188400268555,109.06076431274414,80.84702491760254,0,0,0,256
codesearchnet-jina-768-cosine_PCA_0.65,ivf_faiss,62.6304949158268,71.11215591430664,54.38947677612305,0.9494100000000066,100,1000,1,62.677600383758545,73.36878776550293,51.36585235595703,0,0,0,160
codesearchnet-jina-768-cosine_PCA_0.65,ivf_faiss,50.837202244494335,58.637380599975586,43.184757232666016,0.9413200000000063,100,1000,1,50.855507135391235,59.9212646484375,42.63162612915039,0,0,0,128
codesearchnet-jina-768-cosine_PCA_0.65,ivf_faiss,39.60694653920859,45.928955078125,33.14852714538574,0.9289400000000047,100,1000,1,39.6233172416687,48.07853698730469,32.99856185913086,0,0,0,96
codesearchnet-jina-768-cosine_PCA_0.65,ivf_faiss,28.645244642522492,33.50329399108887,23.83279800415039,0.9085400000000028,100,1000,1,28.64728879928589,35.72678565979004,23.22840690612793,0,0,0,64
codesearchnet-jina-768-cosine_PCA_0.65,ivf_faiss,22.921426505542065,26.86023712158203,18.9666748046875,0.8921700000000024,100,1000,1,22.919225454330444,27.82416343688965,18.583059310913086,0,0,0,48
codesearchnet-jina-768-cosine_PCA_0.65,ivf_faiss,17.301184653275442,20.23601531982422,14.285802841186523,0.8662200000000027,100,1000,1,17.30410075187683,20.641565322875977,13.939857482910156,0,0,0,32
codesearchnet-jina-768-cosine_PCA_0.65,ivf_faiss,11.673881928366116,13.870716094970703,9.624958038330078,0.8108900000000021,100,1000,1,11.692017793655396,14.997482299804688,9.624958038330078,0,0,0,16
codesearchnet-jina-768-cosine_PCA_0.65,ivf_faiss,8.675276693986289,10.07080078125,7.287740707397461,0.738940000000001,100,1000,1,8.683652400970459,10.441064834594727,7.287740707397461,0,0,0,8
codesearchnet-jina-768-cosine_PCA_0.65,ivf_faiss,7.197660388368549,8.22901725769043,6.259679794311523,0.6444499999999999,100,1000,1,7.212019205093384,9.582281112670898,6.259679794311523,0,0,0,4
codesearchnet-jina-768-cosine_PCA_0.65,ivf_faiss,6.365183518167204,7.045984268188477,5.757331848144531,0.5246599999999997,100,1000,1,6.377039670944214,8.058786392211914,5.757331848144531,0,0,0,2
codesearchnet-jina-768-cosine_PCA_0.5,ivf_faiss,140.99827525369383,154.28400039672852,128.0055046081543,0.9639700000000113,100,1000,1,141.04103112220764,155.63082695007324,128.0055046081543,0,0,0,512
codesearchnet-jina-768-cosine_PCA_0.5,ivf_faiss,73.09032162191414,81.37297630310059,65.16551971435547,0.9524500000000091,100,1000,1,73.1293044090271,83.13345909118652,62.97659873962402,0,0,0,256
codesearchnet-jina-768-cosine_PCA_0.5,ivf_faiss,47.518099337756276,53.78127098083496,41.24617576599121,0.9410300000000071,100,1000,1,47.5478937625885,56.067705154418945,40.1761531829834,0,0,0,160
codesearchnet-jina-768-cosine_PCA_0.5,ivf_faiss,39.00687983904105,44.81387138366699,33.45656394958496,0.9340700000000062,100,1000,1,39.01455807685852,46.76628112792969,32.5772762298584,0,0,0,128
codesearchnet-jina-768-cosine_PCA_0.5,ivf_faiss,30.470323996548707,35.16817092895508,26.024818420410156,0.9229800000000045,100,1000,1,30.50898575782776,37.561893463134766,25.054931640625,0,0,0,96
codesearchnet-jina-768-cosine_PCA_0.5,ivf_faiss,21.92936576827911,25.522947311401367,18.358707427978516,0.9035100000000036,100,1000,1,21.940943479537964,27.591228485107422,18.082380294799805,0,0,0,64
codesearchnet-jina-768-cosine_PCA_0.5,ivf_faiss,17.661773426174996,20.678281784057617,14.620304107666016,0.887810000000004,100,1000,1,17.666069507598877,21.792173385620117,14.211416244506836,0,0,0,48
codesearchnet-jina-768-cosine_PCA_0.5,ivf_faiss,13.377679185848121,15.777826309204102,11.010885238647461,0.8619700000000026,100,1000,1,13.389837980270386,16.757488250732422,10.81538200378418,0,0,0,32
codesearchnet-jina-768-cosine_PCA_0.5,ivf_faiss,8.944687457999798,10.524272918701172,7.454156875610352,0.8073200000000018,100,1000,1,8.96249771118164,13.24772834777832,7.333278656005859,0,0,0,16
codesearchnet-jina-768-cosine_PCA_0.5,ivf_faiss,6.7568694929221484,7.840871810913086,5.739927291870117,0.7359700000000015,100,1000,1,6.770041227340698,8.938074111938477,5.565643310546875,0,0,0,8
codesearchnet-jina-768-cosine_PCA_0.5,ivf_faiss,5.568236927855703,6.303548812866211,4.885196685791016,0.6418899999999994,100,1000,1,5.579901218414307,6.7501068115234375,4.885196685791016,0,0,0,4
codesearchnet-jina-768-cosine_PCA_0.5,ivf_faiss,4.946922818900611,5.433559417724609,4.496574401855469,0.5229400000000004,100,1000,1,4.959505796432495,6.209373474121094,4.496574401855469,0,0,0,2
codesearchnet-jina-768-cosine_PCA_0.3,ivf_faiss,85.28875585776477,93.14084053039551,77.63457298278809,0.9215800000000013,100,1000,1,85.3207368850708,116.40691757202148,76.4625072479248,0,0,0,512
codesearchnet-jina-768-cosine_PCA_0.3,ivf_faiss,44.30501962836536,49.44133758544922,39.23296928405762,0.9135100000000007,100,1000,1,44.29832625389099,50.418853759765625,37.46628761291504,0,0,0,256
codesearchnet-jina-768-cosine_PCA_0.3,ivf_faiss,28.85842849930606,33.09178352355957,24.96480941772461,0.9056300000000013,100,1000,1,28.85942268371582,34.48057174682617,24.242401123046875,0,0,0,160
codesearchnet-jina-768-cosine_PCA_0.3,ivf_faiss,23.703758975109423,27.348041534423828,20.25580406188965,0.9003000000000011,100,1000,1,23.713129997253418,28.215408325195312,19.961833953857422,0,0,0,128
codesearchnet-jina-768-cosine_PCA_0.3,ivf_faiss,18.607920366400105,21.68440818786621,15.426397323608398,0.8924300000000011,100,1000,1,18.61200189590454,22.828102111816406,15.224456787109375,0,0,0,96
codesearchnet-jina-768-cosine_PCA_0.3,ivf_faiss,13.423345795827894,15.601873397827148,11.07025146484375,0.8778900000000006,100,1000,1,13.431792736053467,16.54219627380371,10.933399200439453,0,0,0,64
codesearchnet-jina-768-cosine_PCA_0.3,ivf_faiss,10.815217791790943,12.709379196166992,8.907556533813477,0.8649800000000015,100,1000,1,10.819977283477783,13.575077056884766,8.612394332885742,0,0,0,48
codesearchnet-jina-768-cosine_PCA_0.3,ivf_faiss,8.136000738565222,9.622812271118164,6.682157516479492,0.8435000000000009,100,1000,1,8.139890432357788,10.24317741394043,6.562471389770508,0,0,0,32
codesearchnet-jina-768-cosine_PCA_0.3,ivf_faiss,5.53074036257334,6.537675857543945,4.585981369018555,0.7946400000000003,100,1000,1,5.533077716827393,6.7920684814453125,4.441976547241211,0,0,0,16
codesearchnet-jina-768-cosine_PCA_0.3,ivf_faiss,4.140144900271767,4.768610000610352,3.519296646118164,0.7269500000000008,100,1000,1,4.144622564315796,4.947423934936523,3.393888473510742,0,0,0,8
codesearchnet-jina-768-cosine_PCA_0.3,ivf_faiss,3.4377415814221326,3.854513168334961,3.0100345611572266,0.6355000000000011,100,1000,1,3.4441494941711426,4.225254058837891,3.0100345611572266,0,0,0,4
codesearchnet-jina-768-cosine_PCA_0.3,ivf_faiss,3.077756307770054,3.3941268920898438,2.7854442596435547,0.5200300000000008,100,1000,1,3.0844485759735107,4.620552062988281,2.7854442596435547,0,0,0,2
landmark-nomic-768-normalized_PCA_0.9,ivf_faiss,187.79187615008902,209.65051651000977,166.0788059234619,0.9955100000000032,100,1000,1,187.79102516174316,212.54777908325195,163.75470161437988,0,0,0,512
landmark-nomic-768-normalized_PCA_0.9,ivf_faiss,98.20211089436134,114.97020721435547,81.89654350280762,0.9947800000000036,100,1000,1,98.29745244979858,118.66331100463867,81.89654350280762,0,0,0,256
landmark-nomic-768-normalized_PCA_0.9,ivf_faiss,64.25391356957141,76.83587074279785,51.610708236694336,0.993820000000004,100,1000,1,64.46607160568237,81.00295066833496,51.610708236694336,0,0,0,160
landmark-nomic-768-normalized_PCA_0.9,ivf_faiss,52.81047038468138,64.01634216308594,41.90564155578613,0.9930300000000043,100,1000,1,53.049755573272705,67.3518180847168,41.90564155578613,0,0,0,128
landmark-nomic-768-normalized_PCA_0.9,ivf_faiss,41.35424300936833,50.67753791809082,32.90534019470215,0.9911800000000045,100,1000,1,41.595112323760986,53.74336242675781,32.90534019470215,0,0,0,96
landmark-nomic-768-normalized_PCA_0.9,ivf_faiss,29.613863541109875,36.84735298156738,23.62203598022461,0.9867600000000049,100,1000,1,29.956247806549072,41.34392738342285,23.62203598022461,0,0,0,64
landmark-nomic-768-normalized_PCA_0.9,ivf_faiss,23.8297085174688,29.77156639099121,18.90730857849121,0.9811300000000038,100,1000,1,24.141857862472534,34.96551513671875,18.90730857849121,0,0,0,48
landmark-nomic-768-normalized_PCA_0.9,ivf_faiss,17.86081229204907,22.324085235595703,14.012813568115234,0.9676600000000044,100,1000,1,18.117525100708008,25.595903396606445,14.012813568115234,0,0,0,32
landmark-nomic-768-normalized_PCA_0.9,ivf_faiss,11.969744602096416,14.847278594970703,9.597539901733398,0.9293900000000022,100,1000,1,12.107408285140991,17.143726348876953,9.597539901733398,0,0,0,16
landmark-nomic-768-normalized_PCA_0.9,ivf_faiss,8.902819869444542,10.550737380981445,7.384300231933594,0.8525000000000029,100,1000,1,8.966347932815552,11.725902557373047,7.384300231933594,0,0,0,8
landmark-nomic-768-normalized_PCA_0.9,ivf_faiss,7.345310209219348,8.423089981079102,6.429195404052734,0.733470000000001,100,1000,1,7.384368658065796,9.818553924560547,6.429195404052734,0,0,0,4
landmark-nomic-768-normalized_PCA_0.9,ivf_faiss,6.508751003739768,7.148027420043945,6.004095077514648,0.5725699999999999,100,1000,1,6.533621788024902,8.757591247558594,6.004095077514648,0,0,0,2
landmark-nomic-768-normalized_PCA_0.8,ivf_faiss,167.2407395854025,187.07013130187988,148.3457088470459,0.9909700000000063,100,1000,1,167.23970580101013,187.7579689025879,145.6897258758545,0,0,0,512
landmark-nomic-768-normalized_PCA_0.8,ivf_faiss,87.44115459714891,102.22125053405762,72.98588752746582,0.9904800000000064,100,1000,1,87.55807089805603,107.06686973571777,72.98588752746582,0,0,0,256
landmark-nomic-768-normalized_PCA_0.8,ivf_faiss,57.34472347028328,68.98331642150879,46.49543762207031,0.9895700000000067,100,1000,1,57.484763383865356,75.14023780822754,46.49543762207031,0,0,0,160
landmark-nomic-768-normalized_PCA_0.8,ivf_faiss,47.696279463855056,57.80673027038574,37.841796875,0.9888600000000068,100,1000,1,47.85638904571533,61.07521057128906,37.841796875,0,0,0,128
landmark-nomic-768-normalized_PCA_0.8,ivf_faiss,37.26706914375165,45.94016075134277,29.390811920166016,0.9871900000000071,100,1000,1,37.48305940628052,49.45778846740723,29.390811920166016,0,0,0,96
landmark-nomic-768-normalized_PCA_0.8,ivf_faiss,26.58252575965393,32.659053802490234,21.138429641723633,0.9833400000000072,100,1000,1,26.934627056121826,38.40136528015137,21.138429641723633,0,0,0,64
landmark-nomic-768-normalized_PCA_0.8,ivf_faiss,21.201630702729766,26.452302932739258,16.663789749145508,0.9781000000000062,100,1000,1,21.47131848335266,30.037879943847656,16.663789749145508,0,0,0,48
landmark-nomic-768-normalized_PCA_0.8,ivf_faiss,15.91521619878468,19.98162269592285,12.399435043334961,0.9655000000000064,100,1000,1,16.130687952041626,22.758960723876953,12.399435043334961,0,0,0,32
landmark-nomic-768-normalized_PCA_0.8,ivf_faiss,10.61300249807264,12.99428939819336,8.532524108886719,0.9281300000000042,100,1000,1,10.745668649673462,15.327930450439453,8.532524108886719,0,0,0,16
landmark-nomic-768-normalized_PCA_0.8,ivf_faiss,7.950212484524574,9.445428848266602,6.551504135131836,0.8510100000000039,100,1000,1,8.00306510925293,10.618448257446289,6.551504135131836,0,0,0,8
landmark-nomic-768-normalized_PCA_0.8,ivf_faiss,6.529647787821662,7.458686828613281,5.789995193481445,0.7326500000000015,100,1000,1,6.564519166946411,8.435487747192383,5.789995193481445,0,0,0,4
landmark-nomic-768-normalized_PCA_0.8,ivf_faiss,5.8184386522341995,6.403684616088867,5.336284637451172,0.5734900000000004,100,1000,1,5.840116262435913,7.364511489868164,5.336284637451172,0,0,0,2
landmark-nomic-768-normalized_PCA_0.65,ivf_faiss,135.27711631063232,152.1010398864746,119.110107421875,0.9807700000000106,100,1000,1,135.2994203567505,157.3050022125244,117.3555850982666,0,0,0,512
landmark-nomic-768-normalized_PCA_0.65,ivf_faiss,70.73091667506003,82.76057243347168,59.267520904541016,0.9804000000000106,100,1000,1,70.83727407455444,86.1351490020752,59.267520904541016,0,0,0,256
landmark-nomic-768-normalized_PCA_0.65,ivf_faiss,46.3512507220069,55.91893196105957,37.73856163024902,0.9796600000000109,100,1000,1,46.502485275268555,59.3111515045166,37.73856163024902,0,0,0,160
landmark-nomic-768-normalized_PCA_0.65,ivf_faiss,38.140082286551426,46.3862419128418,30.359983444213867,0.9790800000000107,100,1000,1,38.29693627357483,49.49545860290527,30.359983444213867,0,0,0,128
landmark-nomic-768-normalized_PCA_0.65,ivf_faiss,29.826712486071465,36.577701568603516,23.88310432434082,0.9777200000000104,100,1000,1,30.02401876449585,39.14928436279297,23.88310432434082,0,0,0,96
landmark-nomic-768-normalized_PCA_0.65,ivf_faiss,21.42483914891879,26.631832122802734,16.924142837524414,0.9741600000000097,100,1000,1,21.672749996185303,30.236244201660156,16.924142837524414,0,0,0,64
landmark-nomic-768-normalized_PCA_0.65,ivf_faiss,17.191251118977863,21.50130271911621,13.522863388061523,0.9693900000000091,100,1000,1,17.419515132904053,24.378061294555664,13.522863388061523,0,0,0,48
landmark-nomic-768-normalized_PCA_0.65,ivf_faiss,12.906637672112096,16.093969345092773,10.017633438110352,0.9584400000000087,100,1000,1,13.094949722290039,18.18370819091797,10.017633438110352,0,0,0,32
landmark-nomic-768-normalized_PCA_0.65,ivf_faiss,8.687100723060187,10.64920425415039,6.975889205932617,0.9233200000000057,100,1000,1,8.788268566131592,13.624191284179688,6.975889205932617,0,0,0,16
landmark-nomic-768-normalized_PCA_0.65,ivf_faiss,6.441838985391832,7.628679275512695,5.41996955871582,0.8484300000000041,100,1000,1,6.490159749984741,8.67152214050293,5.41996955871582,0,0,0,8
landmark-nomic-768-normalized_PCA_0.65,ivf_faiss,5.348894799325669,6.073951721191406,4.752159118652344,0.7296600000000011,100,1000,1,5.383437156677246,6.592273712158203,4.752159118652344,0,0,0,4
landmark-nomic-768-normalized_PCA_0.65,ivf_faiss,4.778466419297821,5.27644157409668,4.404544830322266,0.5714200000000008,100,1000,1,4.791722059249878,5.778312683105469,4.404544830322266,0,0,0,2
landmark-nomic-768-normalized_PCA_0.5,ivf_faiss,104.11186332817192,116.45746231079102,91.52078628540039,0.9623000000000114,100,1000,1,104.1398355960846,132.08413124084473,91.52078628540039,0,0,0,512
landmark-nomic-768-normalized_PCA_0.5,ivf_faiss,54.4864476802115,63.835859298706055,45.9904670715332,0.9618700000000109,100,1000,1,54.50674772262573,64.72420692443848,45.9904670715332,0,0,0,256
landmark-nomic-768-normalized_PCA_0.5,ivf_faiss,35.66035731085415,42.818546295166016,29.007673263549805,0.9613600000000107,100,1000,1,35.76747131347656,44.326066970825195,29.007673263549805,0,0,0,160
landmark-nomic-768-normalized_PCA_0.5,ivf_faiss,29.29458822731587,35.66789627075195,24.070262908935547,0.9609400000000105,100,1000,1,29.444003582000732,38.22588920593262,24.070262908935547,0,0,0,128
landmark-nomic-768-normalized_PCA_0.5,ivf_faiss,22.971704894421148,28.080224990844727,18.278837203979492,0.9598800000000103,100,1000,1,23.15342903137207,29.99281883239746,18.278837203979492,0,0,0,96
landmark-nomic-768-normalized_PCA_0.5,ivf_faiss,16.509647279697525,20.34163475036621,13.426542282104492,0.957090000000009,100,1000,1,16.710609912872314,23.288488388061523,13.426542282104492,0,0,0,64
landmark-nomic-768-normalized_PCA_0.5,ivf_faiss,13.243950120368188,16.431093215942383,10.388851165771484,0.9532700000000085,100,1000,1,13.403652906417847,18.933534622192383,10.388851165771484,0,0,0,48
landmark-nomic-768-normalized_PCA_0.5,ivf_faiss,10.038552850829564,12.385845184326172,7.817745208740234,0.9441600000000074,100,1000,1,10.188131093978882,14.201641082763672,7.817745208740234,0,0,0,32
landmark-nomic-768-normalized_PCA_0.5,ivf_faiss,6.703827116224501,8.248090744018555,5.437374114990234,0.9125100000000052,100,1000,1,6.77428126335144,9.484052658081055,5.437374114990234,0,0,0,16
landmark-nomic-768-normalized_PCA_0.5,ivf_faiss,5.039395492914031,5.944490432739258,4.187107086181641,0.8432900000000023,100,1000,1,5.069329261779785,6.660699844360352,4.187107086181641,0,0,0,8
landmark-nomic-768-normalized_PCA_0.5,ivf_faiss,4.150127728127356,4.720211029052734,3.6783218383789062,0.7286900000000011,100,1000,1,4.168166875839233,5.052089691162109,3.6783218383789062,0,0,0,4
landmark-nomic-768-normalized_PCA_0.5,ivf_faiss,3.7153169010462386,4.103660583496094,3.430604934692383,0.5680299999999989,100,1000,1,3.7263875007629395,4.798173904418945,3.430604934692383,0,0,0,2
landmark-nomic-768-normalized_PCA_0.3,ivf_faiss,62.185112364545375,69.31185722351074,54.75115776062012,0.9087500000000004,100,1000,1,62.204609632492065,72.59321212768555,54.75115776062012,0,0,0,512
landmark-nomic-768-normalized_PCA_0.3,ivf_faiss,32.52627373707934,38.045644760131836,27.630090713500977,0.9085300000000003,100,1000,1,32.60794758796692,39.92319107055664,27.630090713500977,0,0,0,256
landmark-nomic-768-normalized_PCA_0.3,ivf_faiss,21.318413462097105,25.595903396606445,17.464876174926758,0.9080500000000005,100,1000,1,21.433135747909546,27.49013900756836,17.464876174926758,0,0,0,160
landmark-nomic-768-normalized_PCA_0.3,ivf_faiss,17.579777427941316,21.19278907775879,14.502286911010742,0.90758,100,1000,1,17.717010021209717,23.06199073791504,14.502286911010742,0,0,0,128
landmark-nomic-768-normalized_PCA_0.3,ivf_faiss,13.815563658009404,17.000913619995117,11.332511901855469,0.9067900000000002,100,1000,1,13.941596031188965,19.45638656616211,11.332511901855469,0,0,0,96
landmark-nomic-768-normalized_PCA_0.3,ivf_faiss,9.947902912586079,12.298107147216797,7.865190505981445,0.9048499999999997,100,1000,1,10.101073026657104,14.003753662109375,7.865190505981445,0,0,0,64
landmark-nomic-768-normalized_PCA_0.3,ivf_faiss,8.01792862273309,10.010957717895508,6.253957748413086,0.90225,100,1000,1,8.12671184539795,11.61646842956543,6.253957748413086,0,0,0,48
landmark-nomic-768-normalized_PCA_0.3,ivf_faiss,6.113788388583493,7.574796676635742,4.787206649780273,0.8958299999999998,100,1000,1,6.203884601593018,8.742809295654297,4.787206649780273,0,0,0,32
landmark-nomic-768-normalized_PCA_0.3,ivf_faiss,4.101032012446208,5.009889602661133,3.3359527587890625,0.8716100000000001,100,1000,1,4.1491594314575195,5.591869354248047,3.3359527587890625,0,0,0,16
landmark-nomic-768-normalized_PCA_0.3,ivf_faiss,3.0960481763499894,3.6416053771972656,2.5832653045654297,0.8136900000000005,100,1000,1,3.1171250343322754,4.06193733215332,2.5832653045654297,0,0,0,8
landmark-nomic-768-normalized_PCA_0.3,ivf_faiss,2.586595331618918,2.9468536376953125,2.277374267578125,0.7102100000000002,100,1000,1,2.6004953384399414,4.88734245300293,2.277374267578125,0,0,0,4
landmark-nomic-768-normalized_PCA_0.3,ivf_faiss,2.322621551560767,2.562284469604492,2.1309852600097656,0.5611200000000001,100,1000,1,2.3325154781341553,4.210472106933594,2.1309852600097656,0,0,0,2
ccnews-nomic-768-normalized_PCA_0.9,ivf_faiss,307.0294437408447,337.32056617736816,279.36482429504395,0.9954800000000028,100,1000,1,307.0294437408447,337.32056617736816,279.36482429504395,0,0,0,512
ccnews-nomic-768-normalized_PCA_0.9,ivf_faiss,156.56750202178955,179.02374267578125,137.68243789672852,0.9888000000000038,100,1000,1,156.56750202178955,179.02374267578125,137.68243789672852,0,0,0,256
ccnews-nomic-768-normalized_PCA_0.9,ivf_faiss,99.77783025564017,115.57817459106445,85.38198471069336,0.9797600000000042,100,1000,1,99.79837942123413,120.32699584960938,85.38198471069336,0,0,0,160
ccnews-nomic-768-normalized_PCA_0.9,ivf_faiss,80.74482464790344,97.51367568969727,68.32027435302734,0.9752300000000041,100,1000,1,80.74482464790344,97.51367568969727,68.32027435302734,0,0,0,128
ccnews-nomic-768-normalized_PCA_0.9,ivf_faiss,61.642016649246216,74.81718063354492,50.44078826904297,0.9669800000000047,100,1000,1,61.642016649246216,74.81718063354492,50.44078826904297,0,0,0,96
ccnews-nomic-768-normalized_PCA_0.9,ivf_faiss,43.8695636478153,54.4586181640625,34.59930419921875,0.9520800000000034,100,1000,1,43.88063049316406,54.93640899658203,34.59930419921875,0,0,0,64
ccnews-nomic-768-normalized_PCA_0.9,ivf_faiss,34.63565790140116,43.531179428100586,25.78878402709961,0.9390200000000025,100,1000,1,34.62629723548889,43.531179428100586,25.274991989135742,0,0,0,48
ccnews-nomic-768-normalized_PCA_0.9,ivf_faiss,24.159192797381586,30.68065643310547,17.576932907104492,0.9159000000000032,100,1000,1,24.255362033843994,33.49924087524414,17.576932907104492,0,0,0,32
ccnews-nomic-768-normalized_PCA_0.9,ivf_faiss,13.516004157788826,17.92001724243164,9.25755500793457,0.8621500000000023,100,1000,1,13.567089557647705,20.210981369018555,9.25755500793457,0,0,0,16
ccnews-nomic-768-normalized_PCA_0.9,ivf_faiss,8.063518891192995,10.676145553588867,5.921125411987305,0.7904800000000012,100,1000,1,8.139827489852905,12.44211196899414,5.921125411987305,0,0,0,8
ccnews-nomic-768-normalized_PCA_0.9,ivf_faiss,5.124066837530568,6.73222541809082,3.6933422088623047,0.6999500000000007,100,1000,1,5.183203220367432,8.33892822265625,3.6933422088623047,0,0,0,4
ccnews-nomic-768-normalized_PCA_0.9,ivf_faiss,3.7712955572566047,4.832267761230469,2.8696060180664062,0.5840300000000005,100,1000,1,3.80912709236145,6.2770843505859375,2.8696060180664062,0,0,0,2
ccnews-nomic-768-normalized_PCA_0.8,ivf_faiss,272.5062107777333,298.69842529296875,248.14152717590332,0.9935600000000042,100,1000,1,272.5361957550049,302.4911880493164,248.14152717590332,0,0,0,512
ccnews-nomic-768-normalized_PCA_0.8,ivf_faiss,139.0761797428131,159.62862968444824,122.76387214660645,0.9873700000000049,100,1000,1,139.0761797428131,159.62862968444824,122.76387214660645,0,0,0,256
ccnews-nomic-768-normalized_PCA_0.8,ivf_faiss,88.56971049308777,104.2637825012207,75.94943046569824,0.978760000000005,100,1000,1,88.56971049308777,104.2637825012207,75.94943046569824,0,0,0,160
ccnews-nomic-768-normalized_PCA_0.8,ivf_faiss,71.67022364275591,87.23664283752441,60.11557579040527,0.9740900000000045,100,1000,1,71.68609046936035,87.53705024719238,60.11557579040527,0,0,0,128
ccnews-nomic-768-normalized_PCA_0.8,ivf_faiss,54.775070022414994,66.88833236694336,45.815467834472656,0.9661900000000049,100,1000,1,54.7886381149292,68.3431625366211,45.815467834472656,0,0,0,96
ccnews-nomic-768-normalized_PCA_0.8,ivf_faiss,37.61401611244033,46.77844047546387,29.72269058227539,0.951340000000004,100,1000,1,37.633689165115356,47.55210876464844,29.72269058227539,0,0,0,64
ccnews-nomic-768-normalized_PCA_0.8,ivf_faiss,28.931250902212252,36.55052185058594,21.412134170532227,0.9384800000000041,100,1000,1,28.95458984375,36.75985336303711,21.412134170532227,0,0,0,48
ccnews-nomic-768-normalized_PCA_0.8,ivf_faiss,20.202105750229236,25.71272850036621,14.752626419067383,0.9153900000000039,100,1000,1,20.247755765914917,27.696847915649414,14.53089714050293,0,0,0,32
ccnews-nomic-768-normalized_PCA_0.8,ivf_faiss,11.323907817388378,14.944314956665039,7.825136184692383,0.8624200000000041,100,1000,1,11.376652479171753,16.184568405151367,7.825136184692383,0,0,0,16
ccnews-nomic-768-normalized_PCA_0.8,ivf_faiss,6.864804169496063,9.091377258300781,5.032062530517578,0.7908500000000009,100,1000,1,6.924021244049072,10.854005813598633,5.032062530517578,0,0,0,8
ccnews-nomic-768-normalized_PCA_0.8,ivf_faiss,4.541455960470783,5.950927734375,3.300905227661133,0.6993300000000003,100,1000,1,4.6022703647613525,7.711887359619141,3.300905227661133,0,0,0,4
ccnews-nomic-768-normalized_PCA_0.8,ivf_faiss,3.347730783165478,4.292964935302734,2.506732940673828,0.5853800000000009,100,1000,1,3.381152868270874,5.552530288696289,2.506732940673828,0,0,0,2
ccnews-nomic-768-normalized_PCA_0.65,ivf_faiss,221.13651609420776,241.96505546569824,200.27494430541992,0.9850700000000084,100,1000,1,221.13651609420776,241.96505546569824,200.27494430541992,0,0,0,512
ccnews-nomic-768-normalized_PCA_0.65,ivf_faiss,112.71530944663841,127.96282768249512,99.09653663635254,0.9797000000000086,100,1000,1,112.73300623893738,130.41210174560547,99.09653663635254,0,0,0,256
ccnews-nomic-768-normalized_PCA_0.65,ivf_faiss,71.81354447289391,84.68937873840332,61.55228614807129,0.9715900000000076,100,1000,1,71.82713413238525,85.4032039642334,61.55228614807129,0,0,0,160
ccnews-nomic-768-normalized_PCA_0.65,ivf_faiss,58.028587102890015,70.13750076293945,48.65884780883789,0.9674900000000073,100,1000,1,58.028587102890015,70.13750076293945,48.65884780883789,0,0,0,128
ccnews-nomic-768-normalized_PCA_0.65,ivf_faiss,44.35082960128784,54.82339859008789,37.02998161315918,0.9605000000000069,100,1000,1,44.35082960128784,54.82339859008789,37.02998161315918,0,0,0,96
ccnews-nomic-768-normalized_PCA_0.65,ivf_faiss,30.461337911077294,37.39595413208008,23.572921752929688,0.9465600000000064,100,1000,1,30.496485710144043,40.06361961364746,23.572921752929688,0,0,0,64
ccnews-nomic-768-normalized_PCA_0.65,ivf_faiss,23.4251142630784,29.291152954101562,17.449617385864258,0.9344500000000059,100,1000,1,23.481559991836548,30.424833297729492,17.449617385864258,0,0,0,48
ccnews-nomic-768-normalized_PCA_0.65,ivf_faiss,16.371828341773647,20.66779136657715,11.876344680786133,0.9114400000000052,100,1000,1,16.430569887161255,21.909713745117188,11.876344680786133,0,0,0,32
ccnews-nomic-768-normalized_PCA_0.65,ivf_faiss,9.18532743733621,12.133121490478516,6.3266754150390625,0.8587200000000035,100,1000,1,9.22233247756958,13.083934783935547,6.3266754150390625,0,0,0,16
ccnews-nomic-768-normalized_PCA_0.65,ivf_faiss,5.605549504837458,7.412195205688477,4.126310348510742,0.7881800000000027,100,1000,1,5.657955646514893,8.661985397338867,4.126310348510742,0,0,0,8
ccnews-nomic-768-normalized_PCA_0.65,ivf_faiss,3.6952244088962876,4.801034927368164,2.790689468383789,0.6960200000000009,100,1000,1,3.7429096698760986,6.069421768188477,2.790689468383789,0,0,0,4
ccnews-nomic-768-normalized_PCA_0.65,ivf_faiss,2.7623075591631174,3.5109519958496094,2.080202102661133,0.5831800000000008,100,1000,1,2.796967029571533,4.539251327514648,2.080202102661133,0,0,0,2
ccnews-nomic-768-normalized_PCA_0.5,ivf_faiss,171.3506344918374,187.23535537719727,157.67478942871094,0.9545100000000094,100,1000,1,171.37114191055298,191.85805320739746,157.67478942871094,0,0,0,512
ccnews-nomic-768-normalized_PCA_0.5,ivf_faiss,87.35910049071899,99.04098510742188,75.87075233459473,0.9506200000000097,100,1000,1,87.37527871131897,103.53732109069824,75.87075233459473,0,0,0,256
ccnews-nomic-768-normalized_PCA_0.5,ivf_faiss,56.19179725646973,65.54746627807617,48.577070236206055,0.9449500000000087,100,1000,1,56.19179725646973,65.54746627807617,48.577070236206055,0,0,0,160
ccnews-nomic-768-normalized_PCA_0.5,ivf_faiss,45.60220718383789,54.47077751159668,38.315773010253906,0.941930000000008,100,1000,1,45.60220718383789,54.47077751159668,38.315773010253906,0,0,0,128
ccnews-nomic-768-normalized_PCA_0.5,ivf_faiss,34.80763497476826,41.12863540649414,29.148101806640625,0.9368700000000079,100,1000,1,34.824026107788086,43.750762939453125,29.148101806640625,0,0,0,96
ccnews-nomic-768-normalized_PCA_0.5,ivf_faiss,23.597225035079802,28.624773025512695,18.814563751220703,0.9261900000000063,100,1000,1,23.65432858467102,30.63821792602539,18.814563751220703,0,0,0,64
ccnews-nomic-768-normalized_PCA_0.5,ivf_faiss,18.208364645640057,22.456884384155273,14.329910278320312,0.9157700000000045,100,1000,1,18.254982471466064,23.220300674438477,13.41390609741211,0,0,0,48
ccnews-nomic-768-normalized_PCA_0.5,ivf_faiss,12.6334736938948,15.828371047973633,9.869575500488281,0.8962600000000035,100,1000,1,12.735041618347168,17.236948013305664,9.224891662597656,0,0,0,32
ccnews-nomic-768-normalized_PCA_0.5,ivf_faiss,7.149291723905403,9.357213973999023,5.269527435302734,0.8467000000000041,100,1000,1,7.209569931030273,10.242938995361328,4.939794540405273,0,0,0,16
ccnews-nomic-768-normalized_PCA_0.5,ivf_faiss,4.335272569980484,5.663156509399414,3.1561851501464844,0.7833000000000023,100,1000,1,4.384096622467041,6.446123123168945,3.1561851501464844,0,0,0,8
ccnews-nomic-768-normalized_PCA_0.5,ivf_faiss,2.9241615527677585,3.844022750854492,2.142667770385742,0.6943200000000014,100,1000,1,2.9632067680358887,4.937410354614258,2.142667770385742,0,0,0,4
ccnews-nomic-768-normalized_PCA_0.5,ivf_faiss,2.14872774013803,2.702474594116211,1.613616943359375,0.5763100000000014,100,1000,1,2.1758837699890137,3.4134387969970703,1.613616943359375,0,0,0,2
ccnews-nomic-768-normalized_PCA_0.3,ivf_faiss,102.77231733402412,110.65983772277832,95.91794013977051,0.8470200000000003,100,1000,1,102.81561231613159,135.18619537353516,95.91794013977051,0,0,0,512
ccnews-nomic-768-normalized_PCA_0.3,ivf_faiss,52.39644542232051,58.706045150756836,46.477317810058594,0.8449,100,1000,1,52.4039261341095,59.87715721130371,46.477317810058594,0,0,0,256
ccnews-nomic-768-normalized_PCA_0.3,ivf_faiss,33.40786069005101,38.36870193481445,29.010772705078125,0.8420700000000004,100,1000,1,33.402567625045776,38.36870193481445,28.114795684814453,0,0,0,160
ccnews-nomic-768-normalized_PCA_0.3,ivf_faiss,27.08219120163239,31.44383430480957,23.094654083251953,0.8398300000000004,100,1000,1,27.091882467269897,32.11021423339844,23.094654083251953,0,0,0,128
ccnews-nomic-768-normalized_PCA_0.3,ivf_faiss,20.74530792236328,24.775981903076172,17.14038848876953,0.8366200000000005,100,1000,1,20.74530792236328,24.775981903076172,17.14038848876953,0,0,0,96
ccnews-nomic-768-normalized_PCA_0.3,ivf_faiss,14.210945397765194,17.057180404663086,11.346817016601562,0.8311200000000004,100,1000,1,14.220792293548584,17.8377628326416,11.258125305175781,0,0,0,64
ccnews-nomic-768-normalized_PCA_0.3,ivf_faiss,10.957764505485917,13.242244720458984,8.73112678527832,0.82569,100,1000,1,11.010734796524048,13.86713981628418,8.476734161376953,0,0,0,48
ccnews-nomic-768-normalized_PCA_0.3,ivf_faiss,7.667365186182788,9.539127349853516,5.824804306030273,0.8129200000000002,100,1000,1,7.707443475723267,10.343074798583984,5.633354187011719,0,0,0,32
ccnews-nomic-768-normalized_PCA_0.3,ivf_faiss,4.374241853222084,5.7010650634765625,3.173828125,0.7829900000000002,100,1000,1,4.403484344482422,6.273746490478516,3.173828125,0,0,0,16
ccnews-nomic-768-normalized_PCA_0.3,ivf_faiss,2.696793218189898,3.5741329193115234,1.880645751953125,0.7340600000000005,100,1000,1,2.7204158306121826,4.162073135375977,1.880645751953125,0,0,0,8
ccnews-nomic-768-normalized_PCA_0.3,ivf_faiss,1.8076385241098354,2.348661422729492,1.3244152069091797,0.6657800000000015,100,1000,1,1.8321504592895508,2.992391586303711,1.2586116790771484,0,0,0,4
ccnews-nomic-768-normalized_PCA_0.3,ivf_faiss,1.3537557319869917,1.714468002319336,1.0097026824951172,0.5649500000000006,100,1000,1,1.371002197265625,2.454996109008789,1.0097026824951172,0,0,0,2
coco-nomic-768-normalized_PCA_0.9,ivf_faiss,190.08375005702857,201.30538940429688,179.08692359924316,0.8797099999999977,100,1000,1,190.18268418312073,219.31004524230957,179.08692359924316,0,0,0,512
coco-nomic-768-normalized_PCA_0.9,ivf_faiss,89.96556294516058,97.97048568725586,82.16452598571777,0.8717099999999982,100,1000,1,90.01844763755798,100.86989402770996,82.16452598571777,0,0,0,256
coco-nomic-768-normalized_PCA_0.9,ivf_faiss,55.21418403347212,60.889244079589844,49.70240592956543,0.852969999999999,100,1000,1,55.273258447647095,62.84809112548828,49.31449890136719,0,0,0,160
coco-nomic-768-normalized_PCA_0.9,ivf_faiss,43.89522259423989,49.173593521118164,38.730621337890625,0.8331099999999987,100,1000,1,43.94408702850342,50.89521408081055,38.10596466064453,0,0,0,128
coco-nomic-768-normalized_PCA_0.9,ivf_faiss,32.815978984640104,37.129878997802734,28.531789779663086,0.7977599999999986,100,1000,1,32.81816530227661,38.782596588134766,27.55260467529297,0,0,0,96
coco-nomic-768-normalized_PCA_0.9,ivf_faiss,21.971425182523447,25.1920223236084,18.79119873046875,0.7182399999999994,100,1000,1,21.969832181930542,26.139020919799805,18.320560455322266,0,0,0,64
coco-nomic-768-normalized_PCA_0.9,ivf_faiss,16.68711021693066,19.49453353881836,13.895273208618164,0.6476999999999997,100,1000,1,16.7138409614563,20.957469940185547,13.73291015625,0,0,0,48
coco-nomic-768-normalized_PCA_0.9,ivf_faiss,11.423071585633123,13.566255569458008,9.407997131347656,0.5382099999999986,100,1000,1,11.441493272781372,14.75834846496582,9.407997131347656,0,0,0,32
coco-nomic-768-normalized_PCA_0.9,ivf_faiss,6.403405646808812,7.571935653686523,5.424261093139648,0.34248999999999974,100,1000,1,6.43823504447937,8.515596389770508,5.424261093139648,0,0,0,16
coco-nomic-768-normalized_PCA_0.9,ivf_faiss,3.927809105675213,4.540205001831055,3.3571720123291016,0.18907000000000013,100,1000,1,3.963834285736084,5.283117294311523,3.3571720123291016,0,0,0,8
coco-nomic-768-normalized_PCA_0.9,ivf_faiss,2.7253639879565554,3.1969547271728516,2.2788047790527344,0.07538000000000006,100,1000,1,2.7350616455078125,4.153013229370117,2.2788047790527344,0,0,0,4
coco-nomic-768-normalized_PCA_0.9,ivf_faiss,2.1579481032957513,2.623319625854492,1.9609928131103516,0.02321000000000003,100,1000,1,2.1601123809814453,2.789020538330078,1.9609928131103516,0,0,0,2
coco-nomic-768-normalized_PCA_0.8,ivf_faiss,168.73414564614345,178.10893058776855,159.61337089538574,0.8408399999999986,100,1000,1,168.85562086105347,204.5760154724121,159.2271327972412,0,0,0,512
coco-nomic-768-normalized_PCA_0.8,ivf_faiss,79.84492125936832,87.14985847473145,73.3804702758789,0.8338599999999986,100,1000,1,79.86961197853088,89.4629955291748,73.3804702758789,0,0,0,256
coco-nomic-768-normalized_PCA_0.8,ivf_faiss,48.84157392073494,53.8330078125,43.84350776672363,0.8156099999999991,100,1000,1,48.88379883766174,56.08510971069336,43.84350776672363,0,0,0,160
coco-nomic-768-normalized_PCA_0.8,ivf_faiss,38.76006061927341,43.526649475097656,34.17062759399414,0.7984299999999988,100,1000,1,38.80049657821655,46.52810096740723,33.65039825439453,0,0,0,128
coco-nomic-768-normalized_PCA_0.8,ivf_faiss,28.8801425133795,32.624006271362305,25.09784698486328,0.7655299999999999,100,1000,1,28.906128883361816,34.444570541381836,24.76048469543457,0,0,0,96
coco-nomic-768-normalized_PCA_0.8,ivf_faiss,19.300367125314683,22.347211837768555,16.276836395263672,0.6933300000000001,100,1000,1,19.304222106933594,22.94015884399414,16.087770462036133,0,0,0,64
coco-nomic-768-normalized_PCA_0.8,ivf_faiss,14.633866030760485,17.10653305053711,12.22848892211914,0.6266599999999999,100,1000,1,14.645555019378662,17.78244972229004,11.915922164916992,0,0,0,48
coco-nomic-768-normalized_PCA_0.8,ivf_faiss,10.07745827227771,12.004375457763672,8.265972137451172,0.5189999999999999,100,1000,1,10.086110830307007,12.520074844360352,8.118867874145508,0,0,0,32
coco-nomic-768-normalized_PCA_0.8,ivf_faiss,5.659825191265199,6.750822067260742,4.74858283996582,0.33173000000000014,100,1000,1,5.682527303695679,8.453607559204102,4.74858283996582,0,0,0,16
coco-nomic-768-normalized_PCA_0.8,ivf_faiss,3.4927649502947724,4.027605056762695,2.969026565551758,0.18147000000000016,100,1000,1,3.521156072616577,4.729032516479492,2.8259754180908203,0,0,0,8
coco-nomic-768-normalized_PCA_0.8,ivf_faiss,2.4422513977330476,2.8569698333740234,2.0897388458251953,0.0747700000000001,100,1000,1,2.450990676879883,3.1354427337646484,2.0897388458251953,0,0,0,4
coco-nomic-768-normalized_PCA_0.8,ivf_faiss,1.9444400964960877,2.2432804107666016,1.7588138580322266,0.022550000000000008,100,1000,1,1.9492528438568115,2.6772022247314453,1.7588138580322266,0,0,0,2
coco-nomic-768-normalized_PCA_0.65,ivf_faiss,137.2088274489017,144.3309783935547,130.13529777526855,0.7662399999999995,100,1000,1,137.29826712608337,149.49369430541992,130.13529777526855,0,0,0,512
coco-nomic-768-normalized_PCA_0.65,ivf_faiss,64.57627481216139,70.04714012145996,59.35239791870117,0.7605699999999996,100,1000,1,64.63491535186768,73.29726219177246,59.35239791870117,0,0,0,256
coco-nomic-768-normalized_PCA_0.65,ivf_faiss,39.328410019797666,43.508291244506836,35.35652160644531,0.7448199999999999,100,1000,1,39.36999273300171,45.90106010437012,35.35652160644531,0,0,0,160
coco-nomic-768-normalized_PCA_0.65,ivf_faiss,31.190355258645848,35.09855270385742,27.39095687866211,0.7307199999999998,100,1000,1,31.2228946685791,36.72051429748535,27.39095687866211,0,0,0,128
coco-nomic-768-normalized_PCA_0.65,ivf_faiss,23.240645806153935,26.717424392700195,19.882678985595703,0.7000699999999994,100,1000,1,23.24881339073181,27.812957763671875,19.882678985595703,0,0,0,96
coco-nomic-768-normalized_PCA_0.65,ivf_faiss,15.519050230462867,17.778873443603516,13.180971145629883,0.6360899999999992,100,1000,1,15.530154943466187,18.505096435546875,13.180971145629883,0,0,0,64
coco-nomic-768-normalized_PCA_0.65,ivf_faiss,11.823017832259056,14.031171798706055,9.780645370483398,0.5769099999999994,100,1000,1,11.838088750839233,14.461517333984375,9.780645370483398,0,0,0,48
coco-nomic-768-normalized_PCA_0.65,ivf_faiss,8.140180963110254,9.735107421875,6.594181060791016,0.48370999999999953,100,1000,1,8.147966384887695,10.35451889038086,6.594181060791016,0,0,0,32
coco-nomic-768-normalized_PCA_0.65,ivf_faiss,4.560720539976959,5.356311798095703,3.7987232208251953,0.30628999999999973,100,1000,1,4.586684465408325,5.854129791259766,3.756284713745117,0,0,0,16
coco-nomic-768-normalized_PCA_0.65,ivf_faiss,2.8244404448676357,3.3011436462402344,2.377033233642578,0.16172000000000003,100,1000,1,2.8385629653930664,3.722667694091797,2.2504329681396484,0,0,0,8
coco-nomic-768-normalized_PCA_0.65,ivf_faiss,1.9705307640686345,2.330780029296875,1.676321029663086,0.06722999999999998,100,1000,1,1.976881504058838,2.631664276123047,1.676321029663086,0,0,0,4
coco-nomic-768-normalized_PCA_0.65,ivf_faiss,1.592435712441279,1.964569091796875,1.4505386352539062,0.022880000000000036,100,1000,1,1.5940685272216797,2.3937225341796875,1.4505386352539062,0,0,0,2
coco-nomic-768-normalized_PCA_0.5,ivf_faiss,106.37229066906553,112.19072341918945,100.75640678405762,0.6514699999999997,100,1000,1,106.46801972389221,137.51506805419922,100.75640678405762,0,0,0,512
coco-nomic-768-normalized_PCA_0.5,ivf_faiss,51.217020574280824,55.5727481842041,46.994686126708984,0.6476499999999998,100,1000,1,51.23373627662659,57.43908882141113,46.994686126708984,0,0,0,256
coco-nomic-768-normalized_PCA_0.5,ivf_faiss,31.263130361383613,34.55972671508789,28.085947036743164,0.63667,100,1000,1,31.303483963012695,36.25822067260742,28.085947036743164,0,0,0,160
coco-nomic-768-normalized_PCA_0.5,ivf_faiss,24.93286012641845,27.883529663085938,22.116899490356445,0.6258900000000004,100,1000,1,24.960566997528076,29.244184494018555,22.116899490356445,0,0,0,128
coco-nomic-768-normalized_PCA_0.5,ivf_faiss,18.51402065227058,20.919322967529297,16.160249710083008,0.6025000000000001,100,1000,1,18.52284264564514,21.546602249145508,15.693426132202148,0,0,0,96
coco-nomic-768-normalized_PCA_0.5,ivf_faiss,12.194936008971984,13.956069946289062,10.462522506713867,0.5538099999999997,100,1000,1,12.208590984344482,14.367818832397461,10.462522506713867,0,0,0,64
coco-nomic-768-normalized_PCA_0.5,ivf_faiss,9.274129193238538,10.713338851928711,7.92241096496582,0.4996799999999993,100,1000,1,9.2869393825531,11.071443557739258,7.774829864501953,0,0,0,48
coco-nomic-768-normalized_PCA_0.5,ivf_faiss,6.391936624553842,7.470130920410156,5.49006462097168,0.4169199999999993,100,1000,1,6.400143146514893,8.132696151733398,5.49006462097168,0,0,0,32
coco-nomic-768-normalized_PCA_0.5,ivf_faiss,3.6111040659203306,4.205226898193359,3.1201839447021484,0.26780999999999955,100,1000,1,3.6242568492889404,4.514932632446289,3.1201839447021484,0,0,0,16
coco-nomic-768-normalized_PCA_0.5,ivf_faiss,2.2275852660338082,2.5675296783447266,1.9683837890625,0.1398700000000001,100,1000,1,2.2458317279815674,2.8793811798095703,1.9683837890625,0,0,0,8
coco-nomic-768-normalized_PCA_0.5,ivf_faiss,1.5747047122850968,1.8763542175292969,1.3506412506103516,0.05496000000000001,100,1000,1,1.5793871879577637,2.1038055419921875,1.3506412506103516,0,0,0,4
coco-nomic-768-normalized_PCA_0.5,ivf_faiss,1.2734153705512832,1.5804767608642578,1.129150390625,0.024460000000000044,100,1000,1,1.2747840881347656,2.321958541870117,1.129150390625,0,0,0,2
coco-nomic-768-normalized_PCA_0.3,ivf_faiss,64.7215876950533,68.04728507995605,61.55109405517578,0.3074499999999997,100,1000,1,64.78942584991455,85.01029014587402,61.55109405517578,0,0,0,512
coco-nomic-768-normalized_PCA_0.3,ivf_faiss,30.63075571232878,33.18047523498535,28.02252769470215,0.30721999999999994,100,1000,1,30.649075746536255,34.6066951751709,28.02252769470215,0,0,0,256
coco-nomic-768-normalized_PCA_0.3,ivf_faiss,18.783578450531067,20.835399627685547,16.91889762878418,0.30466999999999966,100,1000,1,18.797797203063965,21.48294448852539,16.91889762878418,0,0,0,160
coco-nomic-768-normalized_PCA_0.3,ivf_faiss,14.947410814747782,16.82281494140625,13.129949569702148,0.3012299999999997,100,1000,1,14.952354431152344,17.552852630615234,13.129949569702148,0,0,0,128
coco-nomic-768-normalized_PCA_0.3,ivf_faiss,11.15758887273754,12.646198272705078,9.609222412109375,0.29307000000000005,100,1000,1,11.161214351654053,13.093233108520508,9.609222412109375,0,0,0,96
coco-nomic-768-normalized_PCA_0.3,ivf_faiss,7.510991847383582,8.580923080444336,6.469249725341797,0.27302000000000015,100,1000,1,7.5144360065460205,8.748769760131836,6.469249725341797,0,0,0,64
coco-nomic-768-normalized_PCA_0.3,ivf_faiss,5.703691770190652,6.525754928588867,4.96673583984375,0.25457,100,1000,1,5.715222597122192,6.8645477294921875,4.96673583984375,0,0,0,48
coco-nomic-768-normalized_PCA_0.3,ivf_faiss,3.9298753324599125,4.54258918762207,3.4608840942382812,0.21766999999999986,100,1000,1,3.9370789527893066,5.001068115234375,3.4608840942382812,0,0,0,32
coco-nomic-768-normalized_PCA_0.3,ivf_faiss,2.214577421930429,2.5429725646972656,1.9218921661376953,0.14785999999999985,100,1000,1,2.227557420730591,2.722024917602539,1.9218921661376953,0,0,0,16
coco-nomic-768-normalized_PCA_0.3,ivf_faiss,1.3881076863244206,1.6181468963623047,1.1675357818603516,0.08218000000000004,100,1000,1,1.3932080268859863,1.74713134765625,1.1675357818603516,0,0,0,8
coco-nomic-768-normalized_PCA_0.3,ivf_faiss,0.9620875987030917,1.1398792266845703,0.8304119110107422,0.03828000000000002,100,1000,1,0.9628520011901855,1.3017654418945312,0.8304119110107422,0,0,0,4
coco-nomic-768-normalized_PCA_0.3,ivf_faiss,0.7617879726127059,0.8995532989501953,0.7045269012451172,0.01462999999999998,100,1000,1,0.7622973918914795,1.1210441589355469,0.7045269012451172,0,0,0,2
contriever-768_PCA_0.9,ivf_faiss,243.4315950724641,263.0186080932617,223.73652458190918,0.9420139999999576,100,10000,1,243.46940369606017,267.8194046020508,222.61810302734375,0,0,0,512
contriever-768_PCA_0.9,ivf_faiss,124.90031210648345,139.22119140625,110.36467552185059,0.9378129999999626,100,10000,1,124.92375409603119,142.43006706237793,109.04717445373535,0,0,0,256
contriever-768_PCA_0.9,ivf_faiss,80.490954059448,91.39657020568848,69.55242156982422,0.9326189999999669,100,10000,1,80.53886206150055,96.3289737701416,69.28753852844238,0,0,0,160
contriever-768_PCA_0.9,ivf_faiss,65.5201345850791,74.83887672424316,56.333303451538086,0.92923899999997,100,10000,1,65.62534291744232,79.57100868225098,54.7635555267334,0,0,0,128
contriever-768_PCA_0.9,ivf_faiss,52.056281077710885,61.376333236694336,42.66047477722168,0.9237669999999724,100,10000,1,52.19184412956238,65.8578872680664,42.66047477722168,0,0,0,96
contriever-768_PCA_0.9,ivf_faiss,36.014659203932176,42.13356971740723,29.936552047729492,0.9126749999999747,100,10000,1,36.19495148658753,47.23477363586426,28.023958206176758,0,0,0,64
contriever-768_PCA_0.9,ivf_faiss,28.693510155475874,33.86092185974121,23.6203670501709,0.9019119999999788,100,10000,1,28.83012762069702,37.43767738342285,22.538423538208008,0,0,0,48
contriever-768_PCA_0.9,ivf_faiss,21.422518548464954,25.43020248413086,17.363786697387695,0.8825199999999804,100,10000,1,21.48732647895813,29.743432998657227,16.206026077270508,0,0,0,32
contriever-768_PCA_0.9,ivf_faiss,14.08837748560278,16.681671142578125,11.49439811706543,0.8337859999999888,100,10000,1,14.130810594558715,18.416643142700195,10.983705520629883,0,0,0,16
contriever-768_PCA_0.9,ivf_faiss,10.360057557861712,12.037515640258789,8.687019348144531,0.7615999999999968,100,10000,1,10.390728616714478,13.797998428344727,8.347034454345703,0,0,0,8
contriever-768_PCA_0.9,ivf_faiss,8.479885633813115,9.600400924682617,7.355213165283203,0.6650359999999954,100,10000,1,8.500247716903687,11.334419250488281,7.29060173034668,0,0,0,4
contriever-768_PCA_0.9,ivf_faiss,7.506485751783617,8.265018463134766,6.77180290222168,0.5443929999999992,100,10000,1,7.523750376701355,10.270357131958008,6.61468505859375,0,0,0,2
contriever-768_PCA_0.8,ivf_faiss,214.67673426368228,231.94193840026855,197.34644889831543,0.8899959999999922,100,10000,1,214.73140089511872,240.9214973449707,194.6544647216797,0,0,0,512
contriever-768_PCA_0.8,ivf_faiss,110.23242239100047,122.80082702636719,98.53124618530273,0.8867699999999941,100,10000,1,110.2482115983963,124.42684173583984,96.79985046386719,0,0,0,256
contriever-768_PCA_0.8,ivf_faiss,71.27371899854855,81.2978744506836,61.37251853942871,0.882927999999996,100,10000,1,71.34615721702576,86.03191375732422,60.94002723693848,0,0,0,160
contriever-768_PCA_0.8,ivf_faiss,57.90888002320196,66.23649597167969,49.5150089263916,0.8803679999999952,100,10000,1,57.964831137657164,79.5283317565918,48.732757568359375,0,0,0,128
contriever-768_PCA_0.8,ivf_faiss,44.77313091814057,51.779747009277344,37.74070739746094,0.8761289999999948,100,10000,1,44.903134322166444,55.79042434692383,37.74070739746094,0,0,0,96
contriever-768_PCA_0.8,ivf_faiss,31.861145901285308,37.44101524353027,26.328086853027344,0.8679409999999923,100,10000,1,31.99645082950592,41.397809982299805,25.523662567138672,0,0,0,64
contriever-768_PCA_0.8,ivf_faiss,25.492526275495937,30.14087677001953,20.8737850189209,0.8599979999999987,100,10000,1,25.595538115501405,33.22434425354004,19.366979598999023,0,0,0,48
contriever-768_PCA_0.8,ivf_faiss,18.977438211076375,22.547245025634766,15.392303466796875,0.8449709999999985,100,10000,1,19.020362758636473,25.23064613342285,14.100790023803711,0,0,0,32
contriever-768_PCA_0.8,ivf_faiss,12.498473328138022,14.821290969848633,10.147571563720703,0.8062020000000019,100,10000,1,12.521284317970276,16.725540161132812,9.373664855957031,0,0,0,16
contriever-768_PCA_0.8,ivf_faiss,9.18840873704338,10.664224624633789,7.730722427368164,0.744540000000001,100,10000,1,9.212597632408142,12.564897537231445,7.274389266967773,0,0,0,8
contriever-768_PCA_0.8,ivf_faiss,7.531037911263583,8.4991455078125,6.585597991943359,0.656119000000001,100,10000,1,7.549121069908142,11.734247207641602,6.466388702392578,0,0,0,4
contriever-768_PCA_0.8,ivf_faiss,6.676283169102359,7.340669631958008,6.0138702392578125,0.5401849999999988,100,10000,1,6.6895832300186155,9.285211563110352,6.0138702392578125,0,0,0,2
contriever-768_PCA_0.65,ivf_faiss,170.75805676492584,185.97102165222168,155.49921989440918,0.7991870000000079,100,10000,1,170.79065744876863,193.65644454956055,154.53433990478516,0,0,0,512
contriever-768_PCA_0.65,ivf_faiss,87.72259028227599,99.34687614440918,77.38780975341797,0.7969240000000056,100,10000,1,87.73271436691284,102.2036075592041,75.70576667785645,0,0,0,256
contriever-768_PCA_0.65,ivf_faiss,56.91077004659322,65.92273712158203,48.48790168762207,0.7942130000000038,100,10000,1,56.992562079429625,71.45833969116211,48.48790168762207,0,0,0,160
contriever-768_PCA_0.65,ivf_faiss,46.14359951212339,53.36642265319824,39.260149002075195,0.7924620000000046,100,10000,1,46.24021759033203,56.31709098815918,39.260149002075195,0,0,0,128
contriever-768_PCA_0.65,ivf_faiss,35.75547767609437,41.785240173339844,30.245065689086914,0.7895030000000056,100,10000,1,35.928334307670596,45.07040977478027,30.245065689086914,0,0,0,96
contriever-768_PCA_0.65,ivf_faiss,25.4304457103274,30.056476593017578,20.882129669189453,0.7836810000000031,100,10000,1,25.58961191177368,33.58268737792969,20.294666290283203,0,0,0,64
contriever-768_PCA_0.65,ivf_faiss,20.331449101718768,24.18828010559082,16.509056091308594,0.7782440000000039,100,10000,1,20.46392912864685,28.71108055114746,15.793323516845703,0,0,0,48
contriever-768_PCA_0.65,ivf_faiss,15.215565313558482,18.1424617767334,12.29405403137207,0.7679890000000088,100,10000,1,15.29993827342987,20.43437957763672,11.779546737670898,0,0,0,32
contriever-768_PCA_0.65,ivf_faiss,10.170543707786454,12.16578483581543,8.208990097045898,0.7407880000000063,100,10000,1,10.21354365348816,14.115571975708008,7.940530776977539,0,0,0,16
contriever-768_PCA_0.65,ivf_faiss,7.879938346025448,9.17506217956543,6.592750549316406,0.6951540000000016,100,10000,1,7.910389089584351,12.244224548339844,6.452083587646484,0,0,0,8
contriever-768_PCA_0.65,ivf_faiss,6.135157342723931,6.921291351318359,5.373477935791016,0.6241829999999973,100,10000,1,6.153299379348755,8.936643600463867,5.264043807983398,0,0,0,4
contriever-768_PCA_0.65,ivf_faiss,5.456560309165175,5.980968475341797,4.95457649230957,0.5230689999999999,100,10000,1,5.468979549407959,8.316278457641602,4.95457649230957,0,0,0,2
contriever-768_PCA_0.5,ivf_faiss,128.25853635508372,141.12138748168945,115.3104305267334,0.6837410000000022,100,10000,1,128.29568359851837,155.4257869720459,113.87038230895996,0,0,0,512
contriever-768_PCA_0.5,ivf_faiss,66.9982264595047,77.392578125,56.47444725036621,0.6825330000000025,100,10000,1,67.05804104804993,80.65652847290039,56.47444725036621,0,0,0,256
contriever-768_PCA_0.5,ivf_faiss,42.76454085935919,49.690961837768555,35.970449447631836,0.6809060000000015,100,10000,1,42.79693977832794,52.21247673034668,35.970449447631836,0,0,0,160
contriever-768_PCA_0.5,ivf_faiss,35.0022428424731,41.00465774536133,29.65998649597168,0.6798900000000019,100,10000,1,35.05312886238098,43.45107078552246,29.65998649597168,0,0,0,128
contriever-768_PCA_0.5,ivf_faiss,27.225391169784384,32.25255012512207,22.510051727294922,0.6779970000000028,100,10000,1,27.341576600074767,34.73210334777832,22.510051727294922,0,0,0,96
contriever-768_PCA_0.5,ivf_faiss,19.42602562264734,23.250102996826172,15.723705291748047,0.6743700000000004,100,10000,1,19.53764612674713,27.20499038696289,15.250921249389648,0,0,0,64
contriever-768_PCA_0.5,ivf_faiss,15.568375953660254,18.758058547973633,12.380123138427734,0.6710189999999999,100,10000,1,15.658782887458802,21.477699279785156,12.095451354980469,0,0,0,48
contriever-768_PCA_0.5,ivf_faiss,11.690985677579325,14.160633087158203,9.217262268066406,0.6645450000000015,100,10000,1,11.753010749816895,16.67952537536621,9.018659591674805,0,0,0,32
contriever-768_PCA_0.5,ivf_faiss,7.739406675999364,9.250640869140625,6.281375885009766,0.6467210000000021,100,10000,1,7.780814743041992,10.584354400634766,6.087541580200195,0,0,0,16
contriever-768_PCA_0.5,ivf_faiss,5.756402152427539,6.716251373291016,4.81867790222168,0.6163170000000006,100,10000,1,5.787031841278076,8.128166198730469,4.770517349243164,0,0,0,8
contriever-768_PCA_0.5,ivf_faiss,4.752214774801206,5.365848541259766,4.146337509155273,0.5661189999999998,100,10000,1,4.770253872871399,6.688117980957031,4.060029983520508,0,0,0,4
contriever-768_PCA_0.5,ivf_faiss,4.239973014358498,4.653215408325195,3.83758544921875,0.48629700000000103,100,10000,1,4.251870727539062,6.569385528564453,3.83758544921875,0,0,0,2
contriever-768_PCA_0.3,ivf_faiss,75.56403598042078,84.13314819335938,66.96629524230957,0.5140069999999989,100,10000,1,75.59932548999787,93.06859970092773,66.44964218139648,0,0,0,512
contriever-768_PCA_0.3,ivf_faiss,39.1018275257007,45.14575004577637,33.2028865814209,0.5136989999999984,100,10000,1,39.114284825325015,46.45967483520508,32.39941596984863,0,0,0,256
contriever-768_PCA_0.3,ivf_faiss,25.424826665553866,29.826641082763672,21.186113357543945,0.5131419999999979,100,10000,1,25.44093461036682,31.620025634765625,20.657777786254883,0,0,0,160
contriever-768_PCA_0.3,ivf_faiss,21.02840336335386,24.924039840698242,17.35091209411621,0.5127329999999973,100,10000,1,21.064373016357422,27.060747146606445,16.998291015625,0,0,0,128
contriever-768_PCA_0.3,ivf_faiss,16.23234106859918,19.405126571655273,13.171672821044922,0.5120629999999972,100,10000,1,16.306907415390015,23.00739288330078,12.997150421142578,0,0,0,96
contriever-768_PCA_0.3,ivf_faiss,11.635651679238173,14.097929000854492,9.349346160888672,0.5108659999999986,100,10000,1,11.70512409210205,16.173124313354492,9.349346160888672,0,0,0,64
contriever-768_PCA_0.3,ivf_faiss,9.30917615475862,11.322259902954102,7.424116134643555,0.5095499999999985,100,10000,1,9.366626644134522,13.288021087646484,7.424116134643555,0,0,0,48
contriever-768_PCA_0.3,ivf_faiss,7.016957074672252,8.550405502319336,5.591154098510742,0.5066459999999979,100,10000,1,7.061664986610412,10.264873504638672,5.591154098510742,0,0,0,32
contriever-768_PCA_0.3,ivf_faiss,4.7021561783123635,5.66864013671875,3.832578659057617,0.49844299999999747,100,10000,1,4.728026366233825,6.6814422607421875,3.832578659057617,0,0,0,16
contriever-768_PCA_0.3,ivf_faiss,3.530682414434583,4.118919372558594,2.9604434967041016,0.48331699999999855,100,10000,1,3.549370360374451,5.191802978515625,2.935647964477539,0,0,0,8
contriever-768_PCA_0.3,ivf_faiss,2.9368354602386404,3.3111572265625,2.5625228881835938,0.45479799999999704,100,10000,1,2.948245072364807,4.7283172607421875,2.508878707885742,0,0,0,4
contriever-768_PCA_0.3,ivf_faiss,2.6261151360754047,2.874135971069336,2.391815185546875,0.40476699999999777,100,10000,1,2.6336940050125124,4.372835159301758,2.3660659790039062,0,0,0,2
instructorxl-arxiv-768_PCA_0.9,ivf_faiss,339.47531261095185,378.1924247741699,298.9847660064697,0.9966100000000018,100,1000,1,338.7819344997406,389.1310691833496,273.684024810791,0,0,0,512
instructorxl-arxiv-768_PCA_0.9,ivf_faiss,176.30116225010693,203.66621017456055,148.27847480773926,0.9875800000000038,100,1000,1,175.99706149101257,203.66621017456055,130.12170791625977,0,0,0,256
instructorxl-arxiv-768_PCA_0.9,ivf_faiss,114.63476488573262,133.04734230041504,96.34804725646973,0.9758800000000052,100,1000,1,114.24398708343506,133.04734230041504,79.63204383850098,0,0,0,160
instructorxl-arxiv-768_PCA_0.9,ivf_faiss,93.99173592748912,107.71703720092773,77.36897468566895,0.9684100000000052,100,1000,1,93.74829459190369,107.71703720092773,65.83738327026367,0,0,0,128
instructorxl-arxiv-768_PCA_0.9,ivf_faiss,73.21494981449473,84.08117294311523,61.02752685546875,0.9566200000000042,100,1000,1,72.97546410560608,87.3115062713623,49.738168716430664,0,0,0,96
instructorxl-arxiv-768_PCA_0.9,ivf_faiss,52.37016106039528,61.52915954589844,43.30301284790039,0.9336100000000045,100,1000,1,52.18576645851135,61.52915954589844,36.44895553588867,0,0,0,64
instructorxl-arxiv-768_PCA_0.9,ivf_faiss,41.88409138114292,48.87747764587402,34.38615798950195,0.9126000000000033,100,1000,1,41.76754641532898,50.10247230529785,29.18100357055664,0,0,0,48
instructorxl-arxiv-768_PCA_0.9,ivf_faiss,31.29156705443032,36.81349754333496,25.67291259765625,0.8774400000000029,100,1000,1,31.191550493240356,37.53948211669922,22.50385284423828,0,0,0,32
instructorxl-arxiv-768_PCA_0.9,ivf_faiss,20.646200971564785,24.312257766723633,17.034053802490234,0.8012700000000016,100,1000,1,20.619888305664062,24.616479873657227,15.227317810058594,0,0,0,16
instructorxl-arxiv-768_PCA_0.9,ivf_faiss,15.346131762679743,17.6546573638916,13.117313385009766,0.7019100000000007,100,1000,1,15.386888980865479,19.908428192138672,12.363672256469727,0,0,0,8
instructorxl-arxiv-768_PCA_0.9,ivf_faiss,12.510877907878221,13.91458511352539,11.04283332824707,0.5843900000000003,100,1000,1,12.524332523345947,15.765190124511719,10.703802108764648,0,0,0,4
instructorxl-arxiv-768_PCA_0.9,ivf_faiss,11.19823504716922,12.253284454345703,10.163307189941406,0.4520700000000004,100,1000,1,11.230572700500488,13.828516006469727,10.094642639160156,0,0,0,2
instructorxl-arxiv-768_PCA_0.8,ivf_faiss,306.17461358813836,343.14608573913574,266.53528213500977,0.9954300000000028,100,1000,1,305.7571053504944,351.17244720458984,246.96612358093262,0,0,0,512
instructorxl-arxiv-768_PCA_0.8,ivf_faiss,158.0554482436949,180.82666397094727,132.90119171142578,0.9867500000000045,100,1000,1,157.80742812156677,180.82666397094727,114.73250389099121,0,0,0,256
instructorxl-arxiv-768_PCA_0.8,ivf_faiss,102.98805551480521,118.36099624633789,86.23790740966797,0.9752800000000056,100,1000,1,102.71387815475464,120.83196640014648,71.2125301361084,0,0,0,160
instructorxl-arxiv-768_PCA_0.8,ivf_faiss,84.27375421504625,98.4184741973877,70.29271125793457,0.967850000000006,100,1000,1,83.99419260025024,98.98948669433594,58.40635299682617,0,0,0,128
instructorxl-arxiv-768_PCA_0.8,ivf_faiss,65.54526895435933,76.9813060760498,54.37421798706055,0.9560800000000047,100,1000,1,65.33161211013794,76.9813060760498,45.710086822509766,0,0,0,96
instructorxl-arxiv-768_PCA_0.8,ivf_faiss,46.991817108014736,55.01890182495117,38.68532180786133,0.932930000000005,100,1000,1,46.861814975738525,55.631160736083984,32.961368560791016,0,0,0,64
instructorxl-arxiv-768_PCA_0.8,ivf_faiss,37.52676928880135,43.86472702026367,30.983924865722656,0.9126500000000044,100,1000,1,37.387032985687256,43.86472702026367,25.59638023376465,0,0,0,48
instructorxl-arxiv-768_PCA_0.8,ivf_faiss,28.28509788242363,33.56742858886719,23.08964729309082,0.8770500000000027,100,1000,1,28.22009563446045,33.73575210571289,20.664691925048828,0,0,0,32
instructorxl-arxiv-768_PCA_0.8,ivf_faiss,18.774722700912136,22.16935157775879,15.432596206665039,0.8010200000000008,100,1000,1,18.75955367088318,23.311138153076172,14.358043670654297,0,0,0,16
instructorxl-arxiv-768_PCA_0.8,ivf_faiss,13.681122165942481,15.840291976928711,11.603593826293945,0.7007600000000007,100,1000,1,13.698984861373901,17.132043838500977,11.144161224365234,0,0,0,8
instructorxl-arxiv-768_PCA_0.8,ivf_faiss,11.242382198210187,12.592554092407227,9.987831115722656,0.5832099999999996,100,1000,1,11.25433611869812,13.981819152832031,9.46354866027832,0,0,0,4
instructorxl-arxiv-768_PCA_0.8,ivf_faiss,9.972524400895017,10.912895202636719,9.031295776367188,0.4509100000000006,100,1000,1,9.996877431869507,12.693643569946289,9.031295776367188,0,0,0,2
instructorxl-arxiv-768_PCA_0.65,ivf_faiss,245.2408557961344,274.5788097381592,214.00880813598633,0.9865000000000084,100,1000,1,244.78916788101196,274.5788097381592,195.7716941833496,0,0,0,512
instructorxl-arxiv-768_PCA_0.65,ivf_faiss,127.344192398919,144.86980438232422,107.8336238861084,0.979660000000009,100,1000,1,127.145925283432,148.93412590026855,94.24471855163574,0,0,0,256
instructorxl-arxiv-768_PCA_0.65,ivf_faiss,82.68454396132881,96.27914428710938,69.02337074279785,0.9698400000000081,100,1000,1,82.45881128311157,96.27914428710938,58.476924896240234,0,0,0,160
instructorxl-arxiv-768_PCA_0.65,ivf_faiss,67.77588800730439,78.65023612976074,56.60200119018555,0.9629600000000075,100,1000,1,67.56295776367188,78.65023612976074,47.0120906829834,0,0,0,128
instructorxl-arxiv-768_PCA_0.65,ivf_faiss,52.85746458218183,61.63835525512695,43.56789588928223,0.9514200000000077,100,1000,1,52.685086250305176,61.63835525512695,35.7973575592041,0,0,0,96
instructorxl-arxiv-768_PCA_0.65,ivf_faiss,37.880917797323136,44.27623748779297,31.429052352905273,0.9298000000000052,100,1000,1,37.73481297492981,45.65572738647461,26.244401931762695,0,0,0,64
instructorxl-arxiv-768_PCA_0.65,ivf_faiss,30.255131257233224,35.552024841308594,24.71470832824707,0.9102200000000047,100,1000,1,30.17113184928894,36.02957725524902,21.03734016418457,0,0,0,48
instructorxl-arxiv-768_PCA_0.65,ivf_faiss,22.671211716587557,26.574134826660156,18.7227725982666,0.8750200000000036,100,1000,1,22.60200786590576,27.241230010986328,16.2506103515625,0,0,0,32
instructorxl-arxiv-768_PCA_0.65,ivf_faiss,15.026848999100114,17.80390739440918,12.286663055419922,0.8005100000000026,100,1000,1,15.010077238082886,17.80390739440918,11.083602905273438,0,0,0,16
instructorxl-arxiv-768_PCA_0.65,ivf_faiss,11.162586713584536,12.938976287841797,9.374380111694336,0.7026000000000009,100,1000,1,11.17483639717102,14.747858047485352,9.114980697631836,0,0,0,8
instructorxl-arxiv-768_PCA_0.65,ivf_faiss,9.163400621125191,10.269880294799805,8.048772811889648,0.583300000000001,100,1000,1,9.179831266403198,11.976957321166992,8.048772811889648,0,0,0,4
instructorxl-arxiv-768_PCA_0.65,ivf_faiss,8.118357497982293,8.784294128417969,7.46607780456543,0.4503100000000005,100,1000,1,8.131722211837769,10.107994079589844,7.403850555419922,0,0,0,2
instructorxl-arxiv-768_PCA_0.5,ivf_faiss,186.69213567461287,208.0528736114502,163.99526596069336,0.9601300000000133,100,1000,1,186.3893322944641,215.00635147094727,148.57769012451172,0,0,0,512
instructorxl-arxiv-768_PCA_0.5,ivf_faiss,97.95933817079676,112.86139488220215,82.92627334594727,0.955210000000011,100,1000,1,97.7427191734314,112.86139488220215,73.41122627258301,0,0,0,256
instructorxl-arxiv-768_PCA_0.5,ivf_faiss,63.751714449402286,74.55134391784668,53.30038070678711,0.9474900000000094,100,1000,1,63.57743453979492,74.55134391784668,45.259714126586914,0,0,0,160
instructorxl-arxiv-768_PCA_0.5,ivf_faiss,51.79410695788104,60.23740768432617,43.039798736572266,0.9420600000000079,100,1000,1,51.67092037200928,63.158273696899414,34.93857383728027,0,0,0,128
instructorxl-arxiv-768_PCA_0.5,ivf_faiss,40.51860197699179,47.45674133300781,33.39719772338867,0.9331000000000059,100,1000,1,40.43306803703308,48.38228225708008,28.021812438964844,0,0,0,96
instructorxl-arxiv-768_PCA_0.5,ivf_faiss,28.830104592861325,33.73980522155762,23.766756057739258,0.9155800000000053,100,1000,1,28.740746021270752,34.514665603637695,20.172595977783203,0,0,0,64
instructorxl-arxiv-768_PCA_0.5,ivf_faiss,23.056502530258996,27.3129940032959,18.831491470336914,0.8973900000000046,100,1000,1,22.99697494506836,27.3129940032959,15.805959701538086,0,0,0,48
instructorxl-arxiv-768_PCA_0.5,ivf_faiss,17.401947197339215,20.33376693725586,14.292001724243164,0.8658900000000038,100,1000,1,17.360485315322876,20.7979679107666,12.568235397338867,0,0,0,32
instructorxl-arxiv-768_PCA_0.5,ivf_faiss,11.692210881396978,13.835668563842773,9.6435546875,0.7945000000000012,100,1000,1,11.699002027511597,15.271425247192383,8.897781372070312,0,0,0,16
instructorxl-arxiv-768_PCA_0.5,ivf_faiss,8.589293017531887,9.896039962768555,7.274627685546875,0.6973600000000014,100,1000,1,8.592308282852173,10.137319564819336,6.915092468261719,0,0,0,8
instructorxl-arxiv-768_PCA_0.5,ivf_faiss,7.079301816731812,7.905721664428711,6.278276443481445,0.5808600000000002,100,1000,1,7.095221996307373,10.620355606079102,6.151437759399414,0,0,0,4
instructorxl-arxiv-768_PCA_0.5,ivf_faiss,6.332667231195199,6.854772567749023,5.803346633911133,0.4540300000000003,100,1000,1,6.344923496246338,8.45479965209961,5.750417709350586,0,0,0,2
instructorxl-arxiv-768_PCA_0.3,ivf_faiss,111.53470843729346,123.22616577148438,97.68939018249512,0.867279999999999,100,1000,1,111.36659550666809,123.22616577148438,88.93513679504395,0,0,0,512
instructorxl-arxiv-768_PCA_0.3,ivf_faiss,57.997073222602054,66.51854515075684,49.26323890686035,0.8641499999999991,100,1000,1,57.90127420425415,66.51854515075684,45.63331604003906,0,0,0,256
instructorxl-arxiv-768_PCA_0.3,ivf_faiss,37.82475526627856,43.60532760620117,31.608104705810547,0.858649999999999,100,1000,1,37.747233867645264,44.16084289550781,27.893781661987305,0,0,0,160
instructorxl-arxiv-768_PCA_0.3,ivf_faiss,30.975900772141248,35.568952560424805,26.031970977783203,0.8553999999999994,100,1000,1,30.87683629989624,35.568952560424805,22.66669273376465,0,0,0,128
instructorxl-arxiv-768_PCA_0.3,ivf_faiss,24.188013924276255,27.711868286132812,20.35045623779297,0.8499099999999994,100,1000,1,24.13089418411255,28.699874877929688,17.91977882385254,0,0,0,96
instructorxl-arxiv-768_PCA_0.3,ivf_faiss,17.338084496133696,20.10512351989746,14.448881149291992,0.8380999999999994,100,1000,1,17.29318141937256,20.455360412597656,12.633800506591797,0,0,0,64
instructorxl-arxiv-768_PCA_0.3,ivf_faiss,13.963879302159148,16.396522521972656,11.499404907226562,0.8260699999999989,100,1000,1,13.924824714660645,16.396522521972656,10.119438171386719,0,0,0,48
instructorxl-arxiv-768_PCA_0.3,ivf_faiss,10.54848540912975,12.546062469482422,8.571624755859375,0.805159999999998,100,1000,1,10.534421920776367,12.8173828125,7.961034774780273,0,0,0,32
instructorxl-arxiv-768_PCA_0.3,ivf_faiss,7.004772873231823,8.18777084350586,5.766868591308594,0.7512999999999993,100,1000,1,7.011637926101685,9.57798957824707,5.523920059204102,0,0,0,16
instructorxl-arxiv-768_PCA_0.3,ivf_faiss,5.2244653663482055,5.989789962768555,4.46772575378418,0.6668999999999994,100,1000,1,5.226194381713867,6.176471710205078,4.287481307983398,0,0,0,8
instructorxl-arxiv-768_PCA_0.3,ivf_faiss,4.348506045535328,4.827260971069336,3.8826465606689453,0.5614600000000001,100,1000,1,4.358331680297852,6.448030471801758,3.8003921508789062,0,0,0,4
instructorxl-arxiv-768_PCA_0.3,ivf_faiss,3.900919124665048,4.236459732055664,3.556489944458008,0.4351699999999998,100,1000,1,3.9086718559265137,5.961179733276367,3.554105758666992,0,0,0,2
gooaq-distilroberta-768-normalized_PCA_0.9,ivf_faiss,278.0627663577757,295.7017421722412,260.4327201843262,0.9881100000000053,100,1000,1,278.1454999446869,303.74670028686523,254.01544570922852,0,0,0,512
gooaq-distilroberta-768-normalized_PCA_0.9,ivf_faiss,142.83956525789168,155.181884765625,130.96022605895996,0.9794500000000063,100,1000,1,142.9436812400818,160.27069091796875,130.96022605895996,0,0,0,256
gooaq-distilroberta-768-normalized_PCA_0.9,ivf_faiss,92.31362657498588,101.6991138458252,82.87954330444336,0.9710500000000055,100,1000,1,92.45659255981445,105.36575317382812,82.77153968811035,0,0,0,160
gooaq-distilroberta-768-normalized_PCA_0.9,ivf_faiss,75.5647466825907,83.82272720336914,67.36207008361816,0.9664400000000054,100,1000,1,75.7092022895813,91.02725982666016,67.36207008361816,0,0,0,128
gooaq-distilroberta-768-normalized_PCA_0.9,ivf_faiss,58.73941696066095,65.76728820800781,52.24347114562988,0.9584200000000056,100,1000,1,58.86508870124817,68.74561309814453,51.52416229248047,0,0,0,96
gooaq-distilroberta-768-normalized_PCA_0.9,ivf_faiss,42.005502353838786,47.69253730773926,36.44967079162598,0.9441900000000039,100,1000,1,42.09815216064453,50.749778747558594,35.99977493286133,0,0,0,64
gooaq-distilroberta-768-normalized_PCA_0.9,ivf_faiss,33.70800349981554,38.76662254333496,29.130220413208008,0.9315400000000034,100,1000,1,33.74299144744873,40.882110595703125,28.520584106445312,0,0,0,48
gooaq-distilroberta-768-normalized_PCA_0.9,ivf_faiss,25.27817346200617,29.353618621826172,21.46458625793457,0.9105900000000032,100,1000,1,25.309050798416138,31.151294708251953,21.46458625793457,0,0,0,32
gooaq-distilroberta-768-normalized_PCA_0.9,ivf_faiss,16.817710190741316,19.637346267700195,14.322757720947266,0.8648400000000015,100,1000,1,16.834062814712524,20.206928253173828,13.818025588989258,0,0,0,16
gooaq-distilroberta-768-normalized_PCA_0.9,ivf_faiss,12.41160327454228,14.383077621459961,10.741710662841797,0.8008500000000015,100,1000,1,12.428786754608154,15.940189361572266,10.741710662841797,0,0,0,8
gooaq-distilroberta-768-normalized_PCA_0.9,ivf_faiss,10.215117789134458,11.403083801269531,8.987188339233398,0.7144800000000001,100,1000,1,10.232073307037354,12.060165405273438,8.987188339233398,0,0,0,4
gooaq-distilroberta-768-normalized_PCA_0.9,ivf_faiss,8.99575610585341,9.758234024047852,8.269071578979492,0.6050300000000007,100,1000,1,9.025798082351685,10.397672653198242,8.187532424926758,0,0,0,2
gooaq-distilroberta-768-normalized_PCA_0.8,ivf_faiss,248.2796378275502,264.04261589050293,232.7864170074463,0.9845900000000075,100,1000,1,248.37387561798096,268.94116401672363,227.0948886871338,0,0,0,512
gooaq-distilroberta-768-normalized_PCA_0.8,ivf_faiss,127.65249220433569,138.63253593444824,117.5987720489502,0.9766600000000079,100,1000,1,127.74132919311523,141.50738716125488,116.10126495361328,0,0,0,256
gooaq-distilroberta-768-normalized_PCA_0.8,ivf_faiss,83.2083183976152,92.00119972229004,75.0586986541748,0.9688900000000077,100,1000,1,83.37556099891663,97.93806076049805,73.66037368774414,0,0,0,160
gooaq-distilroberta-768-normalized_PCA_0.8,ivf_faiss,68.47776020104104,76.36713981628418,60.747385025024414,0.9643400000000072,100,1000,1,68.59560322761536,81.53915405273438,60.747385025024414,0,0,0,128
gooaq-distilroberta-768-normalized_PCA_0.8,ivf_faiss,52.53886109329798,58.77876281738281,46.614646911621094,0.956540000000006,100,1000,1,52.66473603248596,63.00520896911621,46.614646911621094,0,0,0,96
gooaq-distilroberta-768-normalized_PCA_0.8,ivf_faiss,37.64453590640172,42.98257827758789,32.64260292053223,0.9424700000000052,100,1000,1,37.71807670593262,45.53365707397461,32.64260292053223,0,0,0,64
gooaq-distilroberta-768-normalized_PCA_0.8,ivf_faiss,30.10503883208153,34.508705139160156,25.564193725585938,0.930130000000005,100,1000,1,30.131616592407227,36.092519760131836,25.439977645874023,0,0,0,48
gooaq-distilroberta-768-normalized_PCA_0.8,ivf_faiss,22.608846485974563,26.13210678100586,19.020795822143555,0.9100300000000044,100,1000,1,22.63364315032959,27.07815170288086,19.020795822143555,0,0,0,32
gooaq-distilroberta-768-normalized_PCA_0.8,ivf_faiss,14.928129117493658,17.497777938842773,12.480497360229492,0.8638300000000029,100,1000,1,14.939483165740967,17.879486083984375,12.15815544128418,0,0,0,16
gooaq-distilroberta-768-normalized_PCA_0.8,ivf_faiss,11.051440504130024,12.853145599365234,9.558439254760742,0.7996300000000033,100,1000,1,11.074467420578003,13.737201690673828,9.558439254760742,0,0,0,8
gooaq-distilroberta-768-normalized_PCA_0.8,ivf_faiss,9.101347797540816,10.275125503540039,8.09478759765625,0.7161300000000004,100,1000,1,9.123050689697266,12.276649475097656,8.09478759765625,0,0,0,4
gooaq-distilroberta-768-normalized_PCA_0.8,ivf_faiss,8.061411457042084,8.835792541503906,7.322788238525391,0.6055400000000001,100,1000,1,8.091669082641602,9.891510009765625,7.322788238525391,0,0,0,2
gooaq-distilroberta-768-normalized_PCA_0.65,ivf_faiss,200.64941141287326,214.16592597961426,187.52360343933105,0.9756900000000108,100,1000,1,200.665997505188,216.10569953918457,186.9063377380371,0,0,0,512
gooaq-distilroberta-768-normalized_PCA_0.65,ivf_faiss,102.81815485212107,111.45448684692383,94.01297569274902,0.9688600000000103,100,1000,1,102.92763161659241,114.62283134460449,92.75627136230469,0,0,0,256
gooaq-distilroberta-768-normalized_PCA_0.65,ivf_faiss,66.52741373920635,72.92008399963379,59.729814529418945,0.9619600000000097,100,1000,1,66.6441056728363,77.46434211730957,59.6616268157959,0,0,0,160
gooaq-distilroberta-768-normalized_PCA_0.65,ivf_faiss,54.41757724974966,60.58835983276367,48.60973358154297,0.9579500000000085,100,1000,1,54.53277826309204,65.42253494262695,48.60973358154297,0,0,0,128
gooaq-distilroberta-768-normalized_PCA_0.65,ivf_faiss,42.315119051086114,47.41549491882324,37.511587142944336,0.9512800000000076,100,1000,1,42.41088104248047,50.00615119934082,37.511587142944336,0,0,0,96
gooaq-distilroberta-768-normalized_PCA_0.65,ivf_faiss,30.495848250292575,34.65986251831055,26.37314796447754,0.938120000000006,100,1000,1,30.553163528442383,36.149024963378906,26.37314796447754,0,0,0,64
gooaq-distilroberta-768-normalized_PCA_0.65,ivf_faiss,24.473928087320758,28.177499771118164,20.98536491394043,0.9265600000000065,100,1000,1,24.494845867156982,29.38079833984375,20.98536491394043,0,0,0,48
gooaq-distilroberta-768-normalized_PCA_0.65,ivf_faiss,18.414856807735685,21.363019943237305,15.494346618652344,0.9065500000000043,100,1000,1,18.44574499130249,22.56464958190918,15.494346618652344,0,0,0,32
gooaq-distilroberta-768-normalized_PCA_0.65,ivf_faiss,12.078320511878438,14.091253280639648,10.232210159301758,0.8617300000000032,100,1000,1,12.089970588684082,14.589548110961914,10.015726089477539,0,0,0,16
gooaq-distilroberta-768-normalized_PCA_0.65,ivf_faiss,9.06994084335992,10.514974594116211,7.804393768310547,0.7992000000000032,100,1000,1,9.09293508529663,11.622428894042969,7.804393768310547,0,0,0,8
gooaq-distilroberta-768-normalized_PCA_0.65,ivf_faiss,7.396243959816887,8.277654647827148,6.621122360229492,0.7163100000000018,100,1000,1,7.416297912597656,10.339736938476562,6.621122360229492,0,0,0,4
gooaq-distilroberta-768-normalized_PCA_0.65,ivf_faiss,6.563922114464796,7.133722305297852,6.002664566040039,0.6038500000000007,100,1000,1,6.578811168670654,7.503509521484375,6.002664566040039,0,0,0,2
gooaq-distilroberta-768-normalized_PCA_0.5,ivf_faiss,153.594350335586,163.63525390625,143.77331733703613,0.9571000000000102,100,1000,1,153.57973670959473,183.5193634033203,141.08967781066895,0,0,0,512
gooaq-distilroberta-768-normalized_PCA_0.5,ivf_faiss,78.97774233523353,85.72244644165039,72.59321212768555,0.9515100000000076,100,1000,1,79.04643607139587,87.28194236755371,71.96903228759766,0,0,0,256
gooaq-distilroberta-768-normalized_PCA_0.5,ivf_faiss,51.19962051950418,56.265830993652344,46.21458053588867,0.9458200000000065,100,1000,1,51.25504112243652,58.38322639465332,45.59063911437988,0,0,0,160
gooaq-distilroberta-768-normalized_PCA_0.5,ivf_faiss,41.95894696891429,46.44012451171875,37.32800483703613,0.941940000000006,100,1000,1,42.03778314590454,48.94900321960449,37.32800483703613,0,0,0,128
gooaq-distilroberta-768-normalized_PCA_0.5,ivf_faiss,32.74646114554207,36.72337532043457,28.70655059814453,0.9362700000000059,100,1000,1,32.80946159362793,39.395809173583984,28.70655059814453,0,0,0,96
gooaq-distilroberta-768-normalized_PCA_0.5,ivf_faiss,23.397270166141627,26.662111282348633,20.197153091430664,0.9245600000000052,100,1000,1,23.422914505004883,27.45652198791504,20.197153091430664,0,0,0,64
gooaq-distilroberta-768-normalized_PCA_0.5,ivf_faiss,18.77453226235605,21.524906158447266,16.29328727722168,0.9140800000000048,100,1000,1,18.798682928085327,22.184371948242188,16.29328727722168,0,0,0,48
gooaq-distilroberta-768-normalized_PCA_0.5,ivf_faiss,14.134141787811739,16.36505126953125,11.949539184570312,0.8964700000000045,100,1000,1,14.146636009216309,16.84284210205078,11.949539184570312,0,0,0,32
gooaq-distilroberta-768-normalized_PCA_0.5,ivf_faiss,9.409042007951852,11.032342910766602,7.805109024047852,0.8556600000000036,100,1000,1,9.416896104812622,11.54947280883789,7.805109024047852,0,0,0,16
gooaq-distilroberta-768-normalized_PCA_0.5,ivf_faiss,6.981658114246805,8.05974006652832,6.103754043579102,0.7961800000000004,100,1000,1,6.997588157653809,8.493900299072266,6.103754043579102,0,0,0,8
gooaq-distilroberta-768-normalized_PCA_0.5,ivf_faiss,5.778068188619662,6.52003288269043,5.174398422241211,0.71477,100,1000,1,5.7966907024383545,7.456064224243164,5.174398422241211,0,0,0,4
gooaq-distilroberta-768-normalized_PCA_0.5,ivf_faiss,5.11046545005139,5.555629730224609,4.66156005859375,0.6045200000000015,100,1000,1,5.126952409744263,6.555080413818359,4.66156005859375,0,0,0,2
gooaq-distilroberta-768-normalized_PCA_0.3,ivf_faiss,92.10290499407836,98.55842590332031,85.84737777709961,0.8731399999999993,100,1000,1,92.17372965812683,109.62510108947754,85.4494571685791,0,0,0,512
gooaq-distilroberta-768-normalized_PCA_0.3,ivf_faiss,47.482189088007274,51.867008209228516,43.04671287536621,0.8692899999999997,100,1000,1,47.51750063896179,52.87027359008789,42.93107986450195,0,0,0,256
gooaq-distilroberta-768-normalized_PCA_0.3,ivf_faiss,30.822722229947907,34.13748741149902,27.54807472229004,0.8654799999999994,100,1000,1,30.866034269332886,34.83009338378906,27.028322219848633,0,0,0,160
gooaq-distilroberta-768-normalized_PCA_0.3,ivf_faiss,25.195677513792344,28.223037719726562,22.185325622558594,0.8630899999999999,100,1000,1,25.226159811019897,28.84817123413086,22.185325622558594,0,0,0,128
gooaq-distilroberta-768-normalized_PCA_0.3,ivf_faiss,19.649710419915113,22.31311798095703,17.25912094116211,0.8594000000000002,100,1000,1,19.67131233215332,23.035287857055664,17.25912094116211,0,0,0,96
gooaq-distilroberta-768-normalized_PCA_0.3,ivf_faiss,14.185307133736922,16.362428665161133,11.974573135375977,0.8520900000000002,100,1000,1,14.197749376296997,16.8304443359375,11.974573135375977,0,0,0,64
gooaq-distilroberta-768-normalized_PCA_0.3,ivf_faiss,11.356750724301252,13.173341751098633,9.735345840454102,0.8455700000000006,100,1000,1,11.370097637176514,14.229059219360352,9.735345840454102,0,0,0,48
gooaq-distilroberta-768-normalized_PCA_0.3,ivf_faiss,8.57292406515816,10.031700134277344,7.194757461547852,0.8345399999999997,100,1000,1,8.583273649215698,10.76650619506836,7.194757461547852,0,0,0,32
gooaq-distilroberta-768-normalized_PCA_0.3,ivf_faiss,5.714534152550519,6.684064865112305,4.810094833374023,0.8049600000000003,100,1000,1,5.719780683517456,6.988286972045898,4.723072052001953,0,0,0,16
gooaq-distilroberta-768-normalized_PCA_0.3,ivf_faiss,4.293831713913661,4.925012588500977,3.772258758544922,0.7595400000000005,100,1000,1,4.303818464279175,5.455970764160156,3.62396240234375,0,0,0,8
gooaq-distilroberta-768-normalized_PCA_0.3,ivf_faiss,3.561674270006439,3.980875015258789,3.163576126098633,0.6867100000000002,100,1000,1,3.573927879333496,4.9114227294921875,3.163576126098633,0,0,0,4
gooaq-distilroberta-768-normalized_PCA_0.3,ivf_faiss,3.1871615440049137,3.4952163696289062,2.8848648071289062,0.5902400000000004,100,1000,1,3.197129964828491,4.869222640991211,2.8848648071289062,0,0,0,2
gist-960-euclidean_PCA_0.9,ivf_faiss,346.68037962913513,459.5201015472412,234.12299156188965,0.9891200000000072,100,1000,1,346.68037962913513,459.5201015472412,234.12299156188965,0,0,0,512
gist-960-euclidean_PCA_0.9,ivf_faiss,178.76106219076033,255.3246021270752,107.27381706237793,0.9686100000000059,100,1000,1,179.16170597076416,259.70983505249023,107.27381706237793,0,0,0,256
gist-960-euclidean_PCA_0.9,ivf_faiss,114.70844921973942,167.75846481323242,65.79470634460449,0.935600000000005,100,1000,1,115.47065353393555,179.3956756591797,65.79470634460449,0,0,0,160
gist-960-euclidean_PCA_0.9,ivf_faiss,93.37238458635355,137.5725269317627,54.60548400878906,0.912990000000002,100,1000,1,94.03540587425232,148.6823558807373,54.60548400878906,0,0,0,128
gist-960-euclidean_PCA_0.9,ivf_faiss,71.83139841855484,106.32491111755371,39.67404365539551,0.8768600000000025,100,1000,1,72.60021591186523,121.86646461486816,39.67404365539551,0,0,0,96
gist-960-euclidean_PCA_0.9,ivf_faiss,50.419621268300595,74.3865966796875,28.125286102294922,0.8121400000000001,100,1000,1,51.00306963920593,87.93234825134277,28.125286102294922,0,0,0,64
gist-960-euclidean_PCA_0.9,ivf_faiss,39.75115768260995,58.76922607421875,22.312164306640625,0.7588300000000001,100,1000,1,40.272095918655396,70.24216651916504,22.312164306640625,0,0,0,48
gist-960-euclidean_PCA_0.9,ivf_faiss,29.144450506221983,43.073415756225586,16.825437545776367,0.6761599999999991,100,1000,1,29.45563769340515,51.27286911010742,16.825437545776367,0,0,0,32
gist-960-euclidean_PCA_0.9,ivf_faiss,18.598696936858943,25.818824768066406,12.25590705871582,0.5296400000000001,100,1000,1,18.806418657302856,30.458927154541016,12.25590705871582,0,0,0,16
gist-960-euclidean_PCA_0.9,ivf_faiss,13.23620470202699,17.249584197998047,10.0555419921875,0.3880099999999998,100,1000,1,13.340689182281494,19.78611946105957,10.0555419921875,0,0,0,8
gist-960-euclidean_PCA_0.9,ivf_faiss,10.682358590460849,12.82358169555664,8.87918472290039,0.2659699999999997,100,1000,1,10.743555784225464,14.691829681396484,8.87918472290039,0,0,0,4
gist-960-euclidean_PCA_0.9,ivf_faiss,9.319467055491913,10.439634323120117,8.34512710571289,0.17105999999999993,100,1000,1,9.354129314422607,11.685609817504883,8.34512710571289,0,0,0,2
gist-960-euclidean_PCA_0.8,ivf_faiss,305.9421920776367,403.3989906311035,202.01969146728516,0.9785200000000119,100,1000,1,305.9421920776367,403.3989906311035,202.01969146728516,0,0,0,512
gist-960-euclidean_PCA_0.8,ivf_faiss,158.52705876990015,225.7695198059082,95.08061408996582,0.9619400000000087,100,1000,1,158.8069007396698,232.12313652038574,95.08061408996582,0,0,0,256
gist-960-euclidean_PCA_0.8,ivf_faiss,101.52099483509355,147.7944850921631,58.21990966796875,0.9325100000000055,100,1000,1,102.30216574668884,160.06135940551758,58.21990966796875,0,0,0,160
gist-960-euclidean_PCA_0.8,ivf_faiss,82.55295573815309,120.91422080993652,47.382354736328125,0.9105500000000033,100,1000,1,83.35265398025513,133.61215591430664,47.382354736328125,0,0,0,128
gist-960-euclidean_PCA_0.8,ivf_faiss,63.579719487072616,94.52366828918457,36.24725341796875,0.8744700000000015,100,1000,1,64.26259994506836,106.63580894470215,36.24725341796875,0,0,0,96
gist-960-euclidean_PCA_0.8,ivf_faiss,44.763534229301875,67.2142505645752,24.091720581054688,0.8110800000000012,100,1000,1,45.257538080215454,78.80687713623047,24.091720581054688,0,0,0,64
gist-960-euclidean_PCA_0.8,ivf_faiss,35.278239381422694,52.65235900878906,19.65785026550293,0.7586500000000013,100,1000,1,35.6853711605072,62.33096122741699,19.65785026550293,0,0,0,48
gist-960-euclidean_PCA_0.8,ivf_faiss,25.71548434582557,37.714481353759766,15.027046203613281,0.6751299999999995,100,1000,1,26.049683570861816,44.56043243408203,15.027046203613281,0,0,0,32
gist-960-euclidean_PCA_0.8,ivf_faiss,16.400752008938397,22.83954620361328,10.859489440917969,0.52888,100,1000,1,16.59804892539978,27.76646614074707,10.859489440917969,0,0,0,16
gist-960-euclidean_PCA_0.8,ivf_faiss,11.743213265429787,15.016555786132812,8.843183517456055,0.3865199999999998,100,1000,1,11.862830877304077,17.605066299438477,8.843183517456055,0,0,0,8
gist-960-euclidean_PCA_0.8,ivf_faiss,9.48353067513254,11.380195617675781,7.956504821777344,0.26640999999999987,100,1000,1,9.538817405700684,12.979745864868164,7.956504821777344,0,0,0,4
gist-960-euclidean_PCA_0.8,ivf_faiss,8.332391191974573,9.399652481079102,7.488489151000977,0.17142999999999986,100,1000,1,8.37061333656311,11.517047882080078,7.488489151000977,0,0,0,2
gist-960-euclidean_PCA_0.65,ivf_faiss,248.7965121269226,327.7738094329834,166.29314422607422,0.9483300000000083,100,1000,1,248.7965121269226,327.7738094329834,166.29314422607422,0,0,0,512
gist-960-euclidean_PCA_0.65,ivf_faiss,128.1789871583502,183.69388580322266,79.00667190551758,0.9358200000000039,100,1000,1,128.4151759147644,187.95514106750488,79.00667190551758,0,0,0,256
gist-960-euclidean_PCA_0.65,ivf_faiss,81.96790778624805,118.95513534545898,48.15387725830078,0.9130400000000024,100,1000,1,82.68525433540344,129.93168830871582,48.15387725830078,0,0,0,160
gist-960-euclidean_PCA_0.65,ivf_faiss,66.77522639898415,98.18363189697266,38.58041763305664,0.8946900000000026,100,1000,1,67.39440774917603,109.05838012695312,38.58041763305664,0,0,0,128
gist-960-euclidean_PCA_0.65,ivf_faiss,51.510459664643236,76.58720016479492,29.250383377075195,0.8638100000000012,100,1000,1,52.0753870010376,86.85517311096191,29.250383377075195,0,0,0,96
gist-960-euclidean_PCA_0.65,ivf_faiss,36.181327399857544,54.51345443725586,20.044803619384766,0.8050100000000011,100,1000,1,36.61018347740173,64.31293487548828,20.044803619384766,0,0,0,64
gist-960-euclidean_PCA_0.65,ivf_faiss,28.621732762446808,42.603254318237305,16.004562377929688,0.7533699999999993,100,1000,1,28.99091649055481,53.42268943786621,16.004562377929688,0,0,0,48
gist-960-euclidean_PCA_0.65,ivf_faiss,20.97832949159089,30.7466983795166,11.665821075439453,0.6725500000000001,100,1000,1,21.262386322021484,37.9490852355957,11.665821075439453,0,0,0,32
gist-960-euclidean_PCA_0.65,ivf_faiss,13.32009449356892,18.528461456298828,8.81505012512207,0.52783,100,1000,1,13.481621265411377,22.313833236694336,8.81505012512207,0,0,0,16
gist-960-euclidean_PCA_0.65,ivf_faiss,9.597403978564076,12.340068817138672,7.284879684448242,0.38765,100,1000,1,9.704909324645996,14.330625534057617,7.284879684448242,0,0,0,8
gist-960-euclidean_PCA_0.65,ivf_faiss,7.727105883517309,9.15384292602539,6.531715393066406,0.2661299999999999,100,1000,1,7.772071838378906,10.361433029174805,6.531715393066406,0,0,0,4
gist-960-euclidean_PCA_0.65,ivf_faiss,6.797600184939035,7.642030715942383,6.117105484008789,0.17207999999999984,100,1000,1,6.828918218612671,8.882761001586914,6.117105484008789,0,0,0,2
gist-960-euclidean_PCA_0.5,ivf_faiss,189.64580726623535,252.98285484313965,127.26569175720215,0.8979599999999993,100,1000,1,189.64580726623535,252.98285484313965,127.26569175720215,0,0,0,512
gist-960-euclidean_PCA_0.5,ivf_faiss,97.67664525390994,139.65559005737305,59.493064880371094,0.8886399999999992,100,1000,1,98.06732439994812,145.8117961883545,59.493064880371094,0,0,0,256
gist-960-euclidean_PCA_0.5,ivf_faiss,62.86483748138801,91.65287017822266,36.428213119506836,0.8717600000000003,100,1000,1,63.45010256767273,101.29427909851074,36.428213119506836,0,0,0,160
gist-960-euclidean_PCA_0.5,ivf_faiss,51.19337208416997,75.19245147705078,29.266834259033203,0.8580099999999996,100,1000,1,51.75301480293274,85.19434928894043,29.266834259033203,0,0,0,128
gist-960-euclidean_PCA_0.5,ivf_faiss,39.470113943253885,58.452606201171875,21.93307876586914,0.8342499999999997,100,1000,1,39.94659733772278,66.54906272888184,21.93307876586914,0,0,0,96
gist-960-euclidean_PCA_0.5,ivf_faiss,27.782378138088788,41.19110107421875,15.683889389038086,0.7847699999999995,100,1000,1,28.184637784957886,50.08196830749512,15.683889389038086,0,0,0,64
gist-960-euclidean_PCA_0.5,ivf_faiss,21.960651532548372,32.351016998291016,12.484312057495117,0.7404600000000016,100,1000,1,22.279544591903687,40.49062728881836,12.484312057495117,0,0,0,48
gist-960-euclidean_PCA_0.5,ivf_faiss,16.040362602423045,23.276567459106445,9.073734283447266,0.6656299999999999,100,1000,1,16.33285689353943,29.161930084228516,9.073734283447266,0,0,0,32
gist-960-euclidean_PCA_0.5,ivf_faiss,10.267424558931607,14.246225357055664,6.960630416870117,0.5247500000000004,100,1000,1,10.40578317642212,17.45128631591797,6.960630416870117,0,0,0,16
gist-960-euclidean_PCA_0.5,ivf_faiss,7.4257364979496705,9.5977783203125,5.542516708374023,0.3843800000000005,100,1000,1,7.503860712051392,11.227607727050781,5.542516708374023,0,0,0,8
gist-960-euclidean_PCA_0.5,ivf_faiss,6.003769804695688,7.133960723876953,5.033969879150391,0.2641400000000001,100,1000,1,6.050679922103882,8.413314819335938,5.033969879150391,0,0,0,4
gist-960-euclidean_PCA_0.5,ivf_faiss,5.258915485479893,5.861043930053711,4.74095344543457,0.16905000000000006,100,1000,1,5.279276609420776,6.522655487060547,4.74095344543457,0,0,0,2
gist-960-euclidean_PCA_0.3,ivf_faiss,113.23973774909973,152.02713012695312,76.25126838684082,0.79348,100,1000,1,113.23973774909973,152.02713012695312,76.25126838684082,0,0,0,512
gist-960-euclidean_PCA_0.3,ivf_faiss,58.41997103257613,83.41193199157715,35.57324409484863,0.7864499999999989,100,1000,1,58.6851909160614,88.14382553100586,35.57324409484863,0,0,0,256
gist-960-euclidean_PCA_0.3,ivf_faiss,37.4823890253521,54.6722412109375,22.260665893554688,0.774669999999999,100,1000,1,37.8934588432312,61.49578094482422,22.260665893554688,0,0,0,160
gist-960-euclidean_PCA_0.3,ivf_faiss,30.544627663548006,44.90351676940918,17.864704132080078,0.765869999999999,100,1000,1,30.912964344024658,50.64749717712402,17.864704132080078,0,0,0,128
gist-960-euclidean_PCA_0.3,ivf_faiss,23.566182519568773,34.948110580444336,13.255119323730469,0.7509899999999999,100,1000,1,23.895737648010254,40.83132743835449,13.255119323730469,0,0,0,96
gist-960-euclidean_PCA_0.3,ivf_faiss,16.61808819437223,24.356842041015625,9.479761123657227,0.7197699999999994,100,1000,1,16.898130416870117,29.989957809448242,9.479761123657227,0,0,0,64
gist-960-euclidean_PCA_0.3,ivf_faiss,13.177356230906952,19.418716430664062,7.749319076538086,0.6875100000000003,100,1000,1,13.379739761352539,24.660348892211914,7.749319076538086,0,0,0,48
gist-960-euclidean_PCA_0.3,ivf_faiss,9.711274131367583,14.010906219482422,5.873203277587891,0.6321099999999988,100,1000,1,9.860303163528442,18.08929443359375,5.873203277587891,0,0,0,32
gist-960-euclidean_PCA_0.3,ivf_faiss,6.21721299194084,8.574962615966797,4.198789596557617,0.5118099999999995,100,1000,1,6.311898231506348,10.591268539428711,4.198789596557617,0,0,0,16
gist-960-euclidean_PCA_0.3,ivf_faiss,4.511898281409057,5.707502365112305,3.5295486450195312,0.38053,100,1000,1,4.566217422485352,6.945133209228516,3.5295486450195312,0,0,0,8
gist-960-euclidean_PCA_0.3,ivf_faiss,3.667127271616681,4.334688186645508,3.1189918518066406,0.26205999999999974,100,1000,1,3.695687770843506,5.064964294433594,3.1189918518066406,0,0,0,4
gist-960-euclidean_PCA_0.3,ivf_faiss,3.248866529279258,3.6242008209228516,2.884387969970703,0.16731000000000018,100,1000,1,3.261699914932251,4.785060882568359,2.884387969970703,0,0,0,2
agnews-mxbai-1024-euclidean_PCA_0.9,ivf_faiss,258.9445054110924,294.2380905151367,228.42955589294434,0.9935200000000033,100,1000,1,259.2289102077484,304.40306663513184,228.42955589294434,0,0,0,512
agnews-mxbai-1024-euclidean_PCA_0.9,ivf_faiss,134.2211745761417,156.13436698913574,115.34571647644043,0.9866700000000035,100,1000,1,134.2471559047699,160.2025032043457,115.34571647644043,0,0,0,256
agnews-mxbai-1024-euclidean_PCA_0.9,ivf_faiss,86.49116617303949,101.52482986450195,72.22461700439453,0.9792700000000044,100,1000,1,86.5093195438385,104.6445369720459,72.22461700439453,0,0,0,160
agnews-mxbai-1024-euclidean_PCA_0.9,ivf_faiss,71.02015975478652,85.13307571411133,59.034109115600586,0.9743800000000051,100,1000,1,71.03645038604736,87.310791015625,59.034109115600586,0,0,0,128
agnews-mxbai-1024-euclidean_PCA_0.9,ivf_faiss,55.42436829797021,67.34943389892578,44.745683670043945,0.9667000000000051,100,1000,1,55.4389283657074,69.98443603515625,44.745683670043945,0,0,0,96
agnews-mxbai-1024-euclidean_PCA_0.9,ivf_faiss,39.73205852219844,48.341989517211914,32.65118598937988,0.9529100000000053,100,1000,1,39.81554293632507,50.63319206237793,32.65118598937988,0,0,0,64
agnews-mxbai-1024-euclidean_PCA_0.9,ivf_faiss,31.873206957829563,39.12067413330078,26.157855987548828,0.940160000000004,100,1000,1,31.929768085479736,42.22750663757324,26.157855987548828,0,0,0,48
agnews-mxbai-1024-euclidean_PCA_0.9,ivf_faiss,23.994325024534405,29.282093048095703,19.422531127929688,0.9172700000000038,100,1000,1,24.064066886901855,32.16719627380371,19.422531127929688,0,0,0,32
agnews-mxbai-1024-euclidean_PCA_0.9,ivf_faiss,15.92509635546912,19.23084259033203,13.32998275756836,0.8647900000000023,100,1000,1,15.975600242614746,21.429061889648438,13.32998275756836,0,0,0,16
agnews-mxbai-1024-euclidean_PCA_0.9,ivf_faiss,11.847830444243554,13.970375061035156,10.114431381225586,0.7904700000000009,100,1000,1,11.871061563491821,15.479803085327148,10.114431381225586,0,0,0,8
agnews-mxbai-1024-euclidean_PCA_0.9,ivf_faiss,9.742721794097404,11.075019836425781,8.507728576660156,0.6964099999999998,100,1000,1,9.769264221191406,11.837005615234375,8.507728576660156,0,0,0,4
agnews-mxbai-1024-euclidean_PCA_0.9,ivf_faiss,8.692287275048553,9.552001953125,7.894992828369141,0.5782000000000003,100,1000,1,8.721527814865112,11.84844970703125,7.894992828369141,0,0,0,2
agnews-mxbai-1024-euclidean_PCA_0.8,ivf_faiss,227.2566623687744,251.66988372802734,201.7664909362793,0.991200000000005,100,1000,1,227.2566623687744,251.66988372802734,201.7664909362793,0,0,0,512
agnews-mxbai-1024-euclidean_PCA_0.8,ivf_faiss,118.13824892044067,136.918306350708,102.43391990661621,0.984750000000005,100,1000,1,118.13824892044067,136.918306350708,102.43391990661621,0,0,0,256
agnews-mxbai-1024-euclidean_PCA_0.8,ivf_faiss,76.75348173032651,90.9423828125,64.77093696594238,0.9778200000000065,100,1000,1,76.77022171020508,93.49346160888672,64.77093696594238,0,0,0,160
agnews-mxbai-1024-euclidean_PCA_0.8,ivf_faiss,63.03180015838898,75.103759765625,52.88243293762207,0.9730500000000062,100,1000,1,63.04689073562622,78.12237739562988,52.88243293762207,0,0,0,128
agnews-mxbai-1024-euclidean_PCA_0.8,ivf_faiss,49.185314493810004,59.48328971862793,39.05177116394043,0.9654500000000058,100,1000,1,49.20809245109558,60.86540222167969,39.05177116394043,0,0,0,96
agnews-mxbai-1024-euclidean_PCA_0.8,ivf_faiss,35.339408131488355,43.199777603149414,29.15334701538086,0.9513100000000055,100,1000,1,35.37418055534363,44.85630989074707,29.15334701538086,0,0,0,64
agnews-mxbai-1024-euclidean_PCA_0.8,ivf_faiss,28.32361338481922,34.75594520568848,23.613452911376953,0.939170000000005,100,1000,1,28.374366521835327,36.7732048034668,23.613452911376953,0,0,0,48
agnews-mxbai-1024-euclidean_PCA_0.8,ivf_faiss,21.307219125579557,25.836467742919922,17.720460891723633,0.9163000000000046,100,1000,1,21.378073692321777,28.24854850769043,17.720460891723633,0,0,0,32
agnews-mxbai-1024-euclidean_PCA_0.8,ivf_faiss,14.194145617697403,17.016172409057617,11.900663375854492,0.8642000000000024,100,1000,1,14.239938735961914,19.575119018554688,11.900663375854492,0,0,0,16
agnews-mxbai-1024-euclidean_PCA_0.8,ivf_faiss,10.560274606286214,12.372732162475586,9.035587310791016,0.7913500000000022,100,1000,1,10.58461880683899,13.829231262207031,9.035587310791016,0,0,0,8
agnews-mxbai-1024-euclidean_PCA_0.8,ivf_faiss,8.69182875102989,9.843111038208008,7.584810256958008,0.6966800000000005,100,1000,1,8.718687057495117,11.030197143554688,7.584810256958008,0,0,0,4
agnews-mxbai-1024-euclidean_PCA_0.8,ivf_faiss,7.730300553509446,8.486032485961914,7.027149200439453,0.5780400000000011,100,1000,1,7.755230188369751,9.476661682128906,7.027149200439453,0,0,0,2
agnews-mxbai-1024-euclidean_PCA_0.65,ivf_faiss,184.92395615577698,203.89056205749512,164.37172889709473,0.9861200000000082,100,1000,1,184.92395615577698,203.89056205749512,164.37172889709473,0,0,0,512
agnews-mxbai-1024-euclidean_PCA_0.65,ivf_faiss,96.0759871006012,111.70744895935059,82.84616470336914,0.9801100000000075,100,1000,1,96.0759871006012,111.70744895935059,82.84616470336914,0,0,0,256
agnews-mxbai-1024-euclidean_PCA_0.65,ivf_faiss,62.490208848222004,73.06909561157227,52.948713302612305,0.9735600000000083,100,1000,1,62.5031042098999,75.38557052612305,52.948713302612305,0,0,0,160
agnews-mxbai-1024-euclidean_PCA_0.65,ivf_faiss,51.23416916863458,61.85436248779297,42.894601821899414,0.9690300000000086,100,1000,1,51.24638867378235,63.45367431640625,42.894601821899414,0,0,0,128
agnews-mxbai-1024-euclidean_PCA_0.65,ivf_faiss,40.02775543312371,48.67053031921387,32.31668472290039,0.9619700000000077,100,1000,1,40.05505347251892,49.292564392089844,32.31668472290039,0,0,0,96
agnews-mxbai-1024-euclidean_PCA_0.65,ivf_faiss,28.67174557965211,34.86275672912598,23.733139038085938,0.9491600000000068,100,1000,1,28.73905873298645,36.48257255554199,23.733139038085938,0,0,0,64
agnews-mxbai-1024-euclidean_PCA_0.65,ivf_faiss,23.037048449549978,27.971506118774414,19.089698791503906,0.9374800000000058,100,1000,1,23.088228702545166,29.34885025024414,19.089698791503906,0,0,0,48
agnews-mxbai-1024-euclidean_PCA_0.65,ivf_faiss,17.32551058133443,21.09694480895996,14.403581619262695,0.9148900000000053,100,1000,1,17.39628314971924,22.84073829650879,14.403581619262695,0,0,0,32
agnews-mxbai-1024-euclidean_PCA_0.65,ivf_faiss,11.559947797815768,13.952970504760742,9.74893569946289,0.8630500000000025,100,1000,1,11.593883037567139,15.520095825195312,9.74893569946289,0,0,0,16
agnews-mxbai-1024-euclidean_PCA_0.65,ivf_faiss,8.594060425806527,10.01119613647461,7.441282272338867,0.790260000000001,100,1000,1,8.612543106079102,11.187314987182617,7.441282272338867,0,0,0,8
agnews-mxbai-1024-euclidean_PCA_0.65,ivf_faiss,7.1107393375595045,8.062601089477539,6.237983703613281,0.6956200000000005,100,1000,1,7.135810136795044,9.662866592407227,6.237983703613281,0,0,0,4
agnews-mxbai-1024-euclidean_PCA_0.65,ivf_faiss,6.311258488729793,6.911993026733398,5.773067474365234,0.5779500000000001,100,1000,1,6.324966907501221,7.400751113891602,5.773067474365234,0,0,0,2
agnews-mxbai-1024-euclidean_PCA_0.5,ivf_faiss,142.0446696281433,156.3248634338379,126.76811218261719,0.9738400000000117,100,1000,1,142.0446696281433,156.3248634338379,126.76811218261719,0,0,0,512
agnews-mxbai-1024-euclidean_PCA_0.5,ivf_faiss,76.00795459747314,90.11292457580566,64.15700912475586,0.9688300000000105,100,1000,1,76.00795459747314,90.11292457580566,64.15700912475586,0,0,0,256
agnews-mxbai-1024-euclidean_PCA_0.5,ivf_faiss,50.98136791118511,59.647560119628906,42.81139373779297,0.9630100000000101,100,1000,1,50.99280524253845,62.41869926452637,42.81139373779297,0,0,0,160
agnews-mxbai-1024-euclidean_PCA_0.5,ivf_faiss,39.99648319643508,48.1562614440918,33.26058387756348,0.9588200000000096,100,1000,1,40.05246591567993,50.72188377380371,33.26058387756348,0,0,0,128
agnews-mxbai-1024-euclidean_PCA_0.5,ivf_faiss,30.80494840581854,37.37163543701172,25.406837463378906,0.9525500000000096,100,1000,1,30.811882972717285,37.73951530456543,25.406837463378906,0,0,0,96
agnews-mxbai-1024-euclidean_PCA_0.5,ivf_faiss,22.119091310251648,26.935577392578125,18.182039260864258,0.9414200000000079,100,1000,1,22.150912284851074,28.24091911315918,18.182039260864258,0,0,0,64
agnews-mxbai-1024-euclidean_PCA_0.5,ivf_faiss,17.745387698957312,21.607637405395508,14.664173126220703,0.9304900000000063,100,1000,1,17.796181201934814,22.55558967590332,14.664173126220703,0,0,0,48
agnews-mxbai-1024-euclidean_PCA_0.5,ivf_faiss,13.383584337186088,16.309022903442383,11.010408401489258,0.9100500000000059,100,1000,1,13.435239553451538,17.76719093322754,11.010408401489258,0,0,0,32
agnews-mxbai-1024-euclidean_PCA_0.5,ivf_faiss,8.94181522621116,10.723590850830078,7.401704788208008,0.8600600000000027,100,1000,1,8.974421739578247,11.949539184570312,7.401704788208008,0,0,0,16
agnews-mxbai-1024-euclidean_PCA_0.5,ivf_faiss,6.661303741470538,7.751703262329102,5.715847015380859,0.789200000000002,100,1000,1,6.678884744644165,8.853912353515625,5.715847015380859,0,0,0,8
agnews-mxbai-1024-euclidean_PCA_0.5,ivf_faiss,5.501346132619594,6.194829940795898,4.852533340454102,0.6939400000000007,100,1000,1,5.516845464706421,7.623195648193359,4.852533340454102,0,0,0,4
agnews-mxbai-1024-euclidean_PCA_0.5,ivf_faiss,4.899803651582211,5.369424819946289,4.47392463684082,0.5736200000000006,100,1000,1,4.911039590835571,5.792379379272461,4.47392463684082,0,0,0,2
agnews-mxbai-1024-euclidean_PCA_0.3,ivf_faiss,85.5163791179657,95.92986106872559,75.29520988464355,0.9008100000000018,100,1000,1,85.5163791179657,95.92986106872559,75.29520988464355,0,0,0,512
agnews-mxbai-1024-euclidean_PCA_0.3,ivf_faiss,44.51541590690613,50.95624923706055,37.72473335266113,0.8980400000000014,100,1000,1,44.51541590690613,50.95624923706055,37.72473335266113,0,0,0,256
agnews-mxbai-1024-euclidean_PCA_0.3,ivf_faiss,28.968024969100952,34.37614440917969,24.122953414916992,0.8939200000000007,100,1000,1,28.968024969100952,34.37614440917969,24.122953414916992,0,0,0,160
agnews-mxbai-1024-euclidean_PCA_0.3,ivf_faiss,23.851877212524414,29.24203872680664,19.7296142578125,0.8915200000000012,100,1000,1,23.851877212524414,29.24203872680664,19.7296142578125,0,0,0,128
agnews-mxbai-1024-euclidean_PCA_0.3,ivf_faiss,18.630581455784398,22.65000343322754,15.457868576049805,0.8877900000000011,100,1000,1,18.63504648208618,23.09560775756836,15.457868576049805,0,0,0,96
agnews-mxbai-1024-euclidean_PCA_0.3,ivf_faiss,13.413899169417325,16.56794548034668,10.926008224487305,0.8807700000000009,100,1000,1,13.420326471328735,16.62755012512207,10.926008224487305,0,0,0,64
agnews-mxbai-1024-euclidean_PCA_0.3,ivf_faiss,10.880220332534652,13.496875762939453,8.825540542602539,0.873700000000001,100,1000,1,10.902098417282104,15.497446060180664,8.825540542602539,0,0,0,48
agnews-mxbai-1024-euclidean_PCA_0.3,ivf_faiss,8.143520258991076,10.047435760498047,6.556510925292969,0.8602600000000006,100,1000,1,8.162572145462036,10.550498962402344,6.556510925292969,0,0,0,32
agnews-mxbai-1024-euclidean_PCA_0.3,ivf_faiss,5.4466888489510845,6.604671478271484,4.534244537353516,0.8227000000000008,100,1000,1,5.46284556388855,7.22956657409668,4.534244537353516,0,0,0,16
agnews-mxbai-1024-euclidean_PCA_0.3,ivf_faiss,4.1334689326426135,4.857778549194336,3.522157669067383,0.7642900000000001,100,1000,1,4.144603490829468,6.484031677246094,3.522157669067383,0,0,0,8
agnews-mxbai-1024-euclidean_PCA_0.3,ivf_faiss,3.411658508316241,3.8652420043945312,3.0176639556884766,0.6830400000000003,100,1000,1,3.419055938720703,4.199981689453125,3.0176639556884766,0,0,0,4
agnews-mxbai-1024-euclidean_PCA_0.3,ivf_faiss,3.036384912712268,3.328084945678711,2.762317657470703,0.5658800000000005,100,1000,1,3.0435383319854736,3.5452842712402344,2.762317657470703,0,0,0,2
openai-1536-angular_PCA_0.9,ivf_faiss,448.9227189329679,491.63222312927246,406.2058925628662,0.9755400000000081,100,1000,1,449.01500964164734,495.56565284729004,406.2058925628662,0,0,0,512
openai-1536-angular_PCA_0.9,ivf_faiss,231.56062932067934,259.8273754119873,204.01549339294434,0.9563800000000071,100,1000,1,232.16296005249023,269.5186138153076,204.01549339294434,0,0,0,256
openai-1536-angular_PCA_0.9,ivf_faiss,149.84007560785497,170.1209545135498,129.83274459838867,0.9386300000000041,100,1000,1,150.57653212547302,180.29022216796875,126.23214721679688,0,0,0,160
openai-1536-angular_PCA_0.9,ivf_faiss,122.57373246144306,140.3675079345703,105.25703430175781,0.9281000000000043,100,1000,1,123.32969093322754,150.3152847290039,103.05213928222656,0,0,0,128
openai-1536-angular_PCA_0.9,ivf_faiss,95.4051311429209,110.9006404876709,80.5516242980957,0.9131200000000035,100,1000,1,96.04878854751587,118.76845359802246,79.08058166503906,0,0,0,96
openai-1536-angular_PCA_0.9,ivf_faiss,68.15684680859742,79.7119140625,56.98823928833008,0.8887300000000035,100,1000,1,68.5813090801239,87.56208419799805,55.68385124206543,0,0,0,64
openai-1536-angular_PCA_0.9,ivf_faiss,54.628231152585506,64.30602073669434,45.04132270812988,0.8702600000000033,100,1000,1,54.93014144897461,71.51412963867188,44.59857940673828,0,0,0,48
openai-1536-angular_PCA_0.9,ivf_faiss,40.917002837838325,48.28286170959473,33.62011909484863,0.8411200000000022,100,1000,1,41.06211066246033,55.28521537780762,31.762123107910156,0,0,0,32
openai-1536-angular_PCA_0.9,ivf_faiss,27.28071511710658,31.97503089904785,22.810935974121094,0.7832600000000025,100,1000,1,27.32996392250061,36.21983528137207,20.713090896606445,0,0,0,16
openai-1536-angular_PCA_0.9,ivf_faiss,20.204720584180727,23.64802360534668,16.902446746826172,0.7142700000000002,100,1000,1,20.245356798171997,25.493144989013672,16.654253005981445,0,0,0,8
openai-1536-angular_PCA_0.9,ivf_faiss,16.61491804277366,19.07944679260254,14.380216598510742,0.6280900000000005,100,1000,1,16.64932155609131,20.48468589782715,14.380216598510742,0,0,0,4
openai-1536-angular_PCA_0.9,ivf_faiss,14.983363267852038,16.829967498779297,13.439655303955078,0.5195600000000002,100,1000,1,15.023213148117065,19.182443618774414,13.439655303955078,0,0,0,2
openai-1536-angular_PCA_0.8,ivf_faiss,401.8414741060341,439.1970634460449,361.3448143005371,0.9697600000000106,100,1000,1,402.0195300579071,447.9484558105469,361.3448143005371,0,0,0,512
openai-1536-angular_PCA_0.8,ivf_faiss,206.62416405900254,231.28938674926758,181.38718605041504,0.9522300000000083,100,1000,1,206.96456789970398,238.55066299438477,178.97415161132812,0,0,0,256
openai-1536-angular_PCA_0.8,ivf_faiss,133.34730347738008,152.0252227783203,115.6916618347168,0.9352400000000056,100,1000,1,133.90787196159363,159.6686840057373,112.88285255432129,0,0,0,160
openai-1536-angular_PCA_0.8,ivf_faiss,109.20384916595015,124.53913688659668,93.67823600769043,0.9256200000000046,100,1000,1,109.76904654502869,133.47887992858887,92.21029281616211,0,0,0,128
openai-1536-angular_PCA_0.8,ivf_faiss,84.9642425775528,98.7398624420166,71.77591323852539,0.9105100000000039,100,1000,1,85.47306442260742,106.26530647277832,69.9763298034668,0,0,0,96
openai-1536-angular_PCA_0.8,ivf_faiss,60.61544314781907,70.98054885864258,50.371408462524414,0.886700000000004,100,1000,1,60.95222783088684,77.42166519165039,48.6299991607666,0,0,0,64
openai-1536-angular_PCA_0.8,ivf_faiss,48.63060864268756,57.27386474609375,40.10939598083496,0.8689000000000039,100,1000,1,48.84411644935608,62.2859001159668,38.29050064086914,0,0,0,48
openai-1536-angular_PCA_0.8,ivf_faiss,36.43476524236012,42.96445846557617,29.829025268554688,0.8398300000000023,100,1000,1,36.54733848571777,47.53589630126953,27.714967727661133,0,0,0,32
openai-1536-angular_PCA_0.8,ivf_faiss,24.35962407717768,28.578758239746094,19.921541213989258,0.7823100000000017,100,1000,1,24.378885746002197,33.901214599609375,18.527984619140625,0,0,0,16
openai-1536-angular_PCA_0.8,ivf_faiss,17.89962786894578,20.91240882873535,14.915227890014648,0.7122500000000009,100,1000,1,17.93275022506714,23.561954498291016,14.623403549194336,0,0,0,8
openai-1536-angular_PCA_0.8,ivf_faiss,14.770654252337925,16.811847686767578,12.814044952392578,0.6271500000000002,100,1000,1,14.810070276260376,17.93980598449707,12.814044952392578,0,0,0,4
openai-1536-angular_PCA_0.8,ivf_faiss,13.156155039211216,14.768362045288086,11.812448501586914,0.5205000000000013,100,1000,1,13.192097902297974,16.79253578186035,11.812448501586914,0,0,0,2
openai-1536-angular_PCA_0.65,ivf_faiss,323.3643601964544,353.3759117126465,295.2883243560791,0.9546300000000094,100,1000,1,323.39491844177246,353.92260551452637,295.2883243560791,0,0,0,512
openai-1536-angular_PCA_0.65,ivf_faiss,166.92333617983903,185.8506202697754,147.73845672607422,0.939840000000008,100,1000,1,167.32066321372986,196.1681842803955,143.95761489868164,0,0,0,256
openai-1536-angular_PCA_0.65,ivf_faiss,109.08210289936324,123.8090991973877,94.82049942016602,0.9245700000000046,100,1000,1,109.50006818771362,134.76228713989258,90.83151817321777,0,0,0,160
openai-1536-angular_PCA_0.65,ivf_faiss,93.86885749189712,107.38205909729004,80.99913597106934,0.9156600000000028,100,1000,1,94.35062193870544,114.8386001586914,76.85399055480957,0,0,0,128
openai-1536-angular_PCA_0.65,ivf_faiss,68.98640223203726,79.94771003723145,58.6543083190918,0.9019800000000032,100,1000,1,69.32220005989075,85.45160293579102,56.81586265563965,0,0,0,96
openai-1536-angular_PCA_0.65,ivf_faiss,49.16651821531371,57.51490592956543,40.94266891479492,0.8800700000000022,100,1000,1,49.46408820152283,63.93551826477051,40.52019119262695,0,0,0,64
openai-1536-angular_PCA_0.65,ivf_faiss,39.338106986803886,46.30470275878906,32.43374824523926,0.8626700000000036,100,1000,1,39.55381393432617,51.42927169799805,32.09662437438965,0,0,0,48
openai-1536-angular_PCA_0.65,ivf_faiss,29.632238673090082,35.15362739562988,24.33323860168457,0.8358500000000024,100,1000,1,29.72933292388916,38.45500946044922,23.475170135498047,0,0,0,32
openai-1536-angular_PCA_0.65,ivf_faiss,19.732676832988812,23.340702056884766,16.13616943359375,0.7794500000000023,100,1000,1,19.758370399475098,26.81112289428711,14.988183975219727,0,0,0,16
openai-1536-angular_PCA_0.65,ivf_faiss,14.629700689604789,17.133712768554688,12.116432189941406,0.7099500000000013,100,1000,1,14.641835689544678,17.937660217285156,11.752128601074219,0,0,0,8
openai-1536-angular_PCA_0.65,ivf_faiss,12.057291821264327,13.71622085571289,10.451555252075195,0.6265100000000005,100,1000,1,12.084213018417358,14.491796493530273,10.451555252075195,0,0,0,4
openai-1536-angular_PCA_0.65,ivf_faiss,10.712821592534254,11.950254440307617,9.664535522460938,0.5178400000000003,100,1000,1,10.738315105438232,13.191461563110352,9.664535522460938,0,0,0,2
openai-1536-angular_PCA_0.5,ivf_faiss,246.62409567832947,269.49191093444824,225.35252571105957,0.9268400000000029,100,1000,1,246.62409567832947,269.49191093444824,225.35252571105957,0,0,0,512
openai-1536-angular_PCA_0.5,ivf_faiss,127.53340532331903,142.6088809967041,113.14010620117188,0.914750000000002,100,1000,1,127.68407773971558,147.6919651031494,111.19437217712402,0,0,0,256
openai-1536-angular_PCA_0.5,ivf_faiss,82.40309299086341,93.37997436523438,71.59566879272461,0.9021200000000004,100,1000,1,82.77710032463074,98.39940071105957,69.1826343536377,0,0,0,160
openai-1536-angular_PCA_0.5,ivf_faiss,67.47187310413904,77.00943946838379,57.96408653259277,0.8945100000000002,100,1000,1,67.84072422981262,82.86595344543457,56.79917335510254,0,0,0,128
openai-1536-angular_PCA_0.5,ivf_faiss,52.543503826720304,60.7151985168457,44.70396041870117,0.8834300000000009,100,1000,1,52.86520195007324,65.49525260925293,43.98179054260254,0,0,0,96
openai-1536-angular_PCA_0.5,ivf_faiss,37.62836520007801,44.209957122802734,31.348228454589844,0.8633800000000015,100,1000,1,37.83415961265564,49.38483238220215,30.655622482299805,0,0,0,64
openai-1536-angular_PCA_0.5,ivf_faiss,30.05584219440085,35.45498847961426,25.176048278808594,0.8476300000000015,100,1000,1,30.208873987197876,38.98000717163086,23.78225326538086,0,0,0,48
openai-1536-angular_PCA_0.5,ivf_faiss,22.608197380743913,27.035951614379883,18.529176712036133,0.8240800000000001,100,1000,1,22.693350076675415,29.652833938598633,18.113136291503906,0,0,0,32
openai-1536-angular_PCA_0.5,ivf_faiss,15.135356531716754,17.852306365966797,12.399911880493164,0.7721900000000013,100,1000,1,15.15008282661438,20.824432373046875,11.524677276611328,0,0,0,16
openai-1536-angular_PCA_0.5,ivf_faiss,11.245798002853086,13.143777847290039,9.359121322631836,0.7063500000000005,100,1000,1,11.265901565551758,14.453649520874023,9.075641632080078,0,0,0,8
openai-1536-angular_PCA_0.5,ivf_faiss,9.279795780432092,10.55765151977539,8.019447326660156,0.6225400000000003,100,1000,1,9.294035911560059,11.194467544555664,8.019447326660156,0,0,0,4
openai-1536-angular_PCA_0.5,ivf_faiss,8.271696616192253,9.168624877929688,7.464408874511719,0.5162600000000004,100,1000,1,8.292855501174927,9.802103042602539,7.464408874511719,0,0,0,2
openai-1536-angular_PCA_0.3,ivf_faiss,146.85090717014012,160.25400161743164,133.52704048156738,0.8528099999999996,100,1000,1,146.86557936668396,161.52310371398926,133.52704048156738,0,0,0,512
openai-1536-angular_PCA_0.3,ivf_faiss,75.97105754049201,84.49840545654297,67.46840476989746,0.8446299999999992,100,1000,1,76.03511214256287,89.23006057739258,65.36221504211426,0,0,0,256
openai-1536-angular_PCA_0.3,ivf_faiss,49.28048606770729,55.79090118408203,42.78683662414551,0.8357499999999987,100,1000,1,49.383074045181274,58.41875076293945,41.512250900268555,0,0,0,160
openai-1536-angular_PCA_0.3,ivf_faiss,40.36031878043595,46.06437683105469,34.85560417175293,0.8303099999999992,100,1000,1,40.479074239730835,49.09992218017578,34.111976623535156,0,0,0,128
openai-1536-angular_PCA_0.3,ivf_faiss,31.43772839767784,36.511898040771484,26.450157165527344,0.8218499999999995,100,1000,1,31.559369564056396,38.4068489074707,26.162147521972656,0,0,0,96
openai-1536-angular_PCA_0.3,ivf_faiss,22.486847279137695,26.381492614746094,18.70584487915039,0.8073499999999992,100,1000,1,22.57236099243164,27.70233154296875,18.428802490234375,0,0,0,64
openai-1536-angular_PCA_0.3,ivf_faiss,18.062592775393757,21.24476432800293,15.038013458251953,0.79618,100,1000,1,18.138124465942383,22.92180061340332,14.742851257324219,0,0,0,48
openai-1536-angular_PCA_0.3,ivf_faiss,13.63923795792738,16.27945899963379,11.103391647338867,0.7774899999999991,100,1000,1,13.667272329330444,18.24331283569336,10.55455207824707,0,0,0,32
openai-1536-angular_PCA_0.3,ivf_faiss,9.09368830955833,10.641098022460938,7.591724395751953,0.7356999999999994,100,1000,1,9.109219551086426,11.817216873168945,7.026195526123047,0,0,0,16
openai-1536-angular_PCA_0.3,ivf_faiss,6.813354608489246,7.847070693969727,5.842447280883789,0.6801899999999985,100,1000,1,6.827756404876709,8.183956146240234,5.62596321105957,0,0,0,8
openai-1536-angular_PCA_0.3,ivf_faiss,5.665292594638573,6.387233734130859,4.93621826171875,0.6047399999999994,100,1000,1,5.676728248596191,7.058382034301758,4.930257797241211,0,0,0,4
openai-1536-angular_PCA_0.3,ivf_faiss,5.044911754533969,5.561113357543945,4.566669464111328,0.5074399999999998,100,1000,1,5.0589799880981445,6.015539169311523,4.566669464111328,0,0,0,2
celeba-resnet-2048-cosine_PCA_0.9,ivf_faiss,496.5615476050028,570.2874660491943,405.7126045227051,0.9960000000000031,100,1000,1,494.8889904022217,570.2874660491943,376.1012554168701,0,0,0,512
celeba-resnet-2048-cosine_PCA_0.9,ivf_faiss,266.11020391987216,332.7045440673828,170.29857635498047,0.9955000000000032,100,1000,1,265.30146741867065,332.7045440673828,159.73544120788574,0,0,0,256
celeba-resnet-2048-cosine_PCA_0.9,ivf_faiss,172.99665010965862,235.9905242919922,96.33779525756836,0.9934000000000037,100,1000,1,172.91969871520996,235.9905242919922,96.04525566101074,0,0,0,160
celeba-resnet-2048-cosine_PCA_0.9,ivf_faiss,140.88078022003174,196.65241241455078,76.19762420654297,0.991340000000004,100,1000,1,140.88078022003174,196.65241241455078,76.19762420654297,0,0,0,128
celeba-resnet-2048-cosine_PCA_0.9,ivf_faiss,108.02452898025513,156.27002716064453,53.80129814147949,0.9867500000000042,100,1000,1,108.02452898025513,156.27002716064453,53.80129814147949,0,0,0,96
celeba-resnet-2048-cosine_PCA_0.9,ivf_faiss,74.61587190628052,112.2581958770752,34.99913215637207,0.9757100000000046,100,1000,1,74.61587190628052,112.2581958770752,34.99913215637207,0,0,0,64
celeba-resnet-2048-cosine_PCA_0.9,ivf_faiss,57.51285123825073,89.74981307983398,27.14848518371582,0.9631700000000046,100,1000,1,57.51285123825073,89.74981307983398,27.14848518371582,0,0,0,48
celeba-resnet-2048-cosine_PCA_0.9,ivf_faiss,40.076055564918555,64.3000602722168,19.12522315979004,0.9332800000000046,100,1000,1,40.102145195007324,66.16568565368652,19.12522315979004,0,0,0,32
celeba-resnet-2048-cosine_PCA_0.9,ivf_faiss,22.279983070028486,36.01670265197754,10.458230972290039,0.8468600000000023,100,1000,1,22.35187029838562,38.41805458068848,10.458230972290039,0,0,0,16
celeba-resnet-2048-cosine_PCA_0.9,ivf_faiss,13.143662009576355,20.59793472290039,6.874799728393555,0.7170599999999997,100,1000,1,13.226360559463501,22.62139320373535,6.874799728393555,0,0,0,8
celeba-resnet-2048-cosine_PCA_0.9,ivf_faiss,8.517329368941995,12.446403503417969,5.255222320556641,0.5508400000000003,100,1000,1,8.617092609405518,14.155387878417969,5.255222320556641,0,0,0,4
celeba-resnet-2048-cosine_PCA_0.9,ivf_faiss,6.23065728928448,8.432149887084961,4.394054412841797,0.37368000000000007,100,1000,1,6.269503831863403,9.976863861083984,4.394054412841797,0,0,0,2
celeba-resnet-2048-cosine_PCA_0.8,ivf_faiss,441.15326436101964,511.03782653808594,360.6116771697998,0.9905000000000064,100,1000,1,439.5945451259613,511.03782653808594,335.1726531982422,0,0,0,512
celeba-resnet-2048-cosine_PCA_0.8,ivf_faiss,236.81679886844958,298.99024963378906,154.38151359558105,0.9900300000000064,100,1000,1,235.7484748363495,298.99024963378906,142.82631874084473,0,0,0,256
celeba-resnet-2048-cosine_PCA_0.8,ivf_faiss,155.69352817249012,217.43369102478027,86.84706687927246,0.9882900000000068,100,1000,1,155.62293815612793,217.43369102478027,85.10351181030273,0,0,0,160
celeba-resnet-2048-cosine_PCA_0.8,ivf_faiss,125.16519832611084,182.63602256774902,66.16663932800293,0.9865000000000068,100,1000,1,125.16519832611084,182.63602256774902,66.16663932800293,0,0,0,128
celeba-resnet-2048-cosine_PCA_0.8,ivf_faiss,95.91603875160217,137.97616958618164,47.95360565185547,0.9825000000000068,100,1000,1,95.91603875160217,137.97616958618164,47.95360565185547,0,0,0,96
celeba-resnet-2048-cosine_PCA_0.8,ivf_faiss,66.32219362258911,103.48057746887207,31.90159797668457,0.9725700000000067,100,1000,1,66.32219362258911,103.48057746887207,31.90159797668457,0,0,0,64
celeba-resnet-2048-cosine_PCA_0.8,ivf_faiss,51.1860568523407,79.47969436645508,24.4901180267334,0.9605600000000062,100,1000,1,51.1860568523407,79.47969436645508,24.4901180267334,0,0,0,48
celeba-resnet-2048-cosine_PCA_0.8,ivf_faiss,35.680728393035366,56.79798126220703,17.03643798828125,0.9320600000000054,100,1000,1,35.70287013053894,57.822465896606445,17.03643798828125,0,0,0,32
celeba-resnet-2048-cosine_PCA_0.8,ivf_faiss,19.811328028289363,31.89849853515625,9.443998336791992,0.8461700000000041,100,1000,1,19.888307094573975,34.10792350769043,9.443998336791992,0,0,0,16
celeba-resnet-2048-cosine_PCA_0.8,ivf_faiss,11.703355767862584,18.354177474975586,6.24847412109375,0.7171700000000001,100,1000,1,11.822147130966187,20.734071731567383,6.24847412109375,0,0,0,8
celeba-resnet-2048-cosine_PCA_0.8,ivf_faiss,7.633871934851822,11.183023452758789,4.828214645385742,0.5506200000000007,100,1000,1,7.721426963806152,12.778520584106445,4.828214645385742,0,0,0,4
celeba-resnet-2048-cosine_PCA_0.8,ivf_faiss,5.578179006760123,7.55620002746582,4.013299942016602,0.3770299999999995,100,1000,1,5.6116859912872314,8.991241455078125,4.013299942016602,0,0,0,2
celeba-resnet-2048-cosine_PCA_0.65,ivf_faiss,358.7205986666485,413.1343364715576,293.623685836792,0.9782000000000114,100,1000,1,357.54253911972046,413.1343364715576,274.2571830749512,0,0,0,512
celeba-resnet-2048-cosine_PCA_0.65,ivf_faiss,192.54942369412845,238.71231079101562,126.99246406555176,0.9778600000000112,100,1000,1,191.76603770256042,238.71231079101562,117.79236793518066,0,0,0,256
celeba-resnet-2048-cosine_PCA_0.65,ivf_faiss,124.85520839691162,165.35663604736328,69.3964958190918,0.9766200000000107,100,1000,1,124.85520839691162,165.35663604736328,69.3964958190918,0,0,0,160
celeba-resnet-2048-cosine_PCA_0.65,ivf_faiss,101.77023553848267,140.86532592773438,54.1837215423584,0.9752100000000106,100,1000,1,101.77023553848267,140.86532592773438,54.1837215423584,0,0,0,128
celeba-resnet-2048-cosine_PCA_0.65,ivf_faiss,77.99209475517273,113.42906951904297,39.38722610473633,0.9719800000000101,100,1000,1,77.99209475517273,113.42906951904297,39.38722610473633,0,0,0,96
celeba-resnet-2048-cosine_PCA_0.65,ivf_faiss,53.93877935409546,81.04157447814941,26.814937591552734,0.9634100000000089,100,1000,1,53.93877935409546,81.04157447814941,26.814937591552734,0,0,0,64
celeba-resnet-2048-cosine_PCA_0.65,ivf_faiss,41.56857705116272,65.35005569458008,19.919395446777344,0.9532300000000086,100,1000,1,41.56857705116272,65.35005569458008,19.919395446777344,0,0,0,48
celeba-resnet-2048-cosine_PCA_0.65,ivf_faiss,28.969699078732663,45.91703414916992,14.066457748413086,0.9278800000000068,100,1000,1,28.987202882766724,46.47350311279297,14.066457748413086,0,0,0,32
celeba-resnet-2048-cosine_PCA_0.65,ivf_faiss,16.087689873208493,25.943994522094727,7.564306259155273,0.8459500000000034,100,1000,1,16.12103271484375,27.692556381225586,7.564306259155273,0,0,0,16
celeba-resnet-2048-cosine_PCA_0.65,ivf_faiss,9.508433877205363,14.651298522949219,5.063295364379883,0.7161100000000012,100,1000,1,9.6249840259552,16.391754150390625,5.063295364379883,0,0,0,8
celeba-resnet-2048-cosine_PCA_0.65,ivf_faiss,6.180536783583455,8.99648666381836,3.8950443267822266,0.5491900000000002,100,1000,1,6.25851845741272,10.31041145324707,3.8950443267822266,0,0,0,4
celeba-resnet-2048-cosine_PCA_0.65,ivf_faiss,4.542042327121021,6.099462509155273,3.236055374145508,0.37641999999999975,100,1000,1,4.574127674102783,7.469654083251953,3.236055374145508,0,0,0,2
celeba-resnet-2048-cosine_PCA_0.5,ivf_faiss,275.21459406953517,314.46075439453125,226.3040542602539,0.9602200000000114,100,1000,1,274.33881998062134,314.46075439453125,213.9604091644287,0,0,0,512
celeba-resnet-2048-cosine_PCA_0.5,ivf_faiss,147.89221573647401,182.02853202819824,97.83673286437988,0.9599200000000113,100,1000,1,147.30117058753967,182.02853202819824,91.67838096618652,0,0,0,256
celeba-resnet-2048-cosine_PCA_0.5,ivf_faiss,95.83119794951013,127.2425651550293,55.64093589782715,0.958900000000011,100,1000,1,95.62476944923401,127.2425651550293,53.7867546081543,0,0,0,160
celeba-resnet-2048-cosine_PCA_0.5,ivf_faiss,77.91944718360901,107.40971565246582,42.4802303314209,0.9576800000000109,100,1000,1,77.91944718360901,107.40971565246582,42.4802303314209,0,0,0,128
celeba-resnet-2048-cosine_PCA_0.5,ivf_faiss,59.74484825134277,85.54720878601074,30.768632888793945,0.9552300000000109,100,1000,1,59.74484825134277,85.54720878601074,30.768632888793945,0,0,0,96
celeba-resnet-2048-cosine_PCA_0.5,ivf_faiss,41.2865149974823,60.34994125366211,20.037412643432617,0.9486400000000104,100,1000,1,41.2865149974823,60.34994125366211,20.037412643432617,0,0,0,64
celeba-resnet-2048-cosine_PCA_0.5,ivf_faiss,31.85014295578003,48.52747917175293,15.301227569580078,0.9398800000000093,100,1000,1,31.85014295578003,48.52747917175293,15.301227569580078,0,0,0,48
celeba-resnet-2048-cosine_PCA_0.5,ivf_faiss,22.244327545166016,35.46547889709473,11.173248291015625,0.9167300000000065,100,1000,1,22.244327545166016,35.46547889709473,11.173248291015625,0,0,0,32
celeba-resnet-2048-cosine_PCA_0.5,ivf_faiss,12.332855514649298,19.670963287353516,6.014347076416016,0.8400100000000029,100,1000,1,12.386632919311523,20.926713943481445,6.014347076416016,0,0,0,16
celeba-resnet-2048-cosine_PCA_0.5,ivf_faiss,7.310563362152533,11.260509490966797,3.9217472076416016,0.7135600000000003,100,1000,1,7.374462842941284,12.792825698852539,3.9217472076416016,0,0,0,8
celeba-resnet-2048-cosine_PCA_0.5,ivf_faiss,4.781716196571147,6.952524185180664,3.1032562255859375,0.5459200000000006,100,1000,1,4.838473796844482,8.285999298095703,3.1032562255859375,0,0,0,4
celeba-resnet-2048-cosine_PCA_0.5,ivf_faiss,3.513703521060361,4.694700241088867,2.5022029876708984,0.37418000000000007,100,1000,1,3.5391299724578857,5.512714385986328,2.5022029876708984,0,0,0,2
celeba-resnet-2048-cosine_PCA_0.3,ivf_faiss,164.869879136533,190.5531883239746,135.42580604553223,0.9162200000000014,100,1000,1,164.58067274093628,190.5531883239746,129.79888916015625,0,0,0,512
celeba-resnet-2048-cosine_PCA_0.3,ivf_faiss,87.7228810126523,111.35172843933105,58.049917221069336,0.9160600000000013,100,1000,1,87.6002037525177,111.35172843933105,56.57076835632324,0,0,0,256
celeba-resnet-2048-cosine_PCA_0.3,ivf_faiss,57.006693840026855,76.29060745239258,33.45942497253418,0.9153200000000015,100,1000,1,57.006693840026855,76.29060745239258,33.45942497253418,0,0,0,160
celeba-resnet-2048-cosine_PCA_0.3,ivf_faiss,46.450862646102905,64.75329399108887,26.319026947021484,0.9143500000000017,100,1000,1,46.450862646102905,64.75329399108887,26.319026947021484,0,0,0,128
celeba-resnet-2048-cosine_PCA_0.3,ivf_faiss,35.67677021026611,51.073312759399414,19.42586898803711,0.9122900000000019,100,1000,1,35.67677021026611,51.073312759399414,19.42586898803711,0,0,0,96
celeba-resnet-2048-cosine_PCA_0.3,ivf_faiss,24.71824812889099,38.08140754699707,12.637615203857422,0.9069700000000014,100,1000,1,24.71824812889099,38.08140754699707,12.637615203857422,0,0,0,64
celeba-resnet-2048-cosine_PCA_0.3,ivf_faiss,19.118262767791748,29.093503952026367,9.89532470703125,0.9005200000000002,100,1000,1,19.118262767791748,29.093503952026367,9.89532470703125,0,0,0,48
celeba-resnet-2048-cosine_PCA_0.3,ivf_faiss,13.367263165799466,20.751953125,6.896734237670898,0.8837000000000003,100,1000,1,13.374994039535522,21.09813690185547,6.896734237670898,0,0,0,32
celeba-resnet-2048-cosine_PCA_0.3,ivf_faiss,7.538316225764727,11.696815490722656,3.9560794830322266,0.8200900000000007,100,1000,1,7.582672119140625,12.583732604980469,3.9560794830322266,0,0,0,16
celeba-resnet-2048-cosine_PCA_0.3,ivf_faiss,4.515583150413382,6.893396377563477,2.5763511657714844,0.7034300000000008,100,1000,1,4.550314903259277,7.602691650390625,2.5763511657714844,0,0,0,8
celeba-resnet-2048-cosine_PCA_0.3,ivf_faiss,3.0068867060602926,4.296064376831055,2.0716190338134766,0.5443100000000003,100,1000,1,3.0376060009002686,4.828691482543945,2.0716190338134766,0,0,0,4
celeba-resnet-2048-cosine_PCA_0.3,ivf_faiss,2.24360914677078,2.9599666595458984,1.6551017761230469,0.3737900000000002,100,1000,1,2.258814811706543,3.4296512603759766,1.6551017761230469,0,0,0,2
simplewiki-openai-3072-normalized_PCA_0.9,ivf_faiss,454.5075544962535,498.16322326660156,395.9982395172119,0.9890000000000043,100,1000,1,454.57286834716797,519.8214054107666,395.9982395172119,0,0,0,512
simplewiki-openai-3072-normalized_PCA_0.9,ivf_faiss,236.77013993263245,271.6073989868164,202.1036148071289,0.9790300000000058,100,1000,1,236.77013993263245,271.6073989868164,202.1036148071289,0,0,0,256
simplewiki-openai-3072-normalized_PCA_0.9,ivf_faiss,153.75590467453003,183.91776084899902,127.47955322265625,0.968520000000005,100,1000,1,153.75590467453003,183.91776084899902,127.47955322265625,0,0,0,160
simplewiki-openai-3072-normalized_PCA_0.9,ivf_faiss,127.53979078642242,154.68096733093262,104.38728332519531,0.9623500000000056,100,1000,1,127.57000875473022,157.75775909423828,104.38728332519531,0,0,0,128
simplewiki-openai-3072-normalized_PCA_0.9,ivf_faiss,98.15019788362929,118.42107772827148,78.69172096252441,0.9526000000000049,100,1000,1,98.54041981697083,125.38719177246094,76.81059837341309,0,0,0,96
simplewiki-openai-3072-normalized_PCA_0.9,ivf_faiss,69.96377366455896,85.98589897155762,55.171966552734375,0.9349300000000049,100,1000,1,70.51809072494507,94.60997581481934,55.171966552734375,0,0,0,64
simplewiki-openai-3072-normalized_PCA_0.9,ivf_faiss,55.99855764061672,69.34952735900879,43.91980171203613,0.9210200000000043,100,1000,1,56.44709062576294,77.76403427124023,43.91980171203613,0,0,0,48
simplewiki-openai-3072-normalized_PCA_0.9,ivf_faiss,41.94390712514566,51.86319351196289,32.75418281555176,0.8971100000000041,100,1000,1,42.256237506866455,58.55751037597656,31.332731246948242,0,0,0,32
simplewiki-openai-3072-normalized_PCA_0.9,ivf_faiss,27.726188469127536,34.33799743652344,21.22211456298828,0.8465100000000028,100,1000,1,27.868520736694336,40.21310806274414,20.06220817565918,0,0,0,16
simplewiki-openai-3072-normalized_PCA_0.9,ivf_faiss,20.572604444937976,24.645328521728516,16.93582534790039,0.7757400000000017,100,1000,1,20.65994691848755,28.119564056396484,16.93582534790039,0,0,0,8
simplewiki-openai-3072-normalized_PCA_0.9,ivf_faiss,16.928622866310064,19.70505714416504,14.506101608276367,0.6800600000000012,100,1000,1,17.004250049591064,22.61519432067871,14.506101608276367,0,0,0,4
simplewiki-openai-3072-normalized_PCA_0.9,ivf_faiss,15.091409488600128,16.91126823425293,13.661623001098633,0.5576400000000002,100,1000,1,15.138289213180542,18.502235412597656,13.661623001098633,0,0,0,2
simplewiki-openai-3072-normalized_PCA_0.8,ivf_faiss,403.59489600341004,439.51416015625,356.84919357299805,0.9867400000000057,100,1000,1,403.65145111083984,460.15000343322754,356.84919357299805,0,0,0,512
simplewiki-openai-3072-normalized_PCA_0.8,ivf_faiss,210.37562131881714,244.10271644592285,180.60636520385742,0.9774200000000068,100,1000,1,210.37562131881714,244.10271644592285,180.60636520385742,0,0,0,256
simplewiki-openai-3072-normalized_PCA_0.8,ivf_faiss,136.56324934959412,162.99676895141602,114.4559383392334,0.967140000000006,100,1000,1,136.56324934959412,162.99676895141602,114.4559383392334,0,0,0,160
simplewiki-openai-3072-normalized_PCA_0.8,ivf_faiss,112.1008141040802,135.68496704101562,90.11125564575195,0.9612200000000065,100,1000,1,112.1008141040802,135.68496704101562,90.11125564575195,0,0,0,128
simplewiki-openai-3072-normalized_PCA_0.8,ivf_faiss,87.42577307152025,106.2164306640625,70.88828086853027,0.9517200000000056,100,1000,1,87.59829092025757,111.76657676696777,68.1772232055664,0,0,0,96
simplewiki-openai-3072-normalized_PCA_0.8,ivf_faiss,62.15320437197082,76.24053955078125,48.31576347351074,0.9346000000000056,100,1000,1,62.60941815376282,82.4284553527832,48.31576347351074,0,0,0,64
simplewiki-openai-3072-normalized_PCA_0.8,ivf_faiss,49.790126005316424,61.83671951293945,39.183855056762695,0.921140000000005,100,1000,1,50.24514055252075,69.38600540161133,39.183855056762695,0,0,0,48
simplewiki-openai-3072-normalized_PCA_0.8,ivf_faiss,37.30181583161217,46.244144439697266,28.63764762878418,0.8975900000000044,100,1000,1,37.60324144363403,52.61373519897461,27.758121490478516,0,0,0,32
simplewiki-openai-3072-normalized_PCA_0.8,ivf_faiss,24.689794926161177,30.628442764282227,19.279003143310547,0.8473600000000027,100,1000,1,24.819027423858643,36.72337532043457,18.267393112182617,0,0,0,16
simplewiki-openai-3072-normalized_PCA_0.8,ivf_faiss,18.367302393476248,22.12977409362793,14.960050582885742,0.7763300000000013,100,1000,1,18.459933519363403,25.332212448120117,14.960050582885742,0,0,0,8
simplewiki-openai-3072-normalized_PCA_0.8,ivf_faiss,15.161133007525423,17.711639404296875,12.958765029907227,0.6796200000000006,100,1000,1,15.23308801651001,19.7751522064209,12.958765029907227,0,0,0,4
simplewiki-openai-3072-normalized_PCA_0.8,ivf_faiss,13.481452605874864,15.069961547851562,12.169837951660156,0.5586000000000003,100,1000,1,13.518391370773315,16.394615173339844,12.169837951660156,0,0,0,2
simplewiki-openai-3072-normalized_PCA_0.65,ivf_faiss,329.2182240486145,364.49337005615234,290.25769233703613,0.9795900000000093,100,1000,1,329.2182240486145,364.49337005615234,290.25769233703613,0,0,0,512
simplewiki-openai-3072-normalized_PCA_0.65,ivf_faiss,170.31241703033447,192.51441955566406,145.5707550048828,0.9714800000000096,100,1000,1,170.31241703033447,192.51441955566406,145.5707550048828,0,0,0,256
simplewiki-openai-3072-normalized_PCA_0.65,ivf_faiss,110.60823464393616,133.44860076904297,92.14067459106445,0.9623700000000085,100,1000,1,110.60823464393616,133.44860076904297,92.14067459106445,0,0,0,160
simplewiki-openai-3072-normalized_PCA_0.65,ivf_faiss,90.65851148542342,108.42442512512207,74.16319847106934,0.9568400000000087,100,1000,1,90.67768597602844,109.8330020904541,74.16319847106934,0,0,0,128
simplewiki-openai-3072-normalized_PCA_0.65,ivf_faiss,70.7832779961559,85.75987815856934,57.52444267272949,0.9477400000000071,100,1000,1,70.9180428981781,88.775634765625,55.17172813415527,0,0,0,96
simplewiki-openai-3072-normalized_PCA_0.65,ivf_faiss,50.30911779895271,61.75637245178223,39.3521785736084,0.9316500000000065,100,1000,1,50.69081711769104,67.52562522888184,38.65218162536621,0,0,0,64
simplewiki-openai-3072-normalized_PCA_0.65,ivf_faiss,40.25778554594566,49.729347229003906,31.57520294189453,0.9180900000000062,100,1000,1,40.57280969619751,57.85369873046875,29.520511627197266,0,0,0,48
simplewiki-openai-3072-normalized_PCA_0.65,ivf_faiss,30.15423676906488,37.264108657836914,23.19788932800293,0.8954200000000051,100,1000,1,30.398702144622803,43.63536834716797,23.19788932800293,0,0,0,32
simplewiki-openai-3072-normalized_PCA_0.65,ivf_faiss,20.07016877475384,24.85513687133789,15.393733978271484,0.845740000000003,100,1000,1,20.189533710479736,29.292821884155273,15.030622482299805,0,0,0,16
simplewiki-openai-3072-normalized_PCA_0.65,ivf_faiss,14.89595535698287,17.917394638061523,12.179851531982422,0.7754600000000013,100,1000,1,14.97225046157837,20.552396774291992,12.179851531982422,0,0,0,8
simplewiki-openai-3072-normalized_PCA_0.65,ivf_faiss,12.207500758718272,14.163017272949219,10.331869125366211,0.6787400000000007,100,1000,1,12.268804788589478,15.934228897094727,10.331869125366211,0,0,0,4
simplewiki-openai-3072-normalized_PCA_0.65,ivf_faiss,10.968578565873342,12.323856353759766,9.816884994506836,0.5575600000000001,100,1000,1,10.999178409576416,13.186454772949219,9.816884994506836,0,0,0,2
simplewiki-openai-3072-normalized_PCA_0.5,ivf_faiss,250.42846109774018,276.4546871185303,219.03681755065918,0.9660200000000131,100,1000,1,250.46119379997253,283.1611633300781,219.03681755065918,0,0,0,512
simplewiki-openai-3072-normalized_PCA_0.5,ivf_faiss,130.7940583229065,148.61655235290527,113.46054077148438,0.959270000000012,100,1000,1,130.7940583229065,148.61655235290527,113.46054077148438,0,0,0,256
simplewiki-openai-3072-normalized_PCA_0.5,ivf_faiss,84.96637530512996,101.7141342163086,71.38991355895996,0.9512500000000106,100,1000,1,84.98411130905151,102.70237922668457,71.38991355895996,0,0,0,160
simplewiki-openai-3072-normalized_PCA_0.5,ivf_faiss,69.6818159002,84.09571647644043,56.510210037231445,0.946650000000009,100,1000,1,69.72851634025574,86.31730079650879,56.510210037231445,0,0,0,128
simplewiki-openai-3072-normalized_PCA_0.5,ivf_faiss,54.23663143247762,65.3066635131836,43.28131675720215,0.938850000000007,100,1000,1,54.516727924346924,71.44427299499512,42.948007583618164,0,0,0,96
simplewiki-openai-3072-normalized_PCA_0.5,ivf_faiss,38.588690012693405,46.85020446777344,30.866146087646484,0.9243800000000059,100,1000,1,38.99390745162964,52.39129066467285,29.58512306213379,0,0,0,64
simplewiki-openai-3072-normalized_PCA_0.5,ivf_faiss,30.89775004243306,38.31791877746582,23.983478546142578,0.9120500000000062,100,1000,1,31.247743844985962,43.94888877868652,23.983478546142578,0,0,0,48
simplewiki-openai-3072-normalized_PCA_0.5,ivf_faiss,23.173736111802686,28.565406799316406,18.103837966918945,0.8908700000000043,100,1000,1,23.432429790496826,32.99355506896973,17.666101455688477,0,0,0,32
simplewiki-openai-3072-normalized_PCA_0.5,ivf_faiss,15.454327925932931,19.068002700805664,11.85154914855957,0.8429200000000028,100,1000,1,15.55247187614441,23.421049118041992,11.374950408935547,0,0,0,16
simplewiki-openai-3072-normalized_PCA_0.5,ivf_faiss,11.481434319483517,13.783693313598633,9.35506820678711,0.7737000000000022,100,1000,1,11.543622493743896,16.824722290039062,9.35506820678711,0,0,0,8
simplewiki-openai-3072-normalized_PCA_0.5,ivf_faiss,9.475026252942207,10.956525802612305,8.089542388916016,0.6773700000000014,100,1000,1,9.521461486816406,12.55655288696289,8.089542388916016,0,0,0,4
simplewiki-openai-3072-normalized_PCA_0.5,ivf_faiss,8.52285195557631,9.564876556396484,7.684230804443359,0.5567700000000001,100,1000,1,8.539750576019287,10.009288787841797,7.684230804443359,0,0,0,2
simplewiki-openai-3072-normalized_PCA_0.3,ivf_faiss,149.22531947001323,165.13705253601074,134.34171676635742,0.9208000000000003,100,1000,1,149.20660758018494,165.13705253601074,130.51342964172363,0,0,0,512
simplewiki-openai-3072-normalized_PCA_0.3,ivf_faiss,82.92379608383408,94.86126899719238,69.2756175994873,0.9160499999999996,100,1000,1,82.93879628181458,97.92399406433105,69.2756175994873,0,0,0,256
simplewiki-openai-3072-normalized_PCA_0.3,ivf_faiss,52.011425715373704,62.30306625366211,42.70625114440918,0.9103100000000001,100,1000,1,52.060330390930176,65.18316268920898,42.70625114440918,0,0,0,160
simplewiki-openai-3072-normalized_PCA_0.3,ivf_faiss,41.56645945071207,49.29542541503906,33.54382514953613,0.9070500000000001,100,1000,1,41.67308712005615,52.61588096618652,33.31351280212402,0,0,0,128
simplewiki-openai-3072-normalized_PCA_0.3,ivf_faiss,32.39257949021842,38.99741172790527,26.467084884643555,0.9009700000000013,100,1000,1,32.6562180519104,42.90127754211426,25.838613510131836,0,0,0,96
simplewiki-openai-3072-normalized_PCA_0.3,ivf_faiss,23.11956459395821,28.133153915405273,18.258094787597656,0.8900800000000014,100,1000,1,23.401424169540405,31.65125846862793,18.258094787597656,0,0,0,64
simplewiki-openai-3072-normalized_PCA_0.3,ivf_faiss,18.53324131191713,22.673368453979492,14.82391357421875,0.8807300000000003,100,1000,1,18.77492904663086,26.285409927368164,13.711690902709961,0,0,0,48
simplewiki-openai-3072-normalized_PCA_0.3,ivf_faiss,14.004814094693362,17.27604866027832,11.016845703125,0.86343,100,1000,1,14.13957953453064,19.73724365234375,10.561704635620117,0,0,0,32
simplewiki-openai-3072-normalized_PCA_0.3,ivf_faiss,9.276931244116488,11.400222778320312,7.5531005859375,0.82374,100,1000,1,9.341030836105347,13.922691345214844,6.844043731689453,0,0,0,16
simplewiki-openai-3072-normalized_PCA_0.3,ivf_faiss,7.000668438113466,8.420944213867188,5.756139755249023,0.7619600000000006,100,1000,1,7.037376880645752,9.70149040222168,5.756139755249023,0,0,0,8
simplewiki-openai-3072-normalized_PCA_0.3,ivf_faiss,5.752751240326021,6.623744964599609,4.9686431884765625,0.671670000000001,100,1000,1,5.777390003204346,7.454872131347656,4.9686431884765625,0,0,0,4
simplewiki-openai-3072-normalized_PCA_0.3,ivf_faiss,5.159199664878259,5.796194076538086,4.635334014892578,0.5528499999999997,100,1000,1,5.177002906799316,6.436347961425781,4.635334014892578,0,0,0,2
